id,nombre,tipo,comuna,barrio,longitud_m,geometria_wkt
10650,"PERON, JUAN DOMINGO, TTE. GENERAL",Ciclovías mano única,1,San Nicolas,52.98,"LINESTRING (-58.3802625790606 -34.60605608516321, -58.38069531139327 -34.60607701299656, -58.38083915848382 -34.60608358926493)"
14588,RINCON,Ciclovías,3,San Cristobal,118.72,"LINESTRING (-58.395928300929576 -34.61956183463126, -58.39591782883968 -34.61966028073997, -58.395808265065234 -34.62062734443633)"
2235,"FIGUEROA ALCORTA, PRES. AV.",Ciclovías,14,Palermo,88.27,"LINESTRING (-58.42337067154399 -34.562678856054404, -58.42357590629876 -34.56240753617473, -58.42372484007852 -34.56223357660537, -58.42390464227646 -34.56201732505123)"
32401,DEL LIBERTADOR AV.,Ciclovías,14,Palermo,174.07,"LINESTRING (-58.413161479160635 -34.57579669686849, -58.41370938726835 -34.57535589896259, -58.414395860714755 -34.57501749088829, -58.41463133295556 -34.57482212162811)"
14804,"CEVALLOS, VIRREY",Ciclovías,1,Constitucion,148.33,"LINESTRING (-58.38884143804591 -34.62005152362587, -58.388829262390715 -34.620235743743216, -58.388744837151386 -34.62138619872847)"
17058,BOLIVAR,Ciclovías,4,Barracas,18.81,"LINESTRING (-58.372030538358516 -34.62926788226507, -58.371986055831655 -34.62943341405067)"
6841,FRENCH,Ciclovías,2,Recoleta,113.17,"LINESTRING (-58.40088806969391 -34.589879604098506, -58.40189647387159 -34.589292147868136)"
17020,"BLANES, JUAN MANUEL",Ciclovías,4,La Boca,103.99,"LINESTRING (-58.359943091437 -34.62854837227924, -58.360650490391315 -34.62928101937719)"
7825,ARENALES,Ciclovías,2,Recoleta,117.05,"LINESTRING (-58.3872937790394 -34.59464394521585, -58.38744041195993 -34.594656290176815, -58.38846256359619 -34.594672344099436, -58.38856866910028 -34.59467557819012)"
5268,GODOY CRUZ,Ciclovías,14,Palermo,139.77,"LINESTRING (-58.42889126932933 -34.58280748830656, -58.427997655757196 -34.58178707348349)"
32400,DEL LIBERTADOR AV.,Ciclovías,14,Palermo,250.94,"LINESTRING (-58.413161479160635 -34.57579669686849, -58.41343218599782 -34.57600572222287, -58.414762556685446 -34.57541892552351, -58.41484544767245 -34.575436846164806, -58.41495645133545 -34.57545775910172, -58.415091980979504 -34.575450656791816, -58.41515542662002 -34.57543637102879, -58.41524739657545 -34.57541912816006, -58.41557610912088 -34.57554308242817)"
9556,TUCUMAN,Ciclovías,1,San Nicolas,36.99,"LINESTRING (-58.3909001167731 -34.601888785982624, -58.39116905862251 -34.60190528353649, -58.39130233786311 -34.601912827152105)"
9796,"MOREAU DE JUSTO, ALICIA AV.",Ciclovías,1,Puerto Madero,122.41,"LINESTRING (-58.367363596196874 -34.60166960214689, -58.36723907545113 -34.6027682304699)"
8802,CORDOBA AV.,Ciclovías mano única,1,Retiro,39.69,"LINESTRING (-58.38209271744201 -34.59906946729082, -58.38252464835826 -34.59908954301711)"
20969,QUILMES,Ciclovías,4,Nueva Pompeya,127.44,"LINESTRING (-58.41794889415632 -34.64191484586334, -58.417888700910524 -34.64213855776237, -58.417646559844336 -34.64303615096719)"
19214,RONDEAU,Ciclovías,4,Parque Patricios,168.77,"LINESTRING (-58.40914406034333 -34.63667331975281, -58.40930336252637 -34.63671317948915, -58.41092966579978 -34.63704170862011)"
22442,QUILMES,Ciclovías,4,Nueva Pompeya,62.33,"LINESTRING (-58.41741991731151 -34.64734504397737, -58.4174295778085 -34.6479068828576)"
31866,GODOY CRUZ,Ciclovías,14,Palermo,72.65,"LINESTRING (-58.43064020227634 -34.58480359438891, -58.430175302671465 -34.584273504040894)"
29710,"ROLDAN, BELISARIO AV.",Ciclovías,14,Palermo,18.25,"LINESTRING (-58.41789762070706 -34.566582767755335, -58.41796079949435 -34.56673874325249)"
3114,"GARCIA, TEODORO",Ciclovías,14,Palermo,189.2,"LINESTRING (-58.444445161406165 -34.56820080760357, -58.44570628191435 -34.56955003784114)"
14513,"CALVO, CARLOS",Ciclovías,3,San Cristobal,153.29,"LINESTRING (-58.39162590750209 -34.62022340471038, -58.39185623600527 -34.62023811746066, -58.3930943224295 -34.62031718275204, -58.393133451557425 -34.62033986013431, -58.39316849884358 -34.620461205537126)"
2814,"GARCIA, TEODORO",Ciclovías,14,Palermo,107.95,"LINESTRING (-58.44305175659102 -34.5666309037354, -58.44374496179126 -34.56741701914318)"
32921,"MOREAU DE JUSTO, ALICIA AV.",Ciclovías,1,Puerto Madero,9.09,"LINESTRING (-58.36571924622075 -34.61797561020558, -58.365717087137305 -34.61805748501452)"
11121,BOLIVAR,Ciclovías,1,Monserrat,10.77,"LINESTRING (-58.37357498279493 -34.60793954586973, -58.37351765547804 -34.60802429359989)"
15887,CONSTITUCION,Ciclovías,1,Constitucion,154.75,"LINESTRING (-58.38965623479029 -34.625065104236604, -58.39133221329164 -34.625227303541045)"
8149,"ALVEAR, MARCELO T. DE",Ciclovías,1,Retiro,63.74,"LINESTRING (-58.376263456323365 -34.59626998268777, -58.37695818936537 -34.596278856646734)"
13166,"CEVALLOS, VIRREY",Ciclovías,1,Monserrat,97.07,"LINESTRING (-58.38897271295549 -34.614695058461514, -58.38897411807748 -34.614838793554036, -58.38897718514413 -34.61541154920802, -58.38897712903365 -34.6155700723133)"
8929,CORDOBA AV.,Ciclovías mano única,2,Recoleta,126.66,"LINESTRING (-58.39155628079883 -34.59956364536317, -58.392934176571934 -34.5996364206646)"
30734,SARMIENTO AV.,Ciclovías,14,Palermo,60.18,"LINESTRING (-58.412318664692926 -34.57217262538671, -58.41202271464176 -34.571979654863014, -58.41178332344347 -34.57186125448317)"
11860,"ALSINA, ADOLFO",Ciclovías mano única,1,Monserrat,37.35,"LINESTRING (-58.380597180519636 -34.610729827600736, -58.38100271937791 -34.61076053797962)"
14966,"CALVO, CARLOS",Ciclovías,3,San Cristobal,113.78,"LINESTRING (-58.406154023932736 -34.62181778459456, -58.40736267167513 -34.62204912217659)"
15272,BOLIVAR,Ciclovías,1,San Telmo,138.59,"LINESTRING (-58.37280180804787 -34.62188879912949, -58.37279045657595 -34.622065623723856, -58.372739884963906 -34.623057851008745, -58.37273571009352 -34.62313686288638)"
6738,GORRITI,Ciclovías,14,Palermo,113.53,"LINESTRING (-58.43120968026304 -34.589389222885096, -58.43218696966454 -34.588761436919185)"
14689,"CALVO, CARLOS",Ciclovías,3,San Cristobal,87.0,"LINESTRING (-58.3998305233568 -34.620906196936424, -58.40077518240158 -34.620978164502695)"
19643,USPALLATA,Ciclovías,4,Parque Patricios,156.0,"LINESTRING (-58.39800644836189 -34.6381798513462, -58.3996670047447 -34.638485943069256)"
17994,USPALLATA,Ciclovías,4,Barracas,134.63,"LINESTRING (-58.37428888249098 -34.63181394306264, -58.375205879931485 -34.63276173078304)"
9895,CORRIENTES AV.,Ciclovías mano única,1,San Nicolas,63.08,"LINESTRING (-58.3704125010713 -34.603013905923156, -58.37061924196509 -34.60302487238801, -58.37109827562857 -34.60305643294922)"
7167,SUIPACHA,Ciclovías,1,Retiro,165.9,"LINESTRING (-58.38014179898945 -34.59145169378096, -58.380147100706125 -34.59134408997433, -58.3793969545921 -34.59010267527129)"
27862,"BORGES, JORGE LUIS",Ciclovías,14,Palermo,47.65,"LINESTRING (-58.42995582604729 -34.588871835548886, -58.42979232501645 -34.58846410763337)"
17247,"BLANES, JUAN MANUEL",Ciclovías,4,La Boca,118.57,"LINESTRING (-58.360650490391315 -34.62928101937719, -58.36130829570605 -34.62996235271591, -58.361456090896326 -34.63011698480269)"
16624,TACUARI,Ciclovías,1,Constitucion,125.23,"LINESTRING (-58.37726613439525 -34.62682595757079, -58.37663337180342 -34.62782632385455)"
30282,SARMIENTO AV.,Ciclovías,14,Palermo,294.18,"LINESTRING (-58.407862748355534 -34.567268177780505, -58.40761973639957 -34.566989302654925, -58.4074864425542 -34.56686239991619, -58.40735205186331 -34.566750539651814, -58.40719637128887 -34.566668169742705, -58.40691239655075 -34.56659142158246, -58.406642552747655 -34.566577197565465, -58.40636904036021 -34.566593723302006, -58.40599234691139 -34.56670780960738, -58.40546184680834 -34.56696746379832, -58.405163250279564 -34.56711922409597)"
5663,"ALVAREZ, JULIAN",Ciclovías,14,Palermo,126.54,"LINESTRING (-58.411737661807265 -34.584655424006854, -58.410717208283 -34.58388814383104)"
30438,LA RABIDA (N) AV.,Ciclovías,1,San Nicolas,16.88,"LINESTRING (-58.36902858703982 -34.6064302191855, -58.36918898685305 -34.606355620487705)"
7249,MONTEVIDEO,Ciclovías,2,Recoleta,135.48,"LINESTRING (-58.387953572544234 -34.59164768560481, -58.387881837246745 -34.59159087978601, -58.386921086859736 -34.59077463484016)"
20999,"HORNOS, GRAL.",Ciclovías,4,Barracas,67.36,"LINESTRING (-58.37549037642358 -34.642525051233235, -58.37544804707162 -34.642910939361414, -58.375420634973835 -34.64312951291736)"
4763,GUATEMALA,Ciclovías,14,Palermo,129.61,"LINESTRING (-58.43196046942752 -34.58034939618741, -58.43297696532032 -34.57953815882484)"
32550,"FERNANDEZ, SARA BEATRIZ",Ciclovías,1,Retiro,28.4,"LINESTRING (-58.37720327522374 -34.58637279320912, -58.377203101845474 -34.58632179627061, -58.37716139411663 -34.586215631111166, -58.37709423641701 -34.586140555429665)"
8362,"ALVEAR, MARCELO T. DE",Ciclovías,2,Recoleta,143.15,"LINESTRING (-58.38978635559838 -34.59719509034136, -58.391346675310764 -34.59721235865723)"
19723,IRALA,Ciclovías,4,La Boca,95.36,"LINESTRING (-58.36647925904101 -34.637922839298085, -58.36634373105733 -34.63877513342691)"
14453,"CEVALLOS, VIRREY",Ciclovías,1,Constitucion,131.09,"LINESTRING (-58.388917027762695 -34.618871555531285, -58.38890870904686 -34.61902965096734, -58.38884143804591 -34.62005152362587)"
11654,"CEVALLOS, VIRREY",Ciclovías,1,Monserrat,111.58,"LINESTRING (-58.38917566322734 -34.60907785375123, -58.38905314402993 -34.61007856758463)"
3302,DEL LIBERTADOR AV.,Ciclovías,14,Palermo,85.29,"LINESTRING (-58.42324699857255 -34.57116828888843, -58.42352552964472 -34.571055772051245, -58.42386671281048 -34.57091661320284, -58.42407726279497 -34.57082298184812)"
27687,CALZADA CIRCULAR PLAZA ITALIA,Ciclovías,14,Palermo,78.95,"LINESTRING (-58.420119387376985 -34.5813704483093, -58.42014767295455 -34.5812430555625, -58.42023130068796 -34.581109181874844, -58.420403726700854 -34.580940783695624, -58.42058658574377 -34.58079398621544)"
18971,USPALLATA,Ciclovías,4,Barracas,109.55,"LINESTRING (-58.38732480372935 -34.63584427748398, -58.38827749154191 -34.63607015101281, -58.38847341394308 -34.63611590559896)"
14829,"CALVO, CARLOS",Ciclovías,3,San Cristobal,159.23,"LINESTRING (-58.402804714264654 -34.621132710809746, -58.404318934877125 -34.62144465320805, -58.40448928293621 -34.62148022883052)"
19242,"ALCORTA, AMANCIO AV.",Ciclovías,4,Barracas,147.17,"LINESTRING (-58.38561397689087 -34.635919608915714, -58.38625188193234 -34.636740502065976, -58.38647809338654 -34.63703755202242)"
13439,CHILE,Ciclovías,1,Monserrat,40.07,"LINESTRING (-58.38074747748405 -34.616447256892876, -58.38118367090443 -34.616468396611054)"
18099,15 DE NOVIEMBRE DE 1889,Ciclovías,4,Parque Patricios,118.63,"LINESTRING (-58.39561765965015 -34.63274800476968, -58.39583180499382 -34.632800799992175, -58.39685995118278 -34.633046437233276)"
6259,HUMBOLDT,Ciclovías,14,Palermo,153.91,"LINESTRING (-58.438327086830384 -34.5874257117865, -58.43717103926225 -34.586420381569674)"
14732,"CALVO, CARLOS",Ciclovías,3,San Cristobal,95.45,"LINESTRING (-58.40176831135222 -34.62105374080397, -58.402804714264654 -34.621132710809746)"
5932,DEL LIBERTADOR AV.,Ciclovías,2,Recoleta,127.0,"LINESTRING (-58.38744385423386 -34.585902905469524, -58.38863781324082 -34.585323737716074)"
15545,"GARAY, JUAN DE AV.",Ciclovías,1,San Telmo,69.15,"LINESTRING (-58.36586747769097 -34.62399465282504, -58.36609435172497 -34.62400901466555, -58.36662045962842 -34.62402661606588)"
9605,TUCUMAN,Ciclovías,3,Balvanera,118.81,"LINESTRING (-58.40230650271802 -34.60209009422003, -58.40346119537121 -34.60196988949528, -58.40359167986319 -34.60195713632234)"
15216,"CALVO, CARLOS",Ciclovías,3,San Cristobal,136.89,"LINESTRING (-58.41059085961378 -34.62269260954073, -58.41178649963333 -34.622922277911265, -58.41204424720904 -34.622973654686355)"
8560,CORDOBA AV.,Ciclovías mano única,2,Recoleta,139.62,"LINESTRING (-58.40662899593521 -34.59804521476855, -58.40815066745208 -34.598068377123596)"
3286,DEL LIBERTADOR AV.,Ciclovías,14,Palermo,677.37,"LINESTRING (-58.42407726279497 -34.57082298184812, -58.42443014529509 -34.57067703782091, -58.4247745714015 -34.570506239382176, -58.425891379641875 -34.56985057998308, -58.430176975500494 -34.567391415133464)"
7260,"MANSILLA, LUCIO NORBERTO, GENERAL",Ciclovías,14,Palermo,94.65,"LINESTRING (-58.4137492183116 -34.59169116819227, -58.41452668158805 -34.59113027476369)"
21417,HERRERA,Ciclovías,4,Barracas,97.08,"LINESTRING (-58.37623071904687 -34.64369566187193, -58.37600563721136 -34.64455078937598)"
6705,FRENCH,Ciclovías,2,Recoleta,128.39,"LINESTRING (-58.40189647387159 -34.589292147868136, -58.4030404847215 -34.58862566440547)"
5384,GORRITI,Ciclovías,14,Palermo,129.55,"LINESTRING (-58.43928315136564 -34.58335343629561, -58.44033025792441 -34.58257010236521)"
8324,"URIBURU JOSE E., PRES.",Ciclovías,2,Recoleta,186.84,"LINESTRING (-58.39887212689948 -34.59704811068338, -58.39852476329968 -34.59538853412721)"
14640,"CALVO, CARLOS",Ciclovías,3,San Cristobal,127.36,"LINESTRING (-58.397115032148754 -34.620712145934284, -58.39828099641456 -34.62078819639316, -58.3984991446143 -34.62080479153952)"
1724,"OBLIGADO RAFAEL, AV.COSTANERA",Ciclovías,14,Palermo,278.47,"LINESTRING (-58.410815741469946 -34.557515186120526, -58.41176762738373 -34.55682524464502, -58.412651805021675 -34.55628802879643, -58.4131998612302 -34.55596687205611)"
5666,CORDOBA AV.,Ciclovías mano única,14,Palermo,24.93,"LINESTRING (-58.444587048462864 -34.58466565619218, -58.44478692702912 -34.584513430402396)"
13091,RINCON,Ciclovías,3,Balvanera,124.19,"LINESTRING (-58.39613805181527 -34.61413568512822, -58.3961365368865 -34.614324489557994, -58.39612275475176 -34.61525512774744)"
12448,TACUARI,Ciclovías,1,Monserrat,134.04,"LINESTRING (-58.37905746637239 -34.61173632278245, -58.37905044975654 -34.611852446233094, -58.37902691240245 -34.612723638606546, -58.379021578846455 -34.612944201180596)"
31122,"RABANAL, FRANCISCO, INTENDENTE AV.",Ciclovías,4,Nueva Pompeya,10.25,"LINESTRING (-58.42322013379454 -34.657398424499505, -58.42331700866572 -34.65744456286735)"
17089,BRASIL,Ciclovías,4,Parque Patricios,75.75,"LINESTRING (-58.39092851425889 -34.62932696799827, -58.39164673311867 -34.6294923937479, -58.3917251847845 -34.629507228695275)"
33029,DEL LIBERTADOR AV.,Ciclovías,14,Palermo,122.92,"LINESTRING (-58.41679292104583 -34.57409386940613, -58.417465483021026 -34.57376729280402, -58.41795165995246 -34.573537962811685)"
6088,"BORGES, JORGE LUIS",Ciclovías,14,Palermo,118.18,"LINESTRING (-58.42707858546403 -34.58670090710878, -58.426065665879904 -34.58604277371702)"
8295,"ALVEAR, MARCELO T. DE",Ciclovías,1,Retiro,139.05,"LINESTRING (-58.38266703794984 -34.59680248898296, -58.3829903673153 -34.59683206886453, -58.38417779225646 -34.59690171889556)"
4879,"RAVIGNANI, EMILIO, DR.",Ciclovías,14,Palermo,90.71,"LINESTRING (-58.43839775632837 -34.580882016036306, -58.43771779846155 -34.5802884135983)"
10333,SARMIENTO,Ciclovías,1,San Nicolas,126.72,"LINESTRING (-58.37801038581062 -34.604743456557394, -58.37909272925539 -34.604818505177626, -58.379387141585 -34.604837299827125)"
10175,CORRIENTES AV.,Ciclovías mano única,3,Balvanera,102.33,"LINESTRING (-58.407814673083486 -34.604256699106244, -58.408743351785766 -34.60413310197648, -58.40891736152724 -34.60411824986078)"
7515,ECUADOR,Ciclovías,2,Recoleta,93.22,"LINESTRING (-58.40304931479007 -34.59290820582625, -58.40300060182023 -34.5927943770673, -58.40278957715645 -34.59209630328107)"
32309,MACHU PICCHU,Ciclovías,1,Retiro,37.34,"LINESTRING (-58.37658363528035 -34.5850067832347, -58.37637266915418 -34.58487927104558, -58.376270836994216 -34.58479312437443)"
13574,CHILE,Ciclovías,3,Balvanera,139.36,"LINESTRING (-58.39167844463043 -34.61687762005496, -58.39192239167565 -34.616893889992156, -58.39301036181923 -34.61696332537903, -58.39319315115453 -34.61697667016241)"
14384,"CALVO, CARLOS",Ciclovías,1,Constitucion,125.53,"LINESTRING (-58.38298055138298 -34.61976392889251, -58.38315185874564 -34.61976326690621, -58.38414968279616 -34.61979617231157, -58.38434824149469 -34.61980383628213)"
7810,ARENALES,Ciclovías,1,Retiro,84.71,"LINESTRING (-58.37686876480777 -34.594557639214045, -58.37761772777748 -34.59411096465476)"
8946,CORDOBA AV.,Ciclovías mano única,2,Recoleta,130.32,"LINESTRING (-58.39439939787759 -34.59967331370357, -58.394715010456885 -34.59968116768312, -58.39581957461181 -34.599702699343275)"
13838,"VERA PENALOZA,  ROSARIO",Ciclovías,1,Puerto Madero,47.1,"LINESTRING (-58.36328714237592 -34.617833020860665, -58.363081799192685 -34.61772680571893, -58.362883997467286 -34.61757331151814)"
11073,"PERON, JUAN DOMINGO, TTE. GENERAL",Ciclovías,3,Balvanera,84.7,"LINESTRING (-58.41186661260069 -34.6078106382968, -58.41276529054813 -34.60763495500253)"
31106,PUENTE PEATONAL CARLOS SANCHEZ VIAMONTE,Ciclovías,2,Recoleta,32.23,"LINESTRING (-58.391446499509925 -34.58411587767203, -58.391286253828014 -34.583857338703915)"
4804,DEL LIBERTADOR AV.,Ciclovías,14,Palermo,5.62,"LINESTRING (-58.40464765686781 -34.58051517538289, -58.40469178657435 -34.58047998465964)"
2372,"GARCIA, TEODORO",Ciclovías,14,Palermo,117.43,"LINESTRING (-58.439850318600215 -34.563042859896, -58.44060065043184 -34.563900273707986)"
11182,SUIPACHA,Ciclovías,1,San Nicolas,126.69,"LINESTRING (-58.37922098061339 -34.608296882051796, -58.37927662001655 -34.6072610609291, -58.37928055866359 -34.60715592132667)"
13589,MEXICO,Ciclovías,3,Balvanera,137.28,"LINESTRING (-58.402689154723554 -34.61674450119365, -58.40285532434546 -34.6167721191971, -58.40414129158317 -34.61704387974939)"
9648,"URIBURU JOSE E., PRES.",Ciclovías,3,Balvanera,125.88,"LINESTRING (-58.3985002253691 -34.60220278179626, -58.39862357146964 -34.6010726893811)"
2160,"ALSINA, VALENTIN AV.",Ciclovías,14,Palermo,334.34,"LINESTRING (-58.43486032802045 -34.56208952525301, -58.43413470004106 -34.56188491298683, -58.433255843072786 -34.56169821692704, -58.4324501565919 -34.561623436899495, -58.43177401139736 -34.5616046722128, -58.431292789838196 -34.56162271640699)"
2337,"LACROZE, FEDERICO",Ciclovías,14,Palermo,98.59,"LINESTRING (-58.438177601891816 -34.562946820840445, -58.438811161318036 -34.563664570685035)"
11088,ECUADOR,Ciclovías,3,Balvanera,141.37,"LINESTRING (-58.409116585380666 -34.607899519707225, -58.40912905716199 -34.60758092919877, -58.408807069547265 -34.606853592389264, -58.40874100407209 -34.60668095476721)"
15996,TACUARI,Ciclovías,1,Constitucion,232.63,"LINESTRING (-58.378590893840055 -34.62361783536943, -58.37805934016725 -34.62559347292971, -58.37801003780684 -34.62565414335572)"
7711,ARENALES,Ciclovías,1,Retiro,137.33,"LINESTRING (-58.37854081931573 -34.59409838209589, -58.38003772578129 -34.5941104691435)"
28079,SAN MARTIN,Ciclovías,1,Retiro,80.22,"LINESTRING (-58.37434911079011 -34.59578100252997, -58.37440364086871 -34.595059256641036)"
10171,MONTEVIDEO,Ciclovías,1,San Nicolas,134.08,"LINESTRING (-58.389395118444014 -34.60421805892092, -58.389402584891826 -34.60405784984096, -58.38946261887158 -34.603010687722474)"
8544,CORDOBA AV.,Ciclovías mano única,2,Recoleta,122.5,"LINESTRING (-58.41192137209617 -34.59800248677594, -58.41209349158559 -34.59799305193402, -58.41298635771904 -34.59795807068214, -58.41325505164461 -34.597948181017884)"
22263,PEPIRI,Ciclovías,4,Parque Patricios,127.69,"LINESTRING (-58.40947139999185 -34.64617868689475, -58.40919739246174 -34.64730723628134)"
8736,CORDOBA AV.,Ciclovías mano única,2,Recoleta,69.74,"LINESTRING (-58.40308568698046 -34.59879543087409, -58.40372440078465 -34.598454471462254)"
19736,ZAVALETA,Ciclovías,4,Parque Patricios,100.62,"LINESTRING (-58.403528048205175 -34.637976905931204, -58.40349077539403 -34.63814977655211, -58.40332913768984 -34.63886885858361)"
10774,ROSALES AV.,Ciclovías,1,San Nicolas,155.82,"LINESTRING (-58.36918898685303 -34.60635562048768, -58.36918215221671 -34.60619252753317, -58.36920015700668 -34.60591460914715, -58.369072793554324 -34.605902808441435, -58.36895249669119 -34.6058997898762, -58.36900437826361 -34.605389312247965, -58.368846955694366 -34.60536432285732, -58.368853919016495 -34.605251719780384)"
20635,QUILMES,Ciclovías,4,Nueva Pompeya,127.63,"LINESTRING (-58.418250710065024 -34.64079170860586, -58.41794889415632 -34.64191484586334)"
10708,"PERON, JUAN DOMINGO, TTE. GENERAL",Ciclovías mano única,1,San Nicolas,42.4,"LINESTRING (-58.38499601675031 -34.606346613235026, -58.38545676357869 -34.60637775357027)"
33000,SAN JUAN AV.,Ciclovías,1,San Telmo,114.42,"LINESTRING (-58.367072103474136 -34.6216009644001, -58.36707271767203 -34.62160103080195, -58.36803695038646 -34.62167178841721, -58.36831532426055 -34.62168630142967)"
16757,"GARCIA, MARTIN AV.",Ciclovías,1,San Telmo,113.04,"LINESTRING (-58.36861720721662 -34.62756971469076, -58.36875182949332 -34.62767861202578, -58.36944859028488 -34.62832168784518)"
11094,"PERON, JUAN DOMINGO, TTE. GENERAL",Ciclovías,3,Balvanera,127.71,"LINESTRING (-58.41047268323069 -34.60793518532507, -58.41063843052946 -34.60793349638978, -58.411862741702386 -34.60787246852362)"
7374,"DIAZ, CNEL. AV.",Ciclovías,14,Palermo,65.87,"LINESTRING (-58.41288041591801 -34.59231927355084, -58.412465486326106 -34.591834656693905)"
17642,IRALA,Ciclovías,4,La Boca,105.18,"LINESTRING (-58.36839061571248 -34.63060180798793, -58.36809947608342 -34.63151884373313)"
8513,CORDOBA AV.,Ciclovías mano única,2,Recoleta,126.02,"LINESTRING (-58.41463028672758 -34.59789739844581, -58.41566494817817 -34.597859214578115, -58.41600287580789 -34.59785420510173)"
20878,PEPIRI,Ciclovías,4,Parque Patricios,118.33,"LINESTRING (-58.40912359905199 -34.64167208770792, -58.409308496269865 -34.64272774198806)"
8696,SAN MARTIN,Ciclovías,1,Retiro,78.02,"LINESTRING (-58.37419136586643 -34.598621833593086, -58.37420381239468 -34.598450431598025, -58.37423180183596 -34.59791931708168)"
12584,AZOPARDO,Ciclovías,1,Monserrat,137.59,"LINESTRING (-58.3679668285966 -34.612221195215206, -58.36782461727603 -34.61345588871546)"
7607,"ALVAREZ, JULIAN",Ciclovías,14,Palermo,109.26,"LINESTRING (-58.42520070825754 -34.59350369112474, -58.4242883653164 -34.592870575471466)"
20842,DON PEDRO DE MENDOZA AV.,Ciclovías,4,La Boca,108.18,"LINESTRING (-58.35865425953127 -34.64172577438418, -58.358489463455925 -34.64188445299432, -58.35836516723597 -34.64204891550925, -58.358188790972136 -34.642320660738655, -58.35806544093068 -34.64256393639316)"
27839,"VEDIA, AGUSTIN DE",Ciclovías,4,Nueva Pompeya,53.89,"LINESTRING (-58.42190745731939 -34.65633192311931, -58.42149744867728 -34.65668002481587)"
9474,TUCUMAN,Ciclovías,3,Balvanera,94.23,"LINESTRING (-58.40694585290641 -34.6016252053963, -58.40776251520053 -34.60111000864295)"
8122,"ALVEAR, MARCELO T. DE",Ciclovías,1,Retiro,62.1,"LINESTRING (-58.37244680002485 -34.59614228443399, -58.373122398339284 -34.59617748919449)"
4790,DEL LIBERTADOR AV.,Ciclovías,14,Palermo,112.12,"LINESTRING (-58.40469178657435 -34.58047998465964, -58.405300483186736 -34.579994421311106, -58.40556900862605 -34.579776445951666)"
20168,HERRERA,Ciclovías,4,Barracas,248.78,"LINESTRING (-58.3776727801893 -34.638162058960326, -58.37757300712073 -34.6384100896538, -58.37715887920809 -34.640011572324106, -58.377093345924365 -34.640350824684575)"
16939,BRASIL,Ciclovías,1,Constitucion,112.28,"LINESTRING (-58.38809810956557 -34.628836799972355, -58.38929643618108 -34.62904436605133)"
10215,CORRIENTES AV.,Ciclovías mano única,3,Balvanera,108.66,"LINESTRING (-58.40664511150247 -34.60441236112221, -58.407814673083486 -34.604256699106244)"
11955,MISIONES,Ciclovías,3,Balvanera,126.35,"LINESTRING (-58.40457707362534 -34.61004146313378, -58.404510572469576 -34.610979119945114, -58.4044932265191 -34.61117826921092)"
32393,AZOPARDO,Ciclovías,1,Monserrat,242.14,"LINESTRING (-58.368202343903334 -34.611100237533805, -58.368304759189336 -34.610905776156144, -58.36834214332005 -34.61056626014006, -58.36838701709885 -34.61014721682198, -58.3684326574138 -34.60972578883738, -58.36851760927901 -34.609177626256894, -58.368733320310774 -34.60902738137383)"
18612,RONDEAU,Ciclovías,4,Parque Patricios,133.77,"LINESTRING (-58.39787147312801 -34.63450678701159, -58.39929820833785 -34.634758250675134)"
8522,SAN MARTIN,Ciclovías,1,Retiro,54.94,"LINESTRING (-58.37423180183596 -34.59791931708168, -58.37425223069296 -34.597529818913884, -58.374258134060355 -34.597424539895954)"
9652,TUCUMAN,Ciclovías,3,Balvanera,129.33,"LINESTRING (-58.40090414130736 -34.6022103024619, -58.402146206556154 -34.60210677480166, -58.40230650271802 -34.60209009422003)"
7608,GORRITI,Ciclovías,14,Palermo,113.41,"LINESTRING (-58.42520070825754 -34.59350369112474, -58.42608479722341 -34.59278909291613)"
17015,CHICLANA AV.,Ciclovías,4,Parque Patricios,15.23,"LINESTRING (-58.40545659862197 -34.62918324234404, -58.40555219422042 -34.62929554234576)"
18211,USPALLATA,Ciclovías,4,Barracas,153.12,"LINESTRING (-58.37579331646197 -34.63325286263698, -58.377458589304716 -34.633354539959605)"
7809,MAIPU AV.,Ciclovías,1,Retiro,248.16,"LINESTRING (-58.37686876480777 -34.594557639214045, -58.37684760074853 -34.59443628424629, -58.37572800680641 -34.59298391316289, -58.37533517996532 -34.59276462993534)"
7522,DEL LIBERTADOR AV.,Ciclovías,1,Retiro,163.56,"LINESTRING (-58.373842227962754 -34.59356776800097, -58.37456189928386 -34.59321974236833, -58.37533517996532 -34.59276462993534)"
31865,SOLER,Ciclovías,14,Palermo,55.85,"LINESTRING (-58.42940625595752 -34.58339560090001, -58.42984565130802 -34.58304725682171)"
7991,"MANSILLA, LUCIO NORBERTO, GENERAL",Ciclovías,2,Recoleta,44.2,"LINESTRING (-58.40623632580707 -34.59553259744787, -58.4064930556585 -34.59544849052178, -58.40668428239432 -34.59538590232481)"
8105,"MANSILLA, LUCIO NORBERTO, GENERAL",Ciclovías,2,Recoleta,100.75,"LINESTRING (-58.404585542233654 -34.59607337232229, -58.40560659445588 -34.5957388539629)"
17368,BOLIVAR,Ciclovías,4,Barracas,124.21,"LINESTRING (-58.371986055831655 -34.62943341405067, -58.37166674243065 -34.6305214954905)"
9549,TUCUMAN,Ciclovías,1,San Nicolas,125.9,"LINESTRING (-58.38953216516856 -34.60179895121942, -58.38966731172137 -34.60181332883788, -58.3909001167731 -34.601888785982624)"
13525,CHILE,Ciclovías,1,Monserrat,143.38,"LINESTRING (-58.387491485847626 -34.6167042428782, -58.38771065587391 -34.616707054965644, -58.38880539654825 -34.61672371448557, -58.389054288755005 -34.616733655070014)"
2976,DORREGO AV.,Ciclovías,14,Palermo,249.91,"LINESTRING (-58.42185571772011 -34.56859481415464, -58.420644573769565 -34.566577141071555)"
6608,CORDOBA AV.,Ciclovías mano única,14,Palermo,29.28,"LINESTRING (-58.43825138319738 -34.58885663676766, -58.43849922876373 -34.58869034646916)"
6577,DEL LIBERTADOR AV.,Ciclovías,1,Retiro,95.26,"LINESTRING (-58.381972268502025 -34.58869872611618, -58.38283949729489 -34.58822661682256)"
4674,"RAVIGNANI, EMILIO, DR.",Ciclovías,14,Palermo,85.99,"LINESTRING (-58.437200430821015 -34.57983695754751, -58.43655572944099 -34.57927441299739)"
18094,ITUZAINGO,Ciclovías,4,Barracas,78.84,"LINESTRING (-58.37931155984464 -34.63286392383042, -58.379945894204404 -34.63300076876851, -58.3801469329948 -34.63303020205423)"
11364,"IRIGOYEN, BERNARDO DE",Ciclovías,1,Monserrat,69.56,"LINESTRING (-58.38071671336646 -34.60837543991764, -58.380685686031605 -34.6090019063979)"
18249,"RODRIGUEZ, MARTIN",Ciclovías,4,La Boca,103.4,"LINESTRING (-58.36235671558673 -34.63262930744322, -58.36197702146292 -34.633302661021155, -58.36187312950283 -34.6334712382419)"
6452,"DIAZ, CNEL. AV.",Ciclovías,14,Palermo,85.68,"LINESTRING (-58.409500538944854 -34.58822677485399, -58.40903144131909 -34.58755894991608)"
6546,FRENCH,Ciclovías,2,Recoleta,114.14,"LINESTRING (-58.4030404847215 -34.58862566440547, -58.40389458349317 -34.58812811679715, -58.404057377558345 -34.588032983014564)"
7334,ECUADOR,Ciclovías,2,Recoleta,128.31,"LINESTRING (-58.40278957715645 -34.59209630328107, -58.40242575107267 -34.59097955434305)"
8037,"MANSILLA, LUCIO NORBERTO, GENERAL",Ciclovías,2,Recoleta,62.14,"LINESTRING (-58.40560659445588 -34.5957388539629, -58.40623632580707 -34.59553259744787)"
8524,CORDOBA AV.,Ciclovías mano única,2,Recoleta,126.28,"LINESTRING (-58.41325505164461 -34.597948181017884, -58.41463028672758 -34.59789739844581)"
19529,"ARAOZ DE LAMADRID, GREGORIO, GRAL.",Ciclovías,4,La Boca,145.46,"LINESTRING (-58.35938705843548 -34.6375455910949, -58.36081529607184 -34.63811624121496)"
10170,CORRIENTES AV.,Ciclovías mano única,1,San Nicolas,137.28,"LINESTRING (-58.38790510672277 -34.604102286485826, -58.38923058376845 -34.604204789944355, -58.389395118444014 -34.60421805892092)"
11899,"ALSINA, ADOLFO",Ciclovías mano única,1,Monserrat,138.19,"LINESTRING (-58.38186483530629 -34.610831315473874, -58.38210279774194 -34.61085034756976, -58.383367333337446 -34.610921958201104)"
13594,CHILE,Ciclovías,3,Balvanera,124.9,"LINESTRING (-58.39319315115453 -34.61697667016241, -58.39454967809271 -34.61707575326978)"
6897,DEL LIBERTADOR AV.,Ciclovías,1,Retiro,166.24,"LINESTRING (-58.3793969545921 -34.59010267527129, -58.37954331128589 -34.59002083806721, -58.38090932694877 -34.58927731875665)"
12263,BELGRANO AV.,Ciclovías,1,Monserrat,76.9,"LINESTRING (-58.36713165210457 -34.612160116417854, -58.3679668285966 -34.612221195215206)"
12242,"MOREAU DE JUSTO, ALICIA AV.",Ciclovías,1,Puerto Madero,15.98,"LINESTRING (-58.36695719332821 -34.60514771051369, -58.366946841496784 -34.60529146632776)"
2945,"ROLDAN, BELISARIO AV.",Ciclovías,14,Palermo,291.38,"LINESTRING (-58.41229905772708 -34.56819108067426, -58.41229340899423 -34.568100971768274, -58.412293132193014 -34.56799660329743, -58.412275408340115 -34.56788405835022, -58.41226059575342 -34.56774411968167, -58.41222805550546 -34.567498185477056, -58.41222519138943 -34.56744853536016, -58.412226751569754 -34.56740304210985, -58.412236916129125 -34.56734755225076, -58.412256103904305 -34.56729319294761, -58.412290618030895 -34.56723433291011, -58.412325549342185 -34.56718927614072, -58.412364222350064 -34.567150840778446, -58.41240757478803 -34.56711691449076, -58.412477154463694 -34.56707166084499, -58.41252271521355 -34.56704597504364, -58.412573808382874 -34.567022052124294, -58.412646268678394 -34.566999335259524, -58.41271046180449 -34.566992178630706, -58.41278324646343 -34.56699608209237, -58.41287365133402 -34.56700316187066, -58.413015641884364 -34.5670164601542, -58.41310476830816 -34.56702607449881, -58.413169123648345 -34.56703229825621, -58.41322922565393 -34.56703316801091, -58.41330159188335 -34.567025098911316, -58.41336195681389 -34.56701336281169, -58.41343781956386 -34.566994942733025, -58.41350329810589 -34.566973490139425, -58.413557880858384 -34.56695034289524, -58.41361902431628 -34.56691769105612, -58.413668759769074 -34.566885738788606, -58.41371602822819 -34.56685068684243, -58.413758189633896 -34.566814224325086, -58.4137935398728 -34.566778885815005, -58.41383451625844 -34.566730802829056, -58.41386876698135 -34.566683210073805, -58.413900723094244 -34.56662892609923, -58.41392995923236 -34.56656745776685)"
9624,SAN MARTIN,Ciclovías,1,San Nicolas,129.98,"LINESTRING (-58.373910230538456 -34.60213013148894, -58.37391863883763 -34.60199281167572, -58.373997756229976 -34.60096074157834)"
16270,CABOTO,Ciclovías,4,La Boca,72.21,"LINESTRING (-58.36275896367823 -34.626249715795595, -58.36214517547938 -34.62665752253743)"
32949,"MOREAU DE JUSTO, ALICIA AV.",Ciclovías,1,Puerto Madero,105.82,"LINESTRING (-58.36671473394094 -34.60709555522154, -58.36660584178717 -34.608045153145596)"
14852,AZOPARDO,Ciclovías,1,San Telmo,110.57,"LINESTRING (-58.36702723950308 -34.62048450311954, -58.36691329129803 -34.62147672943694)"
12002,"ALSINA, ADOLFO",Ciclovías mano única,1,Monserrat,134.5,"LINESTRING (-58.3874820272835 -34.611180362705994, -58.388942873276896 -34.611285981505496)"
7881,"ALVAREZ, JULIAN",Ciclovías,14,Palermo,134.86,"LINESTRING (-58.42737303595698 -34.59501458608686, -58.426248680847884 -34.594231420170786)"
8840,"MOREAU DE JUSTO, ALICIA AV.",Ciclovías,1,Puerto Madero,91.38,"LINESTRING (-58.36812071533131 -34.598436401596636, -58.367854950117504 -34.599230290623154)"
31105,"FIGUEROA ALCORTA, PRES. AV.",Ciclovías,2,Recoleta,40.43,"LINESTRING (-58.391286253828014 -34.583857338703915, -58.39167219460553 -34.583681406718036)"
6038,HUMBOLDT,Ciclovías,14,Palermo,121.43,"LINESTRING (-58.43717103926225 -34.586420381569674, -58.43625890501118 -34.58562721100198)"
4367,DEL LIBERTADOR AV.,Ciclovías,14,Palermo,73.95,"LINESTRING (-58.407910014253794 -34.57815292269849, -58.40861937235455 -34.57783661680978)"
5185,"DIAZ, CNEL. AV.",Ciclovías,14,Palermo,94.02,"LINESTRING (-58.40558707416474 -34.58234157235353, -58.405187087366755 -34.58156129782663)"
11399,BOLIVAR,Ciclovías,1,Monserrat,6.96,"LINESTRING (-58.373502862579066 -34.60902753590106, -58.373504839273494 -34.60909021426581)"
29974,SOLER,Ciclovías,14,Palermo,107.48,"LINESTRING (-58.42984565130802 -34.58304725682171, -58.43069127790776 -34.582376847824925)"
3445,"FIGUEROA ALCORTA, PRES. AV.",Ciclovías,14,Palermo,431.99,"LINESTRING (-58.40760925484662 -34.5745051802867, -58.407870839817825 -34.57431818301043, -58.41115613083103 -34.572052402623854, -58.41122192824616 -34.57200854892337)"
10238,SARMIENTO,Ciclovías,1,San Nicolas,128.74,"LINESTRING (-58.3723924321223 -34.60435559184317, -58.37363656283802 -34.60445299271163, -58.373789770247434 -34.60446416169888)"
29708,"FIGUEROA ALCORTA, PRES. AV.",Ciclovías,14,Palermo,143.95,"LINESTRING (-58.415537690814446 -34.56895731752613, -58.41634800448891 -34.5683919707778, -58.41672870207107 -34.56811295591134)"
7713,SUIPACHA,Ciclovías,1,Retiro,138.89,"LINESTRING (-58.38003772578129 -34.5941104691435, -58.38008570085479 -34.59296935657611, -58.38008180828194 -34.59285921127661)"
8553,CORDOBA AV.,Ciclovías mano única,2,Recoleta,106.4,"LINESTRING (-58.40372440078465 -34.598454471462254, -58.40450955921771 -34.598035338665646, -58.404734813765955 -34.59803636249119)"
11521,"URIBURU JOSE E., PRES.",Ciclovías,3,Balvanera,135.18,"LINESTRING (-58.39759275188539 -34.609580712193626, -58.397729644111045 -34.60836745919238)"
11084,"ANCHORENA, TOMAS MANUEL DE, DR.",Ciclovías,3,Balvanera,6.87,"LINESTRING (-58.411862741702386 -34.60787246852362, -58.41186661260069 -34.6078106382968)"
1308,"OBLIGADO RAFAEL, AV.COSTANERA",Ciclovías,14,Palermo,212.89,"LINESTRING (-58.41886817221468 -34.55404661217817, -58.4196471148828 -34.55395339992695, -58.4205875345737 -34.55376173749768, -58.42114651096686 -34.553700159446144)"
14587,"CALVO, CARLOS",Ciclovías,3,San Cristobal,120.44,"LINESTRING (-58.3944988579342 -34.62054492184616, -58.395808265065234 -34.62062734443633)"
29832,SENDERO ZAPATA (NO OFICIAL),Ciclovías,14,Palermo,85.66,"LINESTRING (-58.43662266225923 -34.57589651855524, -58.43755455411386 -34.57594188770163)"
9348,TUCUMAN,Ciclovías,3,Balvanera,133.45,"LINESTRING (-58.40776251520053 -34.60111000864295, -58.40918112469975 -34.600843458913246)"
8257,"ALVEAR, MARCELO T. DE",Ciclovías,1,Retiro,140.49,"LINESTRING (-58.379904606741796 -34.59651259964583, -58.38001147330769 -34.596523236180396, -58.38121380436429 -34.596669475726, -58.381421068290734 -34.596688418087574)"
16891,DEAN FUNES,Ciclovías,3,San Cristobal,101.11,"LINESTRING (-58.40530436012296 -34.627953086521224, -58.40518045399284 -34.62885874144673)"
7505,SUIPACHA,Ciclovías,1,Retiro,156.27,"LINESTRING (-58.38008180828194 -34.59285921127661, -58.38007775025012 -34.592744206627735, -58.38014179898945 -34.59145169378096)"
17034,BRASIL,Ciclovías,1,Constitucion,82.17,"LINESTRING (-58.39005148386897 -34.62917510486473, -58.39092851425889 -34.62932696799827)"
15538,RINCON,Ciclovías,3,San Cristobal,119.95,"LINESTRING (-58.39494684071011 -34.62294506094691, -58.39481233927987 -34.62396908171645, -58.39480531193674 -34.62401999384104)"
13873,"CEVALLOS, VIRREY",Ciclovías,1,Monserrat,140.36,"LINESTRING (-58.389054288755005 -34.616733655070014, -58.38906047281928 -34.61686774501411, -58.38896772598239 -34.61799615320831)"
31053,"PERETTE, CARLOS H.",Ciclovías,1,Retiro,103.6,"LINESTRING (-58.376379495868626 -34.58378885681468, -58.377216966500036 -34.58330634421255, -58.37730734148567 -34.58325669002735)"
7834,BILLINGHURST,Ciclovías,2,Recoleta,135.91,"LINESTRING (-58.41353596315082 -34.59473056829714, -58.41274656832329 -34.59369381841241)"
17677,DEAN FUNES,Ciclovías,4,Parque Patricios,108.13,"LINESTRING (-58.40491908256671 -34.63067701592363, -58.40477476272233 -34.63164442144348)"
17921,15 DE NOVIEMBRE DE 1889,Ciclovías,4,Parque Patricios,310.48,"LINESTRING (-58.39139639321926 -34.631708395848186, -58.394641231613235 -34.63250759749253)"
6750,AZCUENAGA,Ciclovías,2,Recoleta,125.14,"LINESTRING (-58.396627174895826 -34.58948671017335, -58.39586120285952 -34.5885533860074)"
18628,"SAMPERIO, MANUEL J.",Ciclovías,4,Barracas,144.48,"LINESTRING (-58.37713726475054 -34.63471172069617, -58.37734641723638 -34.63472510783444, -58.37870773634971 -34.63481753934552)"
13958,MEXICO,Ciclovías,3,Balvanera,143.63,"LINESTRING (-58.40657493271277 -34.617811242389294, -58.40674594331385 -34.61786519569677, -58.408034144398776 -34.61828128420019)"
16988,PAVON,Ciclovías,3,San Cristobal,88.2,"LINESTRING (-58.41092220893463 -34.628979089913585, -58.41109197387324 -34.62902261386085, -58.41184463878361 -34.62920427364875)"
16250,"D'ESPOSITO, ARNALDO",Ciclovías,4,La Boca,124.96,"LINESTRING (-58.36275896367823 -34.626249715795595, -58.364057813106776 -34.62659029011718)"
14251,AZOPARDO,Ciclovías,1,San Telmo,124.0,"LINESTRING (-58.367288073143584 -34.61819531533902, -58.36727181050194 -34.61833685353836, -58.367161229864415 -34.61930818649642)"
28113,"FIGUEROA ALCORTA, PRES. AV.",Ciclovías,2,Recoleta,28.25,"LINESTRING (-58.39029625018862 -34.58430863085016, -58.39056593794797 -34.58418569107978)"
5323,DEL LIBERTADOR AV.,Ciclovías,2,Recoleta,184.26,"LINESTRING (-58.39731474899214 -34.583078872657936, -58.39927817508175 -34.582730123309354)"
1828,"OBLIGADO RAFAEL, AV.COSTANERA",Ciclovías,14,Palermo,156.28,"LINESTRING (-58.40956702799057 -34.55847211312832, -58.410297904507956 -34.557884761295654, -58.410815741469946 -34.557515186120526)"
7875,"MANSILLA, LUCIO NORBERTO, GENERAL",Ciclovías,2,Recoleta,110.41,"LINESTRING (-58.407872527087235 -34.59498975127322, -58.40810805166752 -34.59490147630964, -58.40894353362712 -34.59453635242387)"
14876,RINCON,Ciclovías,3,San Cristobal,125.01,"LINESTRING (-58.395808265065234 -34.62062734443633, -58.39579402239785 -34.620753112699134, -58.39566750977618 -34.62160748933444, -58.395644822886254 -34.62174599950547)"
6418,"BORGES, JORGE LUIS",Ciclovías,14,Palermo,60.05,"LINESTRING (-58.429150783158576 -34.588047302825, -58.42863609008443 -34.587712856098854)"
5127,DEL LIBERTADOR AV.,Ciclovías,14,Palermo,82.08,"LINESTRING (-58.40165686701603 -34.58200591211915, -58.40249030470685 -34.581737029500296)"
4433,"RAVIGNANI, EMILIO, DR.",Ciclovías,14,Palermo,83.55,"LINESTRING (-58.435630231243785 -34.57846693784146, -58.43500385116233 -34.577920375346075)"
16684,PAVON,Ciclovías,3,San Cristobal,12.63,"LINESTRING (-58.40678958519998 -34.62812843341926, -58.406652859249895 -34.62811449661025)"
1879,"FIGUEROA ALCORTA, PRES. AV.",Ciclovías,14,Palermo,16.13,"LINESTRING (-58.42735707975071 -34.55928354151012, -58.427484552009595 -34.559183506327784)"
6891,"ALVAREZ, JULIAN",Ciclovías,14,Palermo,135.29,"LINESTRING (-58.420244493936735 -34.590067196649265, -58.41904623537421 -34.58935640372332)"
11103,SAN MARTIN,Ciclovías,1,San Nicolas,129.81,"LINESTRING (-58.37357498279493 -34.60793954586973, -58.37364543499993 -34.606896062037926, -58.37365255326443 -34.60677120636694)"
8795,CORDOBA AV.,Ciclovías mano única,1,Retiro,77.09,"LINESTRING (-58.38125372284078 -34.59903052517611, -58.38166681584415 -34.59904972783063, -58.38209271744201 -34.59906946729082)"
7986,CORDOBA AV.,Ciclovías mano única,14,Palermo,123.18,"LINESTRING (-58.42809080557664 -34.59551459215837, -58.42917090556817 -34.594854888276366)"
32946,"MOREAU DE JUSTO, ALICIA AV.",Ciclovías,1,Puerto Madero,64.43,"LINESTRING (-58.36742747293809 -34.60109118589257, -58.367363596196874 -34.60166960214689)"
29868,ARENALES,Ciclovías,1,Retiro,32.71,"LINESTRING (-58.38242099658561 -34.59426475051629, -58.382774795878085 -34.59430160480335)"
16019,DEAN FUNES,Ciclovías,3,San Cristobal,171.63,"LINESTRING (-58.40581510702075 -34.62422765325086, -58.4057845444107 -34.62444503567972, -58.40560388072357 -34.625764894762916)"
17513,"BLANES, JUAN MANUEL",Ciclovías,4,La Boca,122.93,"LINESTRING (-58.361456090896326 -34.63011698480269, -58.3616232013507 -34.6302918442794, -58.362317832645054 -34.630965666119785)"
8112,CORDOBA AV.,Ciclovías mano única,14,Palermo,121.47,"LINESTRING (-58.42702576594789 -34.5961651358037, -58.42809080557664 -34.59551459215837)"
19950,"HORNOS, GRAL.",Ciclovías,4,Barracas,173.46,"LINESTRING (-58.37627355517366 -34.63800916579329, -58.3762111119873 -34.63824320779914, -58.375909345937025 -34.63927483194986, -58.375844746400105 -34.63953197096319)"
14671,"CALVO, CARLOS",Ciclovías,3,San Cristobal,122.62,"LINESTRING (-58.3984991446143 -34.62080479153952, -58.3998305233568 -34.620906196936424)"
12156,"IRIGOYEN, BERNARDO DE",Ciclovías,1,Monserrat,122.35,"LINESTRING (-58.380597180519636 -34.610729827600736, -58.38058710564617 -34.61092595015832, -58.38054344848492 -34.61183184809686)"
5328,DEL LIBERTADOR AV.,Ciclovías,2,Recoleta,8.65,"LINESTRING (-58.39722252140173 -34.58309523150809, -58.39731474899214 -34.583078872657936)"
30065,"CEVALLOS, VIRREY",Ciclovías,1,Constitucion,110.44,"LINESTRING (-58.388310994425055 -34.62620239578601, -58.38825072556916 -34.626258586745514, -58.388208053276195 -34.626808625119054, -58.388269130938305 -34.626914753333594, -58.38826899192792 -34.6270704193764, -58.38829879932809 -34.62716331420289)"
8265,BILLINGHURST,Ciclovías,2,Recoleta,134.45,"LINESTRING (-58.41423732822002 -34.59677025137544, -58.41383137296558 -34.59560570259709)"
8065,CHARCAS,Ciclovías,2,Recoleta,140.48,"LINESTRING (-58.402825196249196 -34.59582426920664, -58.404063293910866 -34.59529430458658, -58.404179664866206 -34.595234219205494)"
21939,PEPIRI,Ciclovías,4,Parque Patricios,127.44,"LINESTRING (-58.409714725813906 -34.64504765839248, -58.40947139999185 -34.64617868689475)"
17277,USPALLATA,Ciclovías,4,Barracas,116.28,"LINESTRING (-58.371986055831655 -34.62943341405067, -58.37277798875318 -34.630252040849186)"
15881,AZOPARDO,Ciclovías,1,San Telmo,130.03,"LINESTRING (-58.36662045962842 -34.62402661606588, -58.3665968826936 -34.624229275675994, -58.36651130661085 -34.62500252615653, -58.366492172111165 -34.62519392150992)"
8798,CORDOBA AV.,Ciclovías mano única,2,Recoleta,59.61,"LINESTRING (-58.402539747400766 -34.59908685491912, -58.40308568698046 -34.59879543087409)"
19494,"HORNOS, GRAL.",Ciclovías,4,Barracas,202.91,"LINESTRING (-58.376784919678364 -34.63622979524432, -58.3766960395435 -34.63657191839081, -58.37632821459848 -34.63780378042286, -58.37627355517366 -34.63800916579329)"
20292,QUILMES,Ciclovías,4,Nueva Pompeya,153.33,"LINESTRING (-58.4186039335327 -34.639440840730806, -58.41851051285031 -34.63982482396222, -58.418250710065024 -34.64079170860586)"
5989,GODOY CRUZ,Ciclovías,14,Palermo,105.38,"LINESTRING (-58.4318372009353 -34.58616834395535, -58.431162763791406 -34.58539942211338)"
13886,"VERA PENALOZA,  ROSARIO",Ciclovías,1,Puerto Madero,72.32,"LINESTRING (-58.365717087137305 -34.61805748501452, -58.36555326064107 -34.618049358102375, -58.36493788773369 -34.617961820512775)"
7807,ARENALES,Ciclovías,1,Retiro,129.85,"LINESTRING (-58.384417302263294 -34.594431341654335, -58.385823665490726 -34.59456330110494)"
24866,"RABANAL, FRANCISCO, INTENDENTE AV.",Ciclovías,4,Nueva Pompeya,98.24,"LINESTRING (-58.4244820961712 -34.65800059693919, -58.42522609367091 -34.658390340863455, -58.42538405941652 -34.658478700462965)"
8961,CORDOBA AV.,Ciclovías mano única,2,Recoleta,110.96,"LINESTRING (-58.398726105316136 -34.599759625061814, -58.399923963223955 -34.599620884749)"
13749,MATHEU,Ciclovías,3,Balvanera,122.61,"LINESTRING (-58.400227710302794 -34.61644881310366, -58.40013274962841 -34.617551242575466)"
3819,DEL LIBERTADOR AV.,Ciclovías,14,Palermo,49.44,"LINESTRING (-58.41463133295556 -34.57482212162811, -58.414803853068605 -34.57465273004023, -58.415056121418246 -34.574570906523)"
31671,"PERETTE, CARLOS H.",Ciclovías,1,Retiro,115.67,"LINESTRING (-58.379307214770925 -34.58189594800359, -58.38035888799912 -34.581321047702225)"
19862,"ARAOZ DE LAMADRID, GREGORIO, GRAL.",Ciclovías,4,La Boca,46.67,"LINESTRING (-58.36323654206859 -34.63909642925447, -58.36367816288873 -34.63930566581718)"
17332,CABOTO,Ciclovías,4,La Boca,55.24,"LINESTRING (-58.35737050117256 -34.6300845610704, -58.35690067681918 -34.63039619749598)"
22816,PEPIRI,Ciclovías,4,Nueva Pompeya,30.03,"LINESTRING (-58.40870275161036 -34.6493554113021, -58.408668316333255 -34.649498072968484, -58.408575537043205 -34.64959711658889)"
30732,SARMIENTO AV.,Ciclovías,14,Palermo,63.98,"LINESTRING (-58.41286023375786 -34.57262423261117, -58.41246580714191 -34.57214866120296)"
32908,"VERA PENALOZA,  ROSARIO",Ciclovías,1,Puerto Madero,64.4,"LINESTRING (-58.3664157476747 -34.61811580220759, -58.365717087137305 -34.61805748501452)"
31623,"MOREAU DE JUSTO, ALICIA AV.",Ciclovías,1,Puerto Madero,165.39,"LINESTRING (-58.36660584178717 -34.608045153145596, -58.36644259622389 -34.60952985069187)"
5954,"BORGES, JORGE LUIS",Ciclovías,14,Palermo,79.67,"LINESTRING (-58.426065665879904 -34.58604277371702, -58.42538449429541 -34.58559741522322)"
12639,"CEVALLOS, VIRREY",Ciclovías,1,Monserrat,129.89,"LINESTRING (-58.38894480182646 -34.61246663217725, -58.38895172959508 -34.612625863850326, -58.38894603354338 -34.6133779829129, -58.38895414984877 -34.613637287010796)"
3785,SARMIENTO AV.,Ciclovías,14,Palermo,300.58,"LINESTRING (-58.415056121418246 -34.574570906523, -58.414660144574334 -34.5744273469478, -58.41445906947652 -34.57433252258077, -58.41286023375786 -34.57262423261117)"
10919,"URIBURU JOSE E., PRES.",Ciclovías,3,Balvanera,136.11,"LINESTRING (-58.39785292406743 -34.60723821376329, -58.397964591276775 -34.60614234253881, -58.39798053210631 -34.606015870389804)"
6244,"ALVAREZ, JULIAN",Ciclovías,14,Palermo,56.21,"LINESTRING (-58.415664132359886 -34.587352701327525, -58.41516599421766 -34.58705778239702)"
18840,ALBERTI,Ciclovías,4,Parque Patricios,132.79,"LINESTRING (-58.39787147312801 -34.63450678701159, -58.397435114162576 -34.63564811232234)"
11696,"ALSINA, ADOLFO",Ciclovías mano única,1,Monserrat,128.45,"LINESTRING (-58.37205734647661 -34.610145281374606, -58.37218561140113 -34.61015319423797, -58.373452661921704 -34.6102444168078)"
20086,"FAVALORO, RENE DR.",Ciclovías,4,Parque Patricios,140.44,"LINESTRING (-58.40514763505326 -34.63962981641976, -58.405240011019245 -34.63961035321731, -58.405355131414055 -34.63959850645433, -58.40548460808899 -34.639649131729946, -58.40556729906156 -34.63971156581945, -58.40568236198207 -34.639782958891175, -58.40587648951894 -34.63986333284747, -58.40614984218198 -34.6399675466712, -58.40653686742072 -34.64006061555976)"
8263,"ALVEAR, MARCELO T. DE",Ciclovías,2,Recoleta,129.2,"LINESTRING (-58.400288425028 -34.596743493297765, -58.40042658263259 -34.59670912739453, -58.401609575303446 -34.596340781656345)"
5699,"FIGUEROA ALCORTA, PRES. AV.",Ciclovías,2,Recoleta,111.66,"LINESTRING (-58.389231544631016 -34.584796096616145, -58.389631993782196 -34.58461140612366, -58.39029625018862 -34.58430863085016)"
31266,"MOREAU DE JUSTO, ALICIA AV.",Ciclovías,1,Puerto Madero,134.27,"LINESTRING (-58.36628221465843 -34.61091996074294, -58.366196705666795 -34.61171221965687, -58.36619144263852 -34.61180262090342, -58.366206760050744 -34.61193653548242, -58.36629483631195 -34.61211192055326)"
7432,"RAMOS MEJIA, JOSE MARIA, DR. AV.",Ciclovías,1,Retiro,203.52,"LINESTRING (-58.37533517996532 -34.59276462993534, -58.37432720382179 -34.591510673607544, -58.374113992152964 -34.59123308614585)"
17234,"CEVALLOS, VIRREY",Ciclovías,1,Constitucion,142.59,"LINESTRING (-58.38809810956557 -34.628836799972355, -58.38794471120346 -34.63011587351005)"
2919,"GARCIA, TEODORO",Ciclovías,14,Palermo,108.12,"LINESTRING (-58.44374496179126 -34.56741701914318, -58.44428421549057 -34.56802866638424, -58.444445161406165 -34.56820080760357)"
16088,PAVON,Ciclovías,1,Constitucion,58.32,"LINESTRING (-58.38224491644215 -34.625962597648446, -58.38288007606658 -34.62598935637277)"
10004,CORRIENTES AV.,Ciclovías mano única,1,San Nicolas,129.9,"LINESTRING (-58.37666269180612 -34.603404177825354, -58.37807494661316 -34.60349066663076)"
7945,"ACUNA DE FIGUEROA, FRANCISCO",Ciclovías,14,Palermo,135.18,"LINESTRING (-58.42130200202617 -34.595365329462496, -58.42109515617994 -34.594339818844574, -58.421060074882924 -34.59416332493849)"
21267,PEPIRI,Ciclovías,4,Parque Patricios,150.86,"LINESTRING (-58.409308496269865 -34.64272774198806, -58.40954416613393 -34.644073561407055)"
10284,CORRIENTES AV.,Ciclovías mano única,3,Balvanera,115.81,"LINESTRING (-58.39822191948896 -34.60457957017559, -58.39948263925824 -34.60463460307796)"
4738,SANCHEZ DE BUSTAMANTE,Ciclovías,2,Recoleta,15.23,"LINESTRING (-58.41165010562321 -34.59322468956097, -58.41156706530936 -34.59310584960491)"
7275,"DIAZ, CNEL. AV.",Ciclovías,14,Palermo,10.13,"LINESTRING (-58.41239341024797 -34.591750470308284, -58.41232958857011 -34.59167593537616)"
31954,"GARCIA, MARTIN AV.",Ciclovías,1,San Telmo,12.02,"LINESTRING (-58.36805586968094 -34.62706216307982, -58.36816096776406 -34.62712689018745)"
7736,"ALVAREZ, JULIAN",Ciclovías,14,Palermo,125.54,"LINESTRING (-58.426248680847884 -34.594231420170786, -58.4260750108565 -34.59411044983632, -58.42520070825754 -34.59350369112474)"
8,CAMINO DE SIRGA,Ciclovías,4,Nueva Pompeya,503.26,"LINESTRING (-58.4164281157237 -34.65897508722797, -58.4159547058756 -34.65894015512358, -58.4153021223349 -34.658779796455235, -58.41469034304216 -34.65860259702385, -58.41428248672813 -34.65849288903117, -58.41365027110566 -34.65839151629403, -58.413181174298415 -34.65837447334115, -58.412691701992195 -34.65832371354569, -58.412314341544125 -34.658382544884255, -58.411926767165845 -34.65846665081269, -58.41144740487375 -34.65855914362945, -58.411080261385926 -34.65858426875879, -58.41107610907777 -34.65858533904117)"
7541,JUNCAL,Ciclovías,2,Recoleta,33.35,"LINESTRING (-58.396857486185716 -34.59305457159824, -58.39699922219252 -34.59301204235138, -58.39719964470928 -34.592952924749845)"
18216,IRALA,Ciclovías,4,La Boca,107.02,"LINESTRING (-58.36781021107165 -34.63243003497966, -58.36751401344743 -34.633363121571165)"
5721,GORRITI,Ciclovías,14,Palermo,130.25,"LINESTRING (-58.43719015588134 -34.5849221898635, -58.43824139061324 -34.58413310019643)"
5188,SOLER,Ciclovías,14,Palermo,122.24,"LINESTRING (-58.43069127790776 -34.582376847824925, -58.4316539798396 -34.58161518576187)"
15882,BRASIL AV.,Ciclovías,1,San Telmo,136.02,"LINESTRING (-58.366492172111165 -34.62519392150992, -58.36797542172831 -34.625194033298094)"
17088,DEFENSA,Ciclovías,1,San Telmo,33.91,"LINESTRING (-58.37069707690106 -34.629187932715766, -58.37066223486257 -34.62949227557456)"
7597,JUNCAL,Ciclovías,2,Recoleta,6.12,"LINESTRING (-58.395755449686035 -34.59338531006864, -58.395692758251954 -34.59340407847793)"
4092,DEL LIBERTADOR AV.,Ciclovías,14,Palermo,147.62,"LINESTRING (-58.41174971969044 -34.57643471269888, -58.413161479160635 -34.57579669686849)"
13860,"ACHAVAL RODRIGUEZ, T., DR. AV.",Ciclovías,1,Puerto Madero,41.97,"LINESTRING (-58.35694469020357 -34.616959012639064, -58.35668083047827 -34.61726811436567)"
13527,MEXICO,Ciclovías,3,Balvanera,140.87,"LINESTRING (-58.40116990552073 -34.61655915712964, -58.402535675748034 -34.61671900198823, -58.402689154723554 -34.61674450119365)"
8140,SAN MARTIN,Ciclovías,1,Retiro,50.97,"LINESTRING (-58.374321735835885 -34.59623991987154, -58.37434911079011 -34.59578100252997)"
18212,"HORNOS, GRAL.",Ciclovías,4,Barracas,95.51,"LINESTRING (-58.37776972608966 -34.63253320126033, -58.37749594736813 -34.63323195942841, -58.377458589304716 -34.633354539959605)"
28968,DEL LIBERTADOR AV.,Ciclovías,14,Palermo,125.44,"LINESTRING (-58.438177601891816 -34.562946820840445, -58.43883471975325 -34.56270028554421, -58.43944733936333 -34.56253250045331)"
12460,"ALSINA, ADOLFO",Ciclovías,3,Balvanera,133.15,"LINESTRING (-58.41007350897793 -34.61269204882488, -58.411463990005366 -34.613036807041794)"
3480,SARMIENTO AV.,Ciclovías,14,Palermo,65.48,"LINESTRING (-58.41246580714191 -34.57214866120296, -58.4123039189711 -34.571942040246846, -58.41219962155065 -34.57181227571938, -58.41214366440746 -34.57171056010015, -58.41211595480204 -34.57163765969686)"
7833,SUIPACHA,Ciclovías,1,Retiro,66.99,"LINESTRING (-58.379962448779864 -34.5947041597089, -58.37997313523128 -34.59424664696244, -58.38003772578129 -34.5941104691435)"
6279,GODOY CRUZ,Ciclovías,14,Palermo,120.37,"LINESTRING (-58.4339478726429 -34.58749509046104, -58.43290380865871 -34.586837992329365)"
5871,"FIGUEROA ALCORTA, PRES. AV.",Ciclovías,2,Recoleta,202.7,"LINESTRING (-58.38733631423259 -34.58573386774139, -58.38755868742917 -34.58561479099985, -58.38844452625673 -34.58515893274117, -58.389231544631016 -34.584796096616145)"
31432,"FERNANDEZ, SARA BEATRIZ",Ciclovías,1,Retiro,531.12,"LINESTRING (-58.37242064338068 -34.58906268231019, -58.37282105672769 -34.58890269467152, -58.37720327522374 -34.58637279320912)"
6639,CORDOBA AV.,Ciclovías mano única,14,Palermo,23.45,"LINESTRING (-58.438052935675344 -34.58898983762226, -58.43825138319738 -34.58885663676766)"
15546,AZOPARDO,Ciclovías,1,San Telmo,147.92,"LINESTRING (-58.36677499619515 -34.622699399649676, -58.36662045962842 -34.62402661606588)"
16682,PAVON,Ciclovías,3,San Cristobal,124.96,"LINESTRING (-58.40530436012296 -34.627953086521224, -58.406445853632704 -34.62809348458106, -58.406652859249895 -34.62811449661025)"
8872,CORDOBA AV.,Ciclovías mano única,2,Recoleta,137.95,"LINESTRING (-58.40107242061474 -34.59948393850292, -58.4012111652749 -34.59946745962864, -58.40201118424417 -34.599369059739786, -58.402477298066245 -34.599120204605946)"
11877,"ALSINA, ADOLFO",Ciclovías mano única,1,Monserrat,38.5,"LINESTRING (-58.38144696375261 -34.61079875429414, -58.38186483530629 -34.610831315473874)"
30421,CORRIENTES AV.,Ciclovías mano única,1,San Nicolas,13.31,"LINESTRING (-58.370267690326465 -34.603006224300984, -58.3704125010713 -34.603013905923156)"
6260,"VEGA, NICETO, CNEL. AV.",Ciclovías,14,Palermo,22.17,"LINESTRING (-58.438327086830384 -34.5874257117865, -58.43851181947193 -34.58729687394003)"
11504,TACUARI,Ciclovías,1,Monserrat,65.73,"LINESTRING (-58.37919132935523 -34.60889905299253, -58.379169225348015 -34.60936488918665, -58.37916441339593 -34.609491155192735)"
4665,DEL LIBERTADOR AV.,Ciclovías,14,Palermo,34.14,"LINESTRING (-58.40556900862605 -34.579776445951666, -58.40583455098271 -34.57956086299949)"
4452,DEL LIBERTADOR AV.,Ciclovías,14,Palermo,108.84,"LINESTRING (-58.406916666815924 -34.578682383873414, -58.4070386324306 -34.57858337738153, -58.40768687493782 -34.57825240058672, -58.407910014253794 -34.57815292269849)"
5830,GODOY CRUZ,Ciclovías,14,Palermo,81.66,"LINESTRING (-58.431162763791406 -34.58539942211338, -58.43064020227634 -34.58480359438891)"
18142,DEAN FUNES,Ciclovías,4,Parque Patricios,169.71,"LINESTRING (-58.40477476272233 -34.63164442144348, -58.40456863459404 -34.633026096787376, -58.4045418716637 -34.63316200073668)"
31052,MACHU PICCHU,Ciclovías,1,Retiro,54.68,"LINESTRING (-58.37703961417226 -34.585657092910616, -58.37705572408643 -34.5854857977333, -58.37706777127708 -34.58534914401125, -58.37705230560211 -34.5852446667621, -58.37700565760814 -34.58517594378263)"
15818,CONSTITUCION,Ciclovías,1,Constitucion,116.76,"LINESTRING (-58.38839238107418 -34.624937924803284, -58.38866709648106 -34.624963375166146, -58.38965623479029 -34.625065104236604)"
14556,AZOPARDO,Ciclovías,1,San Telmo,131.07,"LINESTRING (-58.367161229864415 -34.61930818649642, -58.36702723950308 -34.62048450311954)"
14570,"CALVO, CARLOS",Ciclovías,3,San Cristobal,122.36,"LINESTRING (-58.39316849884358 -34.620461205537126, -58.3944988579342 -34.62054492184616)"
10782,MONTEVIDEO,Ciclovías,1,San Nicolas,131.09,"LINESTRING (-58.38931087696526 -34.6066292396726, -58.38934239868266 -34.60556318725581, -58.38934224538037 -34.60544790381891)"
7126,DEL LIBERTADOR AV.,Ciclovías,1,Retiro,177.84,"LINESTRING (-58.37785940592002 -34.59107842083628, -58.378753196500725 -34.590492061710414, -58.3793969545921 -34.59010267527129)"
18471,IRALA,Ciclovías,4,La Boca,104.82,"LINESTRING (-58.36751401344743 -34.633363121571165, -58.36722388042407 -34.63427705696188)"
9565,TUCUMAN,Ciclovías,3,Balvanera,112.08,"LINESTRING (-58.40359167986319 -34.60195713632234, -58.40480504724405 -34.601838849010534)"
3954,CASARES AV.,Ciclovías,14,Palermo,46.92,"LINESTRING (-58.40854618375906 -34.57557787859746, -58.408452155916265 -34.57549931373056, -58.408327255959684 -34.575370029679014, -58.408217928027604 -34.575254203491305)"
19973,USPALLATA,Ciclovías,4,Parque Patricios,150.04,"LINESTRING (-58.40356596442903 -34.63928320385288, -58.40514763505326 -34.63962981641976)"
9988,HUMAHUACA,Ciclovías,3,Balvanera,130.18,"LINESTRING (-58.41158737712167 -34.60347792233621, -58.41283573066934 -34.60326639962376, -58.4129751703451 -34.60323385109574)"
20458,HERRERA,Ciclovías,4,Barracas,113.6,"LINESTRING (-58.377093345924365 -34.640350824684575, -58.377044688059925 -34.64060283466916, -58.37684699709928 -34.64135403901873)"
11734,"ROCA, JULIO A., PRESIDENTE DIAGONAL SUR AV.",Ciclovías mano única,1,Monserrat,16.77,"LINESTRING (-58.37485421594207 -34.61024677894443, -58.37493713108046 -34.610289656501216, -58.37496832105198 -34.61035510250036)"
32052,"PERETTE, CARLOS H.",Ciclovías,1,Retiro,29.96,"LINESTRING (-58.37903152268142 -34.582040595784896, -58.379307214770925 -34.58189594800359)"
16406,CABOTO,Ciclovías,4,La Boca,85.02,"LINESTRING (-58.36214517547938 -34.62665752253743, -58.361603768228875 -34.627017217004045, -58.361421736650755 -34.627136784672885)"
19737,USPALLATA,Ciclovías,4,Parque Patricios,179.44,"LINESTRING (-58.3996670047447 -34.638485943069256, -58.39982810290251 -34.638515604747184, -58.40156864526994 -34.63886798018951)"
21976,QUILMES,Ciclovías,4,Nueva Pompeya,117.58,"LINESTRING (-58.41738441649298 -34.64527564827873, -58.417402578914626 -34.6463354522022)"
23419,PEPIRI,Ciclovías,4,Nueva Pompeya,34.41,"LINESTRING (-58.40740786382398 -34.65170653138095, -58.407304209283545 -34.65200465487557)"
7790,"MANSILLA, LUCIO NORBERTO, GENERAL",Ciclovías,2,Recoleta,132.24,"LINESTRING (-58.40905810517838 -34.59448626174219, -58.41033252323199 -34.59392934765664)"
11035,LA RABIDA (N) AV.,Ciclovías,1,San Nicolas,59.7,"LINESTRING (-58.36858990512265 -34.606822938391915, -58.368683998146594 -34.60671990017028, -58.36879263120487 -34.60659823785501, -58.36890380874817 -34.60651075170596, -58.36902858703982 -34.6064302191855)"
10043,CORRIENTES AV.,Ciclovías mano única,1,San Nicolas,138.33,"LINESTRING (-58.37947502603063 -34.603576426491614, -58.38097892231629 -34.603668578495856)"
6375,AZCUENAGA,Ciclovías,2,Recoleta,16.13,"LINESTRING (-58.39528758582909 -34.587854323235746, -58.395188822225904 -34.587733984383085)"
6417,FRENCH,Ciclovías,2,Recoleta,56.42,"LINESTRING (-58.404057377558345 -34.588032983014564, -58.404559642977645 -34.58773955872815)"
19853,USPALLATA,Ciclovías,4,Parque Patricios,159.01,"LINESTRING (-58.40156864526994 -34.63886798018951, -58.40291322880349 -34.63914020507766, -58.40325143791209 -34.63921431639007)"
31817,SAN MARTIN,Ciclovías,1,Retiro,52.59,"LINESTRING (-58.37267596650422 -34.59213286343341, -58.372477162232265 -34.591688273903536)"
5983,"DIAZ, CNEL. AV.",Ciclovías,14,Palermo,75.48,"LINESTRING (-58.40804103537844 -34.586148832858065, -58.40762853294531 -34.585560184258696)"
5355,DEL LIBERTADOR AV.,Ciclovías,2,Recoleta,117.21,"LINESTRING (-58.39599837811694 -34.58338576505636, -58.396512546451575 -34.58322132621983, -58.39722252140173 -34.58309523150809)"
5669,"BORGES, JORGE LUIS",Ciclovías,14,Palermo,149.43,"LINESTRING (-58.424233870952264 -34.58466950050206, -58.423067782243386 -34.583729104688246)"
12141,AZOPARDO,Ciclovías,1,Monserrat,73.53,"LINESTRING (-58.36820234390336 -34.611100237533826, -58.3680231621488 -34.61174630343167)"
4548,DEL LIBERTADOR AV.,Ciclovías,14,Palermo,75.84,"LINESTRING (-58.40632678463618 -34.57916129752113, -58.406916666815924 -34.578682383873414)"
8325,"ALVEAR, MARCELO T. DE",Ciclovías,2,Recoleta,134.32,"LINESTRING (-58.39887212689948 -34.59704811068338, -58.39900414098596 -34.59703057440134, -58.40016099966512 -34.596775188499095, -58.400288425028 -34.596743493297765)"
9854,BOUCHARD,Ciclovías,1,San Nicolas,122.95,"LINESTRING (-58.36901515496271 -34.60290758538501, -58.369039333496325 -34.60276485550296, -58.369140574182005 -34.60195555559356, -58.36915862826443 -34.60180570815767)"
6343,FRENCH,Ciclovías,2,Recoleta,106.53,"LINESTRING (-58.404559642977645 -34.58773955872815, -58.40537854276958 -34.5872610685455, -58.40550070801969 -34.587177674301856)"
5476,"DIAZ, CNEL. AV.",Ciclovías,14,Palermo,43.94,"LINESTRING (-58.40640109845206 -34.58380824880417, -58.40617526907558 -34.58345898207293)"
6706,"MANSILLA, LUCIO NORBERTO, GENERAL",Ciclovías,14,Palermo,109.43,"LINESTRING (-58.41702826773227 -34.58934262688601, -58.41706047775097 -34.58930313137283, -58.41791635294106 -34.58868647018103)"
10199,CORRIENTES AV.,Ciclovías mano única,1,San Nicolas,131.59,"LINESTRING (-58.389395118444014 -34.60421805892092, -58.39082287618787 -34.6043332832326)"
8870,CORDOBA AV.,Ciclovías mano única,2,Recoleta,117.96,"LINESTRING (-58.38686704679108 -34.599292132095606, -58.38795514048412 -34.599343091272935, -58.38815075243375 -34.599353916290134)"
19870,USPALLATA,Ciclovías,4,Parque Patricios,29.83,"LINESTRING (-58.40325143791209 -34.63921431639007, -58.40356596442903 -34.63928320385288)"
10310,CORRIENTES AV.,Ciclovías mano única,3,Balvanera,119.42,"LINESTRING (-58.400838846662666 -34.604674953349395, -58.40120157712025 -34.60468330763226, -58.402139952467124 -34.60471293696164)"
4842,GODOY CRUZ,Ciclovías,14,Palermo,137.39,"LINESTRING (-58.427074107812956 -34.58073241708142, -58.426195771688576 -34.57972938795806)"
16646,DEAN FUNES,Ciclovías,3,San Cristobal,107.01,"LINESTRING (-58.405435541556706 -34.626994617306835, -58.40530436012296 -34.627953086521224)"
6589,GORRITI,Ciclovías,14,Palermo,109.67,"LINESTRING (-58.43218696966454 -34.588761436919185, -58.43313119735605 -34.588155254985246)"
16343,"GARAY, JUAN DE AV.",Ciclovías,1,Constitucion,198.16,"LINESTRING (-58.38018543959765 -34.6263698077313, -58.38223382941855 -34.62693865719167)"
1954,DE LOS OMBUES AV.,Ciclovías,14,Palermo,97.65,"LINESTRING (-58.42735707975071 -34.55928354151012, -58.42774956610355 -34.55972268024177, -58.42791625039513 -34.55989477472233, -58.428006104878406 -34.55998057727407)"
20256,"HORNOS, GRAL.",Ciclovías,4,Barracas,121.4,"LINESTRING (-58.375844746400105 -34.63953197096319, -58.375798970241206 -34.639714263640556, -58.3756996923896 -34.640618707111024)"
17809,CABOTO,Ciclovías,4,La Boca,105.12,"LINESTRING (-58.3564062478892 -34.63122316770727, -58.35600249338207 -34.63189119997312, -58.35589431673006 -34.63207103607547)"
27861,SERRANO,Ciclovías,14,Palermo,54.38,"LINESTRING (-58.43054045720114 -34.58895241781307, -58.42995582604729 -34.588871835548886)"
32942,ANTARTIDA ARGENTINA AV.,Ciclovías,1,Retiro,51.1,"LINESTRING (-58.37030709345299 -34.59175161905748, -58.37034148761381 -34.59129185789533)"
18037,HERRERA,Ciclovías,4,Barracas,74.89,"LINESTRING (-58.37951371123769 -34.63220990152296, -58.37931155984464 -34.63286392383042)"
7233,"ALVAREZ, JULIAN",Ciclovías,14,Palermo,264.77,"LINESTRING (-58.422457081098976 -34.591599602921455, -58.420244493936735 -34.590067196649265)"
10856,"PERON, JUAN DOMINGO, TTE. GENERAL",Ciclovías mano única,3,Balvanera,134.06,"LINESTRING (-58.392115437039905 -34.60678781180275, -58.39231838390088 -34.60680785989914, -58.393567755298825 -34.60692301858666)"
5253,DEL LIBERTADOR AV.,Ciclovías,2,Recoleta,8.13,"LINESTRING (-58.39927817508175 -34.582730123309354, -58.399364781411265 -34.58271474589321)"
6036,"ALVAREZ, JULIAN",Ciclovías,14,Palermo,111.91,"LINESTRING (-58.41406332764469 -34.58640395073148, -58.413160796021856 -34.58572540225307)"
16554,RINCON,Ciclovías,3,San Cristobal,107.5,"LINESTRING (-58.39443279795784 -34.62667868689015, -58.39429594972209 -34.627641084747594)"
12224,"ALSINA, ADOLFO",Ciclovías,3,Balvanera,124.66,"LINESTRING (-58.39896595507313 -34.61198323712056, -58.39921142167513 -34.61200047921769, -58.40031976721926 -34.612082325097084)"
21663,QUILMES,Ciclovías,4,Nueva Pompeya,119.06,"LINESTRING (-58.41737094839833 -34.64420253596791, -58.41736947561393 -34.644400987731004, -58.41738441649298 -34.64527564827873)"
9314,SAN MARTIN,Ciclovías,1,San Nicolas,130.6,"LINESTRING (-58.373997756229976 -34.60096074157834, -58.3740031116424 -34.60089053317941, -58.37408092098208 -34.59988508200292, -58.37408715899601 -34.59978578928535)"
4977,DEL LIBERTADOR AV.,Ciclovías,14,Palermo,124.22,"LINESTRING (-58.40367321558699 -34.58129246409665, -58.40464765686781 -34.58051517538289)"
18496,DEAN FUNES,Ciclovías,4,Parque Patricios,136.02,"LINESTRING (-58.4045418716637 -34.63316200073668, -58.40430348131568 -34.63437217920251)"
14665,TACUARI,Ciclovías,1,Constitucion,127.3,"LINESTRING (-58.378698512840636 -34.61973117487587, -58.378695681592916 -34.61983497696448, -58.37867565650057 -34.62076469236874, -58.37866770402339 -34.62087835015667)"
4846,SARMIENTO AV.,Ciclovías,14,Palermo,488.48,"LINESTRING (-58.42058658574377 -34.58079398621544, -58.4172704158941 -34.57734940180585)"
7433,DEL LIBERTADOR AV.,Ciclovías,1,Retiro,159.04,"LINESTRING (-58.37533517996532 -34.59276462993534, -58.37667408718237 -34.59185400650257)"
8474,CORDOBA AV.,Ciclovías mano única,14,Palermo,148.17,"LINESTRING (-58.42016489935273 -34.597762647273626, -58.4204348671173 -34.59775689724433, -58.42177967769403 -34.597734404132424)"
11023,"PERON, JUAN DOMINGO, TTE. GENERAL",Ciclovías mano única,3,Balvanera,118.1,"LINESTRING (-58.40346921880614 -34.60752638285998, -58.40363606591072 -34.607534140729115, -58.40475125014187 -34.607623555465814)"
3689,ZAPATA,Ciclovías,14,Palermo,120.03,"LINESTRING (-58.44068609061159 -34.57375309878597, -58.44087164080878 -34.57362397552579, -58.44170451565072 -34.57307418518735)"
13726,MEXICO,Ciclovías,3,Balvanera,130.4,"LINESTRING (-58.40414129158317 -34.61704387974939, -58.40546975635489 -34.61746276140671)"
12910,AZOPARDO,Ciclovías,1,Monserrat,131.65,"LINESTRING (-58.36782461727603 -34.61345588871546, -58.367707438084615 -34.61447327471901, -58.3676891067499 -34.614637346937286)"
15069,"CALVO, CARLOS",Ciclovías,3,San Cristobal,164.9,"LINESTRING (-58.40736267167513 -34.62204912217659, -58.40910801029191 -34.62240639308032)"
10781,"PERON, JUAN DOMINGO, TTE. GENERAL",Ciclovías mano única,1,San Nicolas,137.67,"LINESTRING (-58.3878154443387 -34.60652691376668, -58.38794293175185 -34.606542485750204, -58.38931087696526 -34.6066292396726)"
8785,CORDOBA AV.,Ciclovías mano única,1,Retiro,138.47,"LINESTRING (-58.37974595980267 -34.59897083919045, -58.38102438764025 -34.59901980721642, -58.38125372284078 -34.59903052517611)"
18,CAMINO DE SIRGA,Ciclovías,4,Barracas,652.76,"LINESTRING (-58.38522477438831 -34.65782134353045, -58.38507377735343 -34.65775516529808, -58.38474158615477 -34.65764934709852, -58.384460484141755 -34.65757876287292, -58.384043058874575 -34.65750809013301, -58.383600040195496 -34.65747260145034, -58.383276271475964 -34.65747239098137, -58.38295592869022 -34.65747573442433, -58.382765111792956 -34.65741573360778, -58.382483930851315 -34.65742962978203, -58.38193007525724 -34.65747150665474, -58.381376294760145 -34.65743593647089, -58.38109514802976 -34.65741462737851, -58.38071170332811 -34.65744957223201, -58.37998751905372 -34.657413881039055, -58.37951890680695 -34.65741356225107, -58.37906737037459 -34.65737805128955, -58.37847102628814 -34.65730723662308, -58.378214108568166 -34.65724148590596)"
10996,"PERON, JUAN DOMINGO, TTE. GENERAL",Ciclovías mano única,3,Balvanera,137.57,"LINESTRING (-58.4019709931743 -34.60747014522026, -58.40210930731056 -34.60747789083143, -58.403319490863296 -34.60751933741512, -58.40346921880614 -34.60752638285998)"
8915,CORDOBA AV.,Ciclovías mano única,2,Recoleta,129.99,"LINESTRING (-58.39014365748361 -34.5994714671931, -58.3913788930986 -34.59955276612441, -58.39155628079883 -34.59956364536317)"
7613,CORDOBA AV.,Ciclovías mano única,14,Palermo,134.14,"LINESTRING (-58.43122119889041 -34.59353936648627, -58.432360384273395 -34.59278133816233)"
6280,GORRITI,Ciclovías,14,Palermo,91.53,"LINESTRING (-58.4339478726429 -34.58749509046104, -58.43448013560953 -34.58706478720257, -58.43466045179697 -34.586917643953846)"
7570,MONTEVIDEO,Ciclovías,2,Recoleta,68.69,"LINESTRING (-58.39002147468827 -34.59323326677121, -58.38946073324805 -34.592822922039424)"
13769,"VERA PENALOZA,  ROSARIO",Ciclovías,1,Puerto Madero,88.77,"LINESTRING (-58.362883997467286 -34.61757331151814, -58.36213651753049 -34.617494658323906, -58.36194346292894 -34.61741756013066)"
5449,"FIGUEROA ALCORTA, PRES. AV.",Ciclovías,2,Recoleta,152.53,"LINESTRING (-58.39167219460553 -34.583681406718036, -58.39272554091733 -34.58320123705994, -58.39312555121629 -34.583013858687515)"
18719,RONDEAU,Ciclovías,4,Parque Patricios,141.23,"LINESTRING (-58.40091663544086 -34.635033387616716, -58.40122068467375 -34.635075303717336, -58.4024465607967 -34.63517662670731)"
14898,DEAN FUNES,Ciclovías,3,San Cristobal,140.8,"LINESTRING (-58.4062474889332 -34.62055119357611, -58.406175254040235 -34.62166638430258, -58.406154023932736 -34.62181778459456)"
10535,SAN MARTIN,Ciclovías,1,San Nicolas,127.81,"LINESTRING (-58.37371792946456 -34.605614688789316, -58.37372490189451 -34.60546680448421, -58.37378306614828 -34.60460028549692, -58.373789770247434 -34.60446416169888)"
21182,HERRERA,Ciclovías,4,Barracas,114.76,"LINESTRING (-58.376496773301106 -34.64268485751345, -58.37623071904687 -34.64369566187193)"
30741,"FIGUEROA ALCORTA, PRES. AV.",Ciclovías,14,Palermo,54.07,"LINESTRING (-58.41122192824616 -34.57200854892337, -58.41155676274892 -34.571913050714464, -58.41178332344347 -34.57186125448317)"
5545,DEL LIBERTADOR AV.,Ciclovías,2,Recoleta,142.0,"LINESTRING (-58.39391034165146 -34.584053481035845, -58.395353812415344 -34.58359189051141)"
10686,"PERON, JUAN DOMINGO, TTE. GENERAL",Ciclovías mano única,1,San Nicolas,138.3,"LINESTRING (-58.38208183184201 -34.606139916537664, -58.38221358550452 -34.606145849323184, -58.38345385546793 -34.6062235697797, -58.38358509308802 -34.60623499378224)"
3878,CASARES AV.,Ciclovías,14,Palermo,67.76,"LINESTRING (-58.40799842233405 -34.57502156449624, -58.40781490627375 -34.574827111222895, -58.40760925484662 -34.5745051802867)"
8177,"ALVEAR, MARCELO T. DE",Ciclovías,1,Retiro,136.47,"LINESTRING (-58.37695818936537 -34.596278856646734, -58.377064381969795 -34.596281748684326, -58.378316513121966 -34.596354600098245, -58.37844177217033 -34.596367081829996)"
18913,"ALCORTA, AMANCIO AV.",Ciclovías,4,Barracas,335.58,"LINESTRING (-58.38369668050954 -34.633343841112314, -58.38373852443058 -34.63342119310884, -58.38561397689087 -34.635919608915714)"
27840,"ROCA, JULIO A., PRESIDENTE DIAGONAL SUR AV.",Ciclovías mano única,1,Monserrat,8.34,"LINESTRING (-58.37478545785064 -34.6102672927362, -58.37475948814788 -34.61033931711313)"
6017,FRENCH,Ciclovías,2,Recoleta,125.18,"LINESTRING (-58.40662622408356 -34.58632579282459, -58.40762853294531 -34.585560184258696)"
9976,CORRIENTES AV.,Ciclovías mano única,1,San Nicolas,132.67,"LINESTRING (-58.375220377674225 -34.60331574954359, -58.37666269180612 -34.603404177825354)"
19205,PERDRIEL,Ciclovías,4,Barracas,153.91,"LINESTRING (-58.38732480372935 -34.63584427748398, -58.38657982750523 -34.636952070202156, -58.38647809338654 -34.63703755202242)"
32962,"MOREAU DE JUSTO, ALICIA AV.",Ciclovías,1,Puerto Madero,118.37,"LINESTRING (-58.36608612201368 -34.61454497674273, -58.365982137499714 -34.61547346803628, -58.36596650721995 -34.615607357873394)"
32963,"MOREAU DE JUSTO, ALICIA AV.",Ciclovías,1,Puerto Madero,125.25,"LINESTRING (-58.366212510946625 -34.613420766807934, -58.36608612201368 -34.61454497674273)"
17304,PICHINCHA AV.,Ciclovías,4,Parque Patricios,132.49,"LINESTRING (-58.396545672191934 -34.629194888405756, -58.396299652987686 -34.63022666566432, -58.396260947598485 -34.63036565991495)"
10316,CORRIENTES AV.,Ciclovías mano única,3,Balvanera,78.48,"LINESTRING (-58.403633628515244 -34.60474987424446, -58.40448282956744 -34.60466352473217)"
7985,"ALVAREZ, JULIAN",Ciclovías,14,Palermo,86.1,"LINESTRING (-58.42809080557664 -34.59551459215837, -58.42737303595698 -34.59501458608686)"
8959,CORDOBA AV.,Ciclovías mano única,2,Recoleta,141.06,"LINESTRING (-58.39718882603845 -34.59972957604712, -58.398726105316136 -34.599759625061814)"
32918,"MOREAU DE JUSTO, ALICIA AV.",Ciclovías,1,Puerto Madero,116.84,"LINESTRING (-58.366946841496784 -34.60529146632776, -58.36688736639578 -34.60588076104386, -58.36684454316203 -34.60634128362213)"
7375,"MANSILLA, LUCIO NORBERTO, GENERAL",Ciclovías,14,Palermo,105.87,"LINESTRING (-58.41288041591801 -34.59231927355084, -58.413648520468946 -34.59176380453941, -58.4137492183116 -34.59169116819227)"
3817,"BULLRICH, INT. AV.",Ciclovías,14,Palermo,408.45,"LINESTRING (-58.42324699857255 -34.57116828888843, -58.42485564408486 -34.57428126263498, -58.4249896110082 -34.574556239745846)"
19954,"ARAOZ DE LAMADRID, GREGORIO, GRAL.",Ciclovías,4,La Boca,138.55,"LINESTRING (-58.36367816288873 -34.63930566581718, -58.36516232470578 -34.639540251400504)"
19700,"ARAOZ DE LAMADRID, GREGORIO, GRAL.",Ciclovías,4,La Boca,144.53,"LINESTRING (-58.36081529607184 -34.63811624121496, -58.362079614837626 -34.63862138596279, -58.362234184785905 -34.63868362736226)"
8104,ECUADOR,Ciclovías,2,Recoleta,100.26,"LINESTRING (-58.404585542233654 -34.59607337232229, -58.404179664866206 -34.595234219205494)"
8241,"ALVEAR, MARCELO T. DE",Ciclovías,1,Retiro,79.82,"LINESTRING (-58.37541758063675 -34.596244305612345, -58.3756030785423 -34.5963083044619, -58.375926737141896 -34.59632978008746, -58.376263456323365 -34.59626998268777)"
32948,"MOREAU DE JUSTO, ALICIA AV.",Ciclovías,1,Puerto Madero,84.69,"LINESTRING (-58.36684454316203 -34.60634128362213, -58.36678656482745 -34.60652716609794, -58.36671473394094 -34.60709555522154)"
18530,ALBERTI,Ciclovías,4,Parque Patricios,129.92,"LINESTRING (-58.39829842903102 -34.633390103036156, -58.39787147312801 -34.63450678701159)"
7351,GORRITI,Ciclovías,14,Palermo,135.74,"LINESTRING (-58.426866807928675 -34.592178755305, -58.42803530472583 -34.5914282408545)"
7185,GORRITI,Ciclovías,14,Palermo,133.81,"LINESTRING (-58.42803530472583 -34.5914282408545, -58.42918717090893 -34.590688344452104)"
2579,"FIGUEROA ALCORTA, PRES. AV.",Ciclovías,14,Palermo,279.64,"LINESTRING (-58.42008769057804 -34.56539579027669, -58.421638424103904 -34.56473895517714, -58.42204884303202 -34.56453951283778, -58.42233241851708 -34.564340660426915, -58.422565703128846 -34.564098338946955, -58.422602252979644 -34.5640369413732)"
13211,AZOPARDO,Ciclovías,1,Monserrat,116.61,"LINESTRING (-58.3676891067499 -34.614637346937286, -58.367572401581214 -34.615684099544914)"
10270,SARMIENTO,Ciclovías,1,San Nicolas,126.7,"LINESTRING (-58.373789770247434 -34.60446416169888, -58.375029397652675 -34.604554573131026, -58.375165744159 -34.60456361548502)"
1181,"OBLIGADO RAFAEL, AV.COSTANERA",Ciclovías,14,Palermo,242.55,"LINESTRING (-58.423581303412654 -34.55312666849527, -58.42411112989359 -34.552946904799974, -58.424811424024725 -34.55273261668147, -58.42602614493797 -34.55229840596255)"
2811,SARMIENTO AV.,Ciclovías,14,Palermo,287.43,"LINESTRING (-58.405163250279564 -34.56711922409597, -58.40476604457388 -34.5673145426658, -58.40401091730255 -34.56760064752011, -58.40324893716321 -34.56777788600028, -58.40244545229156 -34.56788061702953, -58.40221465335012 -34.567916690783704)"
9659,TUCUMAN,Ciclovías,3,Balvanera,111.97,"LINESTRING (-58.3985002253691 -34.60220278179626, -58.399597416301035 -34.602221810528256, -58.39972065319308 -34.602221381840096)"
6319,DEL LIBERTADOR AV.,Ciclovías,2,Recoleta,129.76,"LINESTRING (-58.383847460509166 -34.58767797198763, -58.385028782426694 -34.58703485096942)"
18265,FINOCHIETTO ENRIQUE DR.,Ciclovías,4,Barracas,68.13,"LINESTRING (-58.382552788397504 -34.63318245381337, -58.383136032611276 -34.63356284223342)"
10319,SARMIENTO,Ciclovías,1,San Nicolas,131.25,"LINESTRING (-58.376583376081555 -34.60465646355559, -58.37785743224291 -34.604732856435575, -58.37801038581062 -34.604743456557394)"
12659,BOLIVAR,Ciclovías,1,Monserrat,129.52,"LINESTRING (-58.37332019332151 -34.6125536455121, -58.37325978088599 -34.61359924828897, -58.373252836347305 -34.61371987851734)"
15936,CONSTITUCION,Ciclovías,3,San Cristobal,106.37,"LINESTRING (-58.39345266400909 -34.62535811506814, -58.39363836600385 -34.62537420735483, -58.39460434683463 -34.62547179852175)"
5136,DEL LIBERTADOR AV.,Ciclovías,14,Palermo,12.04,"LINESTRING (-58.40153456772427 -34.58204535805431, -58.40165686701603 -34.58200591211915)"
16147,"CEVALLOS, VIRREY",Ciclovías,1,Constitucion,140.47,"LINESTRING (-58.38839238107418 -34.624937924803284, -58.388310994425055 -34.62620239578601)"
12567,SANCHEZ DE LORIA,Ciclovías,3,Balvanera,93.78,"LINESTRING (-58.41343773198023 -34.612613539540824, -58.41331638028424 -34.612853845196774, -58.413118685324505 -34.61341553204709)"
15168,COCHABAMBA,Ciclovías,1,San Telmo,130.48,"LINESTRING (-58.36677499619515 -34.622699399649676, -58.36819145895145 -34.622809597996834)"
7531,JUNCAL,Ciclovías,2,Recoleta,26.36,"LINESTRING (-58.39719964470928 -34.592952924749845, -58.39747025295865 -34.59287314013312)"
15914,CONSTITUCION,Ciclovías,3,San Cristobal,84.01,"LINESTRING (-58.39253955689363 -34.625298503632216, -58.39324532535353 -34.625340038221616, -58.39345266400909 -34.62535811506814)"
13447,CHILE,Ciclovías,1,Monserrat,35.36,"LINESTRING (-58.38118367090443 -34.616468396611054, -58.38156850262328 -34.61648696512735)"
7596,JUNCAL,Ciclovías,2,Recoleta,107.55,"LINESTRING (-58.395755449686035 -34.59338531006864, -58.396857486185716 -34.59305457159824)"
12764,RINCON,Ciclovías,3,Balvanera,128.72,"LINESTRING (-58.39615227401739 -34.612975396100545, -58.39613976324014 -34.613914415589676, -58.39613805181527 -34.61413568512822)"
15101,"CEVALLOS, VIRREY",Ciclovías,1,Constitucion,130.35,"LINESTRING (-58.388744837151386 -34.62138619872847, -58.388676364179965 -34.62231891420126, -58.38865417105461 -34.62255876254768)"
18476,"RODRIGUEZ, MARTIN",Ciclovías,4,La Boca,101.04,"LINESTRING (-58.36187312950283 -34.6334712382419, -58.36143715398138 -34.63417890974078, -58.36137338265839 -34.63428294194341)"
15130,"CALVO, CARLOS",Ciclovías,3,San Cristobal,139.65,"LINESTRING (-58.40910801029191 -34.62240639308032, -58.409222827881486 -34.6224298950126, -58.41059085961378 -34.62269260954073)"
10463,ECUADOR,Ciclovías,3,Balvanera,127.33,"LINESTRING (-58.408228978687816 -34.6053519732108, -58.407868900845266 -34.604422359986486, -58.407814673083486 -34.604256699106244)"
29087,SARMIENTO AV.,Ciclovías,14,Palermo,242.49,"LINESTRING (-58.409458451651155 -34.56900889159826, -58.4086206265595 -34.568118396362, -58.40822535869532 -34.56768624277653, -58.4079930867959 -34.56739309864973, -58.407862748355534 -34.567268177780505)"
31704,SENDERO PEATONAL PUEYRREDON,Ciclovías,2,Recoleta,95.38,"LINESTRING (-58.3917220211727 -34.5847563847413, -58.39184922605835 -34.584610545619334, -58.391912514255054 -34.58452502914206, -58.39188672187151 -34.58444421393318, -58.391813348886814 -34.58437446132173, -58.3916806044211 -34.58428988715792, -58.39152231867086 -34.58420529795583, -58.391446499509925 -34.58411587767203)"
7729,ARENALES,Ciclovías,1,Retiro,143.25,"LINESTRING (-58.38003772578129 -34.5941104691435, -58.38016767547994 -34.59411154422154, -58.381393914534094 -34.59415793644243, -58.38159631748329 -34.59417898850716)"
14276,DEAN FUNES,Ciclovías,3,Balvanera,81.23,"LINESTRING (-58.40647312766752 -34.61870303702261, -58.40638983145502 -34.61943202119383)"
14573,DEAN FUNES,Ciclovías,3,San Cristobal,124.87,"LINESTRING (-58.40638983145502 -34.61943202119383, -58.40636172270974 -34.61967834909882, -58.406256442728704 -34.62041309751501, -58.4062474889332 -34.62055119357611)"
17397,COMBATE DE LOS POZOS,Ciclovías,4,Parque Patricios,129.94,"LINESTRING (-58.3917251847845 -34.629507228695275, -58.39149978538227 -34.63066365744134)"
10642,"PERON, JUAN DOMINGO, TTE. GENERAL",Ciclovías mano única,1,San Nicolas,86.27,"LINESTRING (-58.379323873890634 -34.60600854062296, -58.3794404649813 -34.60601622655443, -58.3802625790606 -34.60605608516321)"
28103,DE LOS OMBUES AV.,Ciclovías,14,Palermo,54.61,"LINESTRING (-58.431087645154236 -34.561160610096856, -58.431292789838196 -34.56162271640699)"
6076,DEL LIBERTADOR AV.,Ciclovías,2,Recoleta,164.88,"LINESTRING (-58.38584929025768 -34.58658825398644, -58.38744385423386 -34.585902905469524)"
3509,DEL LIBERTADOR AV.,Ciclovías,14,Palermo,124.87,"LINESTRING (-58.420550492861885 -34.572364088524864, -58.42174360958081 -34.5718228699623)"
21311,QUILMES,Ciclovías,4,Nueva Pompeya,132.17,"LINESTRING (-58.417646559844336 -34.64303615096719, -58.417372053039905 -34.644053591506704, -58.41737094839833 -34.64420253596791)"
10719,"PERON, JUAN DOMINGO, TTE. GENERAL",Ciclovías mano única,1,San Nicolas,84.95,"LINESTRING (-58.38545676357869 -34.60637775357027, -58.38638022085158 -34.60643608654132)"
18044,CABOTO,Ciclovías,4,La Boca,100.5,"LINESTRING (-58.35589431673006 -34.63207103607547, -58.355406618738265 -34.63288237396266)"
9535,BOUCHARD,Ciclovías,1,San Nicolas,144.32,"LINESTRING (-58.36915862826443 -34.60180570815767, -58.36929334539496 -34.60068635876265, -58.36931994335795 -34.6005117287493)"
11392,MONTEVIDEO,Ciclovías,1,San Nicolas,140.36,"LINESTRING (-58.38917566322734 -34.60907785375123, -58.38927081602548 -34.60781507711878)"
7938,GORRITI,Ciclovías,14,Palermo,79.47,"LINESTRING (-58.42301221568521 -34.595300200782845, -58.42363786537834 -34.594804763864644)"
7295,"DIAZ, CNEL. AV.",Ciclovías,14,Palermo,11.44,"LINESTRING (-58.412465486326106 -34.591834656693905, -58.41239341024797 -34.591750470308284)"
5224,GORRITI,Ciclovías,14,Palermo,129.55,"LINESTRING (-58.44033025792441 -34.58257010236521, -58.44137734483559 -34.581786759342485)"
17782,"BLANES, JUAN MANUEL",Ciclovías,4,La Boca,128.17,"LINESTRING (-58.36244648243932 -34.63107887762746, -58.36330667394772 -34.63198952036399)"
12759,TACUARI,Ciclovías,1,Monserrat,128.23,"LINESTRING (-58.379021578846455 -34.612944201180596, -58.37901730889154 -34.61312370760951, -58.37898582839735 -34.61409968438286)"
6806,SERRANO,Ciclovías,14,Palermo,59.05,"LINESTRING (-58.431714943659074 -34.58971893783995, -58.43120968026304 -34.589389222885096)"
8555,ECUADOR,Ciclovías,2,Recoleta,97.18,"LINESTRING (-58.40558907777432 -34.59804036110832, -58.40549366539921 -34.597838059247586, -58.40518051917426 -34.597232196719965)"
7071,SERRANO,Ciclovías,14,Palermo,147.67,"LINESTRING (-58.433434656852434 -34.59084129140911, -58.43217108881046 -34.59001666578797)"
8327,CORDOBA AV.,Ciclovías mano única,14,Palermo,142.03,"LINESTRING (-58.424844981666965 -34.59706138383529, -58.42602603365068 -34.596613574130856, -58.426242133073345 -34.596511384787114)"
8954,CORDOBA AV.,Ciclovías mano única,2,Recoleta,125.64,"LINESTRING (-58.39581957461181 -34.599702699343275, -58.39718882603845 -34.59972957604712)"
9260,TUCUMAN,Ciclovías,3,Balvanera,158.42,"LINESTRING (-58.40918112469975 -34.600843458913246, -58.41086513144157 -34.600527076668484)"
14358,TACUARI,Ciclovías,1,Constitucion,134.16,"LINESTRING (-58.3787315983354 -34.61852209879027, -58.378698512840636 -34.61973117487587)"
7020,GORRITI,Ciclovías,14,Palermo,123.75,"LINESTRING (-58.42918717090893 -34.590688344452104, -58.43025247775376 -34.59000404842814)"
14370,"CALVO, CARLOS",Ciclovías,1,Constitucion,42.02,"LINESTRING (-58.38016050994439 -34.61976105361585, -58.38034791716927 -34.619760476961936, -58.380445283111655 -34.61975990992514, -58.380618636157685 -34.6197589001646)"
7956,"URIBURU JOSE E., PRES.",Ciclovías,2,Recoleta,112.65,"LINESTRING (-58.39852476329968 -34.59538853412721, -58.39812594282215 -34.59442809498876)"
10081,CORRIENTES AV.,Ciclovías mano única,1,San Nicolas,138.48,"LINESTRING (-58.38220928185864 -34.60373898087009, -58.38371514660011 -34.60382736801033)"
3665,DEL LIBERTADOR AV.,Ciclovías,14,Palermo,131.22,"LINESTRING (-58.41795165995246 -34.573537962811685, -58.41817571432223 -34.5734322691019, -58.419206888571416 -34.572971510028445)"
3905,CASARES AV.,Ciclovías,14,Palermo,32.74,"LINESTRING (-58.408217928027604 -34.575254203491305, -58.40799842233405 -34.57502156449624)"
16107,PAVON,Ciclovías,1,Constitucion,136.47,"LINESTRING (-58.38288007606658 -34.62598935637277, -58.384366262685745 -34.62605187711664)"
6827,"MANSILLA, LUCIO NORBERTO, GENERAL",Ciclovías,14,Palermo,33.38,"LINESTRING (-58.41648616278501 -34.58972894775912, -58.41667468568027 -34.58967891306969, -58.41681438554538 -34.58960501489865)"
9072,SUIPACHA,Ciclovías,1,San Nicolas,128.97,"LINESTRING (-58.379671129739116 -34.60013172111891, -58.37973435717194 -34.59916125669856, -58.37974595980267 -34.59897083919045)"
33121,"OBLIGADO RAFAEL, AV.COSTANERA",Ciclovías,14,Palermo,168.96,"LINESTRING (-58.40750729573488 -34.56057812395818, -58.4075840850237 -34.560421224135574, -58.408609926346195 -34.55936655116247)"
12264,AZOPARDO,Ciclovías,1,Monserrat,52.94,"LINESTRING (-58.3680231621488 -34.61174630343167, -58.367989283469676 -34.61202550597878, -58.3679668285966 -34.612221195215206)"
3582,DEL LIBERTADOR AV.,Ciclovías,14,Palermo,85.47,"LINESTRING (-58.419206888571416 -34.572971510028445, -58.41950246875528 -34.57283943071151, -58.42002456626653 -34.57260264036872)"
2722,DEL LIBERTADOR AV.,Ciclovías,14,Palermo,115.12,"LINESTRING (-58.43122892541139 -34.56677611977437, -58.43224722995798 -34.5661701027001)"
20586,DON PEDRO DE MENDOZA AV.,Ciclovías,4,La Boca,150.71,"LINESTRING (-58.36020821775705 -34.641285897125854, -58.359653016867036 -34.641425126070914, -58.359144944024564 -34.64156302891141, -58.35865425953127 -34.64172577438418)"
8305,"ALVEAR, MARCELO T. DE",Ciclovías,1,Retiro,135.55,"LINESTRING (-58.38417779225646 -34.59690171889556, -58.38544511036995 -34.59696105609658, -58.38565298071054 -34.59697076616019)"
33053,OLLEROS AV.,Ciclovías,14,Palermo,31.9,"LINESTRING (-58.43628977317185 -34.56342647564485, -58.436309159919944 -34.56350677842675, -58.43640910943142 -34.563695071770404)"
17328,TACUARI,Ciclovías,4,Barracas,68.65,"LINESTRING (-58.374793905809994 -34.6299125309228, -58.374648812830316 -34.63007792019628, -58.374337247348194 -34.630402767066045)"
11226,BOLIVAR,Ciclovías,1,Monserrat,54.12,"LINESTRING (-58.37351765547804 -34.60802429359989, -58.37351468452312 -34.60817316670409, -58.37350810209254 -34.60851203975447)"
16796,"BLANES, JUAN MANUEL",Ciclovías,4,La Boca,14.99,"LINESTRING (-58.35984295086937 -34.628441596146445, -58.359943091437 -34.62854837227924)"
13681,CHILE,Ciclovías,3,Balvanera,144.77,"LINESTRING (-58.39605619670719 -34.61719645362678, -58.39627978542093 -34.61721467548306, -58.39762685523455 -34.61732576158167)"
19547,USPALLATA,Ciclovías,4,Parque Patricios,133.96,"LINESTRING (-58.39657855418673 -34.637924217079785, -58.397621468827275 -34.638108939768934, -58.39800644836189 -34.6381798513462)"
17579,"CEVALLOS, VIRREY",Ciclovías,1,Constitucion,134.12,"LINESTRING (-58.38794471120346 -34.63011587351005, -58.38793063254929 -34.630233753345635, -58.38783010467973 -34.631171376786774, -58.3878080749693 -34.63131953366284)"
21378,"HORNOS, GRAL.",Ciclovías,4,Barracas,47.53,"LINESTRING (-58.37524162805144 -34.644000447051376, -58.37517042695511 -34.64429032747067, -58.375140380410514 -34.64442058846144)"
9951,"URIBURU JOSE E., PRES.",Ciclovías,3,Balvanera,122.7,"LINESTRING (-58.39837332142515 -34.60330385746793, -58.39848915995198 -34.60230432673337, -58.3985002253691 -34.60220278179626)"
7830,ARENALES,Ciclovías,2,Recoleta,92.98,"LINESTRING (-58.38920138529037 -34.59469462630023, -58.389740482826184 -34.594360017469846, -58.390063566301336 -34.59427373152243)"
14132,"CEVALLOS, VIRREY",Ciclovías,1,Constitucion,97.23,"LINESTRING (-58.38896772598239 -34.61799615320831, -58.388917027762695 -34.618871555531285)"
6340,AZCUENAGA,Ciclovías,2,Recoleta,124.29,"LINESTRING (-58.395188822225904 -34.587733984383085, -58.39506249712185 -34.587580037908914, -58.394410607144586 -34.58681691191924)"
13336,BOLIVAR,Ciclovías,1,Monserrat,130.46,"LINESTRING (-58.37318772713301 -34.61485371814368, -58.37318182379492 -34.6149565319853, -58.373131600741104 -34.61602876185832)"
13741,"VERA PENALOZA,  ROSARIO",Ciclovías,1,Puerto Madero,17.68,"LINESTRING (-58.36194346292894 -34.61741756013066, -58.361845157793745 -34.6173971551835, -58.36175384621074 -34.61740143418883)"
15879,PASEO COLON AV.,Ciclovías,1,San Telmo,124.89,"LINESTRING (-58.36806351396048 -34.62407085031998, -58.36797904194132 -34.62500811860433, -58.36797542172831 -34.625194033298094)"
14497,"CALVO, CARLOS",Ciclovías,1,Constitucion,131.16,"LINESTRING (-58.39019964104555 -34.62013607846822, -58.39041148515484 -34.62014930397742, -58.3913130389996 -34.62020350193888, -58.39162590750209 -34.62022340471038)"
6570,"ALVAREZ, JULIAN",Ciclovías,14,Palermo,95.59,"LINESTRING (-58.41791635294106 -34.58868647018103, -58.41706918675313 -34.588184805476075)"
7974,GORRITI,Ciclovías,14,Palermo,114.51,"LINESTRING (-58.418534247038004 -34.59547061483575, -58.41978110023325 -34.59542317777067)"
11377,BOLIVAR,Ciclovías,1,Monserrat,57.2,"LINESTRING (-58.37350810209254 -34.60851203975447, -58.373499898983376 -34.608932180307306, -58.373502862579066 -34.60902753590106)"
7823,ARENALES,Ciclovías,1,Retiro,135.18,"LINESTRING (-58.385823665490726 -34.59456330110494, -58.385916311371815 -34.594571106494115, -58.38714331419417 -34.59463138641631, -58.3872937790394 -34.59464394521585)"
18678,FINOCHIETTO ENRIQUE DR.,Ciclovías mano única,4,Barracas,138.76,"LINESTRING (-58.38644220922422 -34.63463737510257, -58.387883192797204 -34.63501933459767)"
8372,"ALVEAR, MARCELO T. DE",Ciclovías,2,Recoleta,127.06,"LINESTRING (-58.39180969496683 -34.59721840554081, -58.393194670908876 -34.5972313923786)"
17482,USPALLATA,Ciclovías,4,Barracas,100.63,"LINESTRING (-58.37277798875318 -34.630252040849186, -58.373463304881774 -34.63096051240419)"
24770,"RABANAL, FRANCISCO, INTENDENTE AV.",Ciclovías,4,Nueva Pompeya,123.34,"LINESTRING (-58.42331700866572 -34.65744456286735, -58.42434764323873 -34.6579354128298, -58.4244820961712 -34.65800059693919)"
13630,BOLIVAR,Ciclovías,1,San Telmo,125.22,"LINESTRING (-58.373131600741104 -34.61602876185832, -58.37312750265146 -34.61611622470772, -58.37308676751853 -34.61715691168568)"
14318,BOLIVAR,Ciclovías,1,San Telmo,122.33,"LINESTRING (-58.37302321259245 -34.618502726117484, -58.37300894424242 -34.61862081557201, -58.37295315837116 -34.61947684085155, -58.37294194739159 -34.619603242501185)"
19142,USPALLATA,Ciclovías,4,Parque Patricios,98.01,"LINESTRING (-58.390167301007246 -34.636510176148754, -58.3904961999188 -34.636585584885985, -58.39119633409578 -34.636749030484275)"
12337,"ALSINA, ADOLFO",Ciclovías,3,Balvanera,126.38,"LINESTRING (-58.40556984413318 -34.61242056063531, -58.40694412486228 -34.61250338738946)"
18603,"HORNOS, GRAL.",Ciclovías,4,Barracas,153.46,"LINESTRING (-58.377458589304716 -34.633354539959605, -58.3773911395852 -34.633575621359874, -58.3771838968887 -34.63452006168027, -58.37713726475054 -34.63471172069617)"
8187,"ACUNA DE FIGUEROA, FRANCISCO",Ciclovías,14,Palermo,119.87,"LINESTRING (-58.42151692306705 -34.59643112466026, -58.42130200202617 -34.595365329462496)"
12378,"ALSINA, ADOLFO",Ciclovías,3,Balvanera,124.86,"LINESTRING (-58.40871574582447 -34.612610180217565, -58.41007350897793 -34.61269204882488)"
15219,SAN JUAN AV.,Ciclovías,3,San Cristobal,38.73,"LINESTRING (-58.39494684071011 -34.62294506094691, -58.39536773199197 -34.622973465403156)"
10174,ECUADOR,Ciclovías,3,Balvanera,141.91,"LINESTRING (-58.407814673083486 -34.604256699106244, -58.407410351275196 -34.603021918859056)"
8392,"ALVEAR, MARCELO T. DE",Ciclovías,2,Recoleta,122.42,"LINESTRING (-58.394769197334206 -34.597269047949936, -58.39597114583097 -34.59730168939231, -58.396102979654046 -34.597297747914155)"
13896,"MOREAU DE JUSTO, ALICIA AV.",Ciclovías,1,Puerto Madero,127.58,"LINESTRING (-58.36582684110415 -34.61683198324368, -58.36569979101182 -34.6178510740747, -58.36571924622075 -34.61797561020558)"
8611,"URIBURU JOSE E., PRES.",Ciclovías,2,Recoleta,138.17,"LINESTRING (-58.39903527997193 -34.59828610348985, -58.398888417537336 -34.59712635995681, -58.39887212689948 -34.59704811068338)"
4153,DEL LIBERTADOR AV.,Ciclovías,14,Palermo,84.47,"LINESTRING (-58.41094184667112 -34.57679979840107, -58.41174971969044 -34.57643471269888)"
30698,"FIGUEROA ALCORTA, PRES. AV.",Ciclovías,14,Palermo,13.34,"LINESTRING (-58.427252348409404 -34.55936692695386, -58.42735707975071 -34.55928354151012)"
17306,DEAN FUNES,Ciclovías,4,Parque Patricios,132.05,"LINESTRING (-58.40555219422042 -34.62929554234576, -58.40500478863937 -34.63019141808786, -58.40497092204214 -34.630375981276465)"
7247,"ALVAREZ, JULIAN",Ciclovías,14,Palermo,10.59,"LINESTRING (-58.422545443177555 -34.59166097152394, -58.422457081098976 -34.591599602921455)"
7402,AZCUENAGA,Ciclovías,2,Recoleta,124.57,"LINESTRING (-58.39874543529413 -34.59249705456914, -58.39837145368227 -34.59191374788749, -58.398105743036126 -34.59150662760398)"
2721,"FIGUEROA ALCORTA, PRES. AV.",Ciclovías,14,Palermo,218.52,"LINESTRING (-58.41796079949435 -34.56673874325249, -58.41840632559824 -34.56651179047784, -58.41849539742072 -34.566464639114095, -58.41854853441138 -34.5664355734881, -58.418603545515076 -34.56640411410858, -58.4186479980399 -34.56637708755533, -58.4187042036368 -34.56634048761408, -58.41880622717785 -34.56627031210015, -58.4188573246325 -34.56623406234583, -58.418923326073944 -34.56618605717811, -58.41896531192202 -34.566154663322564, -58.41900678714453 -34.56612291714705, -58.41907534522224 -34.5660694197505, -58.419178140129894 -34.565988187631014, -58.41923000576057 -34.565947501283375, -58.419282126693325 -34.56590688542947, -58.41935017304563 -34.565854514476314, -58.419452369923945 -34.565776310140414, -58.41950389392153 -34.56573724330464, -58.419555758315916 -34.56569831741689, -58.41960804783142 -34.56566030717126, -58.41969329341179 -34.56560132232094, -58.41982979340612 -34.56552974977226)"
2458,"GARCIA, TEODORO",Ciclovías,14,Palermo,99.79,"LINESTRING (-58.44060065043184 -34.563900273707986, -58.44126939824819 -34.564609566341446)"
10314,CORRIENTES AV.,Ciclovías mano única,3,Balvanera,137.07,"LINESTRING (-58.402139952467124 -34.60471293696164, -58.403633628515244 -34.60474987424446)"
2702,"GARCIA, TEODORO",Ciclovías,14,Palermo,108.55,"LINESTRING (-58.44235464955645 -34.56584041733289, -58.44305175659102 -34.5666309037354)"
6828,MONTEVIDEO,Ciclovías,2,Recoleta,142.72,"LINESTRING (-58.38593965229178 -34.589785901421195, -58.38495271129904 -34.58879152253078)"
5853,PUEYRREDON AV.,Ciclovías,2,Recoleta,170.48,"LINESTRING (-58.39332012380972 -34.58554035359763, -58.39234334903239 -34.585063091030044, -58.3917220211727 -34.5847563847413)"
13526,"CEVALLOS, VIRREY",Ciclovías,1,Monserrat,129.32,"LINESTRING (-58.38897712903365 -34.6155700723133, -58.38897698265745 -34.61573429965701, -58.38904668271164 -34.61657026811584, -58.389054288755005 -34.616733655070014)"
17383,IRALA,Ciclovías,4,La Boca,119.17,"LINESTRING (-58.36872039550352 -34.629562757875874, -58.36839061571248 -34.63060180798793)"
5077,DEL LIBERTADOR AV.,Ciclovías,14,Palermo,120.34,"LINESTRING (-58.40249030470685 -34.581737029500296, -58.40319735135772 -34.581508924823034, -58.4035406533876 -34.58139817586039, -58.40367321558699 -34.58129246409665)"
20561,PEPIRI,Ciclovías,4,Parque Patricios,135.77,"LINESTRING (-58.40891154209334 -34.64046085612208, -58.40912359905199 -34.64167208770792)"
9160,BOUCHARD,Ciclovías,1,San Nicolas,125.03,"LINESTRING (-58.36931994335795 -34.6005117287493, -58.3693463700859 -34.600337802829095, -58.369462067200914 -34.59939083531071)"
19463,USPALLATA,Ciclovías,4,Parque Patricios,136.51,"LINESTRING (-58.39512468905296 -34.63765974867856, -58.3953250521769 -34.63770225526713, -58.39657855418673 -34.637924217079785)"
10664,"PERON, JUAN DOMINGO, TTE. GENERAL",Ciclovías mano única,1,San Nicolas,39.29,"LINESTRING (-58.38083915848382 -34.60608358926493, -58.38126678764905 -34.606104391936874)"
2907,"FIGUEROA ALCORTA, PRES. AV.",Ciclovías,14,Palermo,201.05,"LINESTRING (-58.41672870207107 -34.56811295591134, -58.41681073014042 -34.568030661530415, -58.41684463243837 -34.56799518074413, -58.41688203036272 -34.56795026446224, -58.41691798354556 -34.56790077005998, -58.41695770428836 -34.567811980487456, -58.416975098676545 -34.567762408596344, -58.41698755520817 -34.56771318694908, -58.41700231980399 -34.56764678272008, -58.417018028198065 -34.56756706871063, -58.41702862789157 -34.567488761241805, -58.41705574828597 -34.56740102321449, -58.41707825450357 -34.56734405872148, -58.417098631551006 -34.567288642746014, -58.41712419390882 -34.56724710225662, -58.417191490789605 -34.567168886626646, -58.41722811824834 -34.56713073064574, -58.41727555817734 -34.56709102940251, -58.417340282340085 -34.56704647539279, -58.41738482140416 -34.5670182521272, -58.417435916801 -34.56698770731643, -58.41750864036688 -34.56694815632622, -58.41760528969614 -34.56690121972993, -58.41765595574648 -34.56687715367434, -58.41775183738947 -34.56683268151462, -58.41796079949435 -34.56673874325249)"
10828,SAN MARTIN,Ciclovías,1,San Nicolas,128.44,"LINESTRING (-58.37365255326443 -34.60677120636694, -58.37371226391169 -34.605735249719224, -58.37371792946456 -34.605614688789316)"
32050,MACHU PICCHU,Ciclovías,1,Retiro,57.01,"LINESTRING (-58.37726020252482 -34.58605549633632, -58.37717744367484 -34.58603199141207, -58.37712703924504 -34.58596994407152, -58.37707953222617 -34.585894780817036, -58.3770516416987 -34.585809480656266, -58.377001252970054 -34.58576496785025, -58.376978794002135 -34.58573060696352, -58.37703726059505 -34.5856821182118, -58.37703961417226 -34.585657092910616)"
19130,HERRERA,Ciclovías,4,Barracas,213.75,"LINESTRING (-58.37870773634971 -34.63481753934552, -58.378170733577264 -34.636554857879695, -58.37813396364613 -34.63668504466379)"
18907,RONDEAU,Ciclovías,4,Parque Patricios,161.2,"LINESTRING (-58.40405438048779 -34.63553763302033, -58.405430843290745 -34.635846747516624, -58.40575080955818 -34.635918871425496)"
12120,"ALSINA, ADOLFO",Ciclovías,3,Balvanera,134.74,"LINESTRING (-58.39330695058766 -34.61160244067224, -58.39451546002705 -34.61167538249864, -58.394771998320486 -34.611691935534516)"
29059,DEL LIBERTADOR AV.,Ciclovías,14,Palermo,151.8,"LINESTRING (-58.415056121418246 -34.574570906523, -58.415320175991155 -34.574564930564925, -58.41586188044358 -34.57445364223037, -58.41609966442548 -34.5743645343578, -58.41662321296921 -34.57417627373716)"
16330,"D'ESPOSITO, ARNALDO",Ciclovías,4,La Boca,112.12,"LINESTRING (-58.364057813106776 -34.62659029011718, -58.364241514577564 -34.62663846811872, -58.36523099563227 -34.62687469269671)"
9530,MONTEVIDEO,Ciclovías,1,San Nicolas,120.65,"LINESTRING (-58.38953216516856 -34.60179895121942, -58.38959452996146 -34.60071256410717)"
11706,"ROCA, JULIO A., PRESIDENTE DIAGONAL SUR AV.",Ciclovías mano única,1,Monserrat,6.7,"LINESTRING (-58.37478545785064 -34.6102672927362, -58.37485421594207 -34.61024677894443)"
7061,CORDOBA AV.,Ciclovías mano única,14,Palermo,101.48,"LINESTRING (-58.43531242392069 -34.590821595313294, -58.43603827438131 -34.59034154015832, -58.43617548874287 -34.590249456481175)"
29830,DORREGO,Ciclovías,14,Palermo,25.82,"LINESTRING (-58.4370837994801 -34.57626010355168, -58.43688013168456 -34.576099521687624)"
10790,ECUADOR,Ciclovías,3,Balvanera,154.73,"LINESTRING (-58.40874100407209 -34.60668095476721, -58.408525209280626 -34.60611676548774, -58.408228978687816 -34.6053519732108)"
5887,"ALVAREZ, JULIAN",Ciclovías,14,Palermo,79.05,"LINESTRING (-58.413160796021856 -34.58572540225307, -58.412523313218486 -34.58524604565491)"
22198,"HORNOS, GRAL.",Ciclovías,4,Barracas,294.77,"LINESTRING (-58.375140380410514 -34.64442058846144, -58.375098178231184 -34.64460344669373, -58.37441816349837 -34.64663451770033, -58.3743030075649 -34.646985422226614)"
30052,LIMA,Ciclovías,1,Constitucion,65.59,"LINESTRING (-58.379822244199936 -34.627213186434744, -58.37973319062155 -34.62744134122902, -58.3796160522083 -34.627779222255754)"
10971,"PERON, JUAN DOMINGO, TTE. GENERAL",Ciclovías mano única,3,Balvanera,126.61,"LINESTRING (-58.399259391414645 -34.60732170774776, -58.40049885153479 -34.60738833887114, -58.40063673958802 -34.607396015508826)"
8960,"URIBURU JOSE E., PRES.",Ciclovías,2,Recoleta,168.34,"LINESTRING (-58.398726105316136 -34.599759625061814, -58.3987665304307 -34.5996857016496, -58.3987982607723 -34.599622055475606, -58.398821125567075 -34.59934889433631, -58.39884830024319 -34.59922911811064, -58.39887555130468 -34.5991206096968, -58.398934462956646 -34.599038315568436, -58.398975299672855 -34.59898213904891, -58.39902521683974 -34.59874638704702, -58.399034402700515 -34.59854054361383, -58.39903527997193 -34.59828610348985)"
10132,CORRIENTES AV.,Ciclovías mano única,3,Balvanera,128.39,"LINESTRING (-58.41034706273563 -34.60402951119841, -58.410477714170646 -34.604025553686014, -58.41158734660618 -34.60407673399261, -58.41174473497328 -34.60408264575259)"
21243,"HORNOS, GRAL.",Ciclovías,4,Barracas,50.44,"LINESTRING (-58.37534290292344 -34.643553544770974, -58.3752783413071 -34.64385061321909, -58.37524162805144 -34.644000447051376)"
8370,ECUADOR,Ciclovías,2,Recoleta,139.67,"LINESTRING (-58.40518051917426 -34.597232196719965, -58.40464141158912 -34.5961888939974, -58.404585542233654 -34.59607337232229)"
7961,GORRITI,Ciclovías,14,Palermo,139.67,"LINESTRING (-58.41978110023325 -34.59542317777067, -58.42130200202617 -34.595365329462496)"
7709,ARENALES,Ciclovías,1,Retiro,84.7,"LINESTRING (-58.37761772777748 -34.59411096465476, -58.37854081931573 -34.59409838209589)"
7672,GALLO,Ciclovías,2,Recoleta,22.7,"LINESTRING (-58.41033252323199 -34.59392934765664, -58.41022934424808 -34.59374338428346)"
8976,SAN MARTIN,Ciclovías,1,San Nicolas,129.48,"LINESTRING (-58.37408715899601 -34.59978578928535, -58.374094178230635 -34.599672694110666, -58.3741796974905 -34.59878225006652, -58.37419136586643 -34.598621833593086)"
15598,DEAN FUNES,Ciclovías,3,San Cristobal,135.66,"LINESTRING (-58.405986235789264 -34.62301300152383, -58.40581510702075 -34.62422765325086)"
17402,DEAN FUNES,Ciclovías,4,Parque Patricios,33.74,"LINESTRING (-58.40497092204214 -34.630375981276465, -58.404933805373474 -34.63057835998011, -58.40491908256671 -34.63067701592363)"
5024,"DIAZ, CNEL. AV.",Ciclovías,14,Palermo,126.17,"LINESTRING (-58.405187087366755 -34.58156129782663, -58.40464765686781 -34.58051517538289)"
13430,CHILE,Ciclovías mano única,1,Monserrat,135.43,"LINESTRING (-58.37884708443215 -34.61635799727226, -58.37899086385155 -34.61636464609866, -58.38012329784159 -34.61641711423984, -58.38032133512995 -34.616426685839485)"
15903,CONSTITUCION,Ciclovías,3,San Cristobal,111.0,"LINESTRING (-58.39133221329164 -34.625227303541045, -58.39253955689363 -34.625298503632216)"
7189,CORDOBA AV.,Ciclovías mano única,14,Palermo,111.32,"LINESTRING (-58.434364853669535 -34.59144835678917, -58.43531242392069 -34.590821595313294)"
5792,"ALVAREZ, JULIAN",Ciclovías,14,Palermo,97.41,"LINESTRING (-58.412523313218486 -34.58524604565491, -58.411737661807265 -34.584655424006854)"
10273,"URIBURU JOSE E., PRES.",Ciclovías,3,Balvanera,142.21,"LINESTRING (-58.39822191948896 -34.60457957017559, -58.39824195966456 -34.604437818232746, -58.39837332142515 -34.60330385746793)"
31965,"BLANES, JUAN MANUEL",Ciclovías,4,La Boca,17.23,"LINESTRING (-58.362317832645054 -34.630965666119785, -58.36244648243932 -34.63107887762746)"
11087,"PERON, JUAN DOMINGO, TTE. GENERAL",Ciclovías,3,Balvanera,130.69,"LINESTRING (-58.40769373093466 -34.60783739978765, -58.40830840396947 -34.60786500270984, -58.409116585380666 -34.607899519707225)"
6458,DEL LIBERTADOR AV.,Ciclovías,1,Retiro,110.71,"LINESTRING (-58.38283949729489 -34.58822661682256, -58.383847460509166 -34.58767797198763)"
7357,"ALVAREZ, JULIAN",Ciclovías,14,Palermo,92.8,"LINESTRING (-58.42332027706831 -34.592198772066666, -58.422545443177555 -34.59166097152394)"
10045,CORRIENTES AV.,Ciclovías mano única,1,San Nicolas,15.69,"LINESTRING (-58.38097892231629 -34.603668578495856, -58.38114992577926 -34.603671854906445)"
8774,SUIPACHA,Ciclovías,1,Retiro,138.42,"LINESTRING (-58.37974595980267 -34.59897083919045, -58.37975600313825 -34.59880668861702, -58.379832698224085 -34.597822218849956, -58.379837989913646 -34.59772546040252)"
7643,BILLINGHURST,Ciclovías,2,Recoleta,107.31,"LINESTRING (-58.41274656832329 -34.59369381841241, -58.41212337130227 -34.592875235276686)"
8464,CORDOBA AV.,Ciclovías mano única,14,Palermo,145.99,"LINESTRING (-58.42177967769403 -34.597734404132424, -58.422841492675126 -34.597712915911366, -58.42336930425086 -34.59774487338942)"
3432,DEL LIBERTADOR AV.,Ciclovías,14,Palermo,155.94,"LINESTRING (-58.42174360958081 -34.5718228699623, -58.422697257302836 -34.57139029485431, -58.42324699857255 -34.57116828888843)"
12037,BOLIVAR,Ciclovías,1,Monserrat,127.11,"LINESTRING (-58.373452661921704 -34.6102444168078, -58.37338841138116 -34.611297975074514, -58.37338354365018 -34.61138874733691)"
11081,"PERON, JUAN DOMINGO, TTE. GENERAL",Ciclovías,3,Balvanera,144.5,"LINESTRING (-58.40612253004379 -34.607743010292936, -58.40769373093466 -34.60783739978765)"
11200,"PELLEGRINI, CARLOS",Ciclovías,1,San Nicolas,124.26,"LINESTRING (-58.38071671336646 -34.60837543991764, -58.38077650479519 -34.607256450744046)"
6931,CORDOBA AV.,Ciclovías mano única,14,Palermo,112.29,"LINESTRING (-58.43617548874287 -34.590249456481175, -58.43712593045235 -34.5896117657505)"
6189,"ALVAREZ, JULIAN",Ciclovías,14,Palermo,124.48,"LINESTRING (-58.41516599421766 -34.58705778239702, -58.41406332764469 -34.58640395073148)"
32047,"PERETTE, CARLOS H.",Ciclovías,1,Retiro,48.19,"LINESTRING (-58.37846851039158 -34.58259099700131, -58.37890011803753 -34.58234355269013)"
31729,ISLAS GALAPAGOS,Ciclovías,1,Retiro,20.45,"LINESTRING (-58.37914766295714 -34.58219797336889, -58.37903152268142 -34.582040595784896)"
12290,MISIONES,Ciclovías,3,Balvanera,130.52,"LINESTRING (-58.4044932265191 -34.61117826921092, -58.40447605193039 -34.6113758692337, -58.40435288061348 -34.61234899184527)"
17692,COMBATE DE LOS POZOS,Ciclovías,4,Parque Patricios,114.74,"LINESTRING (-58.39149978538227 -34.63066365744134, -58.391300822488205 -34.63168481810714)"
9477,"MOREAU DE JUSTO, ALICIA AV.",Ciclovías,1,Puerto Madero,110.36,"LINESTRING (-58.36752217137222 -34.600103407078805, -58.36748483105587 -34.600285894748, -58.367405670883535 -34.60095833084302, -58.36742747293809 -34.60109118589257)"
16754,PAVON,Ciclovías,3,San Cristobal,157.33,"LINESTRING (-58.40678958519998 -34.62812843341926, -58.406979638646035 -34.62814774687988, -58.40848752663389 -34.62833160478127)"
16601,BOLIVAR,Ciclovías,4,Barracas,112.49,"LINESTRING (-58.372549171227995 -34.62678316682778, -58.37254271115656 -34.62693619776424, -58.37249479990536 -34.627357715881935, -58.37241279930831 -34.627789912893164)"
4233,DEL LIBERTADOR AV.,Ciclovías,14,Palermo,9.59,"LINESTRING (-58.40986646345141 -34.577280609204344, -58.40995844247456 -34.57723959231155)"
11307,CASTELLI,Ciclovías,3,Balvanera,126.73,"LINESTRING (-58.40467370811134 -34.60876409759463, -58.40475125014187 -34.607623555465814)"
23359,PEPIRI,Ciclovías,4,Nueva Pompeya,36.07,"LINESTRING (-58.40751655505877 -34.65139404379103, -58.40740786382398 -34.65170653138095)"
18238,"CEVALLOS, VIRREY",Ciclovías,1,Constitucion,109.8,"LINESTRING (-58.38772132480012 -34.632468857608835, -58.387655762552676 -34.63345713651437)"
5697,"DIAZ, CNEL. AV.",Ciclovías,14,Palermo,126.92,"LINESTRING (-58.40709464493288 -34.58479816541325, -58.40640109845206 -34.58380824880417)"
8006,BILLINGHURST,Ciclovías,2,Recoleta,100.8,"LINESTRING (-58.41383137296558 -34.59560570259709, -58.41353596315082 -34.59473056829714)"
31657,LA RABIDA (S) AV.,Ciclovías,1,Monserrat,90.11,"LINESTRING (-58.368323751305304 -34.60731573428566, -58.36829146228658 -34.60744101508823, -58.3682545248068 -34.607615655163805, -58.368240605483706 -34.60774095016483, -58.36824043347495 -34.607892835817964, -58.36824320027658 -34.60812196575246)"
2151,"FIGUEROA ALCORTA, PRES. AV.",Ciclovías,14,Palermo,425.26,"LINESTRING (-58.42390464227646 -34.56201732505123, -58.42707590600337 -34.55950740703498, -58.427252348409404 -34.55936692695386)"
12289,"ALSINA, ADOLFO",Ciclovías,3,Balvanera,102.04,"LINESTRING (-58.4032431525053 -34.612284083558066, -58.40435288061348 -34.61234899184527)"
7661,JUNCAL,Ciclovías,2,Recoleta,115.82,"LINESTRING (-58.393080021974754 -34.593815497084606, -58.39432017424753 -34.593620215285206)"
19997,"ARAOZ DE LAMADRID, GREGORIO, GRAL.",Ciclovías,4,La Boca,96.47,"LINESTRING (-58.36516232470578 -34.639540251400504, -58.36582807901218 -34.63964550450729, -58.36619704170582 -34.6396977006841)"
16558,CABOTO,Ciclovías,4,La Boca,86.46,"LINESTRING (-58.361421736650755 -34.627136784672885, -58.36068354430908 -34.627621593499455)"
15629,BOLIVAR,Ciclovías,1,San Telmo,131.67,"LINESTRING (-58.37273571009352 -34.62313686288638, -58.372673511325495 -34.62432267503446)"
7678,JUNCAL,Ciclovías,2,Recoleta,85.75,"LINESTRING (-58.39216180650697 -34.59396003804841, -58.393080021974754 -34.593815497084606)"
11054,"PERON, JUAN DOMINGO, TTE. GENERAL",Ciclovías,3,Balvanera,126.48,"LINESTRING (-58.40475125014187 -34.607623555465814, -58.40487355094623 -34.60763333254034, -58.40612253004379 -34.607743010292936)"
8300,ANTARTIDA ARGENTINA AV.,Ciclovías,1,Retiro,177.21,"LINESTRING (-58.36859504571971 -34.596909876509024, -58.369065074022245 -34.595556500780674, -58.36917329652818 -34.595389632305725)"
9627,TUCUMAN,Ciclovías,3,Balvanera,131.84,"LINESTRING (-58.39410513029485 -34.60206508482813, -58.39540581165655 -34.60215215481652, -58.395537728155276 -34.602160749401556)"
7049,MONTEVIDEO,Ciclovías,2,Recoleta,141.91,"LINESTRING (-58.386921086859736 -34.59077463484016, -58.38593965229178 -34.589785901421195)"
12164,PASCO,Ciclovías,3,Balvanera,132.11,"LINESTRING (-58.39747527884094 -34.610682072350784, -58.3974554695764 -34.6109593189343, -58.39743924655602 -34.61187235061178)"
6995,"MANSILLA, LUCIO NORBERTO, GENERAL",Ciclovías,14,Palermo,137.78,"LINESTRING (-58.41534715555433 -34.59053833636819, -58.41648616278501 -34.58972894775912)"
21604,PEPIRI,Ciclovías,4,Parque Patricios,109.19,"LINESTRING (-58.40954416613393 -34.644073561407055, -58.409714725813906 -34.64504765839248)"
8506,"BLANES, JUAN MANUEL",Ciclovías,4,La Boca,23.27,"LINESTRING (-58.35968290385188 -34.6282788529857, -58.35984295086937 -34.628441596146445)"
6105,CORDOBA AV.,Ciclovías mano única,14,Palermo,120.85,"LINESTRING (-58.44139893925012 -34.586780093119685, -58.44242654406032 -34.58609857095137)"
4629,DEL LIBERTADOR AV.,Ciclovías,14,Palermo,63.28,"LINESTRING (-58.40583455098271 -34.57956086299949, -58.40632678463618 -34.57916129752113)"
31051,MACHU PICCHU,Ciclovías,1,Retiro,43.08,"LINESTRING (-58.37700565760814 -34.58517594378263, -58.37686211073571 -34.58510858371833, -58.37667184717752 -34.58503975951719, -58.37658363528035 -34.5850067832347)"
18319,CABOTO,Ciclovías,4,La Boca,105.41,"LINESTRING (-58.355406618738265 -34.63288237396266, -58.35496809240132 -34.633611780867895, -58.35489679230063 -34.63373397218325)"
14368,"CALVO, CARLOS",Ciclovías,1,Constitucion,38.8,"LINESTRING (-58.380618636157685 -34.6197589001646, -58.381041666429574 -34.61975651006233)"
8358,"ALVEAR, MARCELO T. DE",Ciclovías,2,Recoleta,136.49,"LINESTRING (-58.388301628263406 -34.5971186222748, -58.38842970605794 -34.5971246869353, -58.38964967221717 -34.597193599447785, -58.38978635559838 -34.59719509034136)"
14452,"CALVO, CARLOS",Ciclovías,1,Constitucion,139.66,"LINESTRING (-58.38732301490382 -34.619955797509256, -58.38743110761623 -34.61996361135486, -58.38884143804591 -34.62005152362587)"
16858,PAVON,Ciclovías,3,San Cristobal,143.66,"LINESTRING (-58.40848752663389 -34.62833160478127, -58.40997560019414 -34.62873635323045)"
13985,RINCON,Ciclovías,3,Balvanera,131.5,"LINESTRING (-58.39605619670719 -34.61719645362678, -58.396003025282106 -34.61816826733316, -58.39599280220958 -34.618380658670084)"
7398,MONTEVIDEO,Ciclovías,2,Recoleta,134.08,"LINESTRING (-58.38900876437326 -34.59248390975516, -58.387953572544234 -34.59164768560481)"
16,CAMINO DE SIRGA,Ciclovías,4,Nueva Pompeya,500.45,"LINESTRING (-58.406164923388424 -34.659859757085734, -58.40577647308482 -34.65979534834402, -58.40520547588857 -34.65965182706423, -58.40465485925789 -34.65953359281817, -58.404134820705536 -34.659440650781626, -58.40369635609323 -34.65936459936686, -58.40314567720412 -34.659339051629395, -58.402727531276916 -34.659372553347495, -58.40233996708656 -34.65942292211185, -58.40192175889581 -34.65954068772007, -58.401268893092166 -34.659793160578346, -58.40093298449564 -34.65995796601738)"
7850,GORRITI,Ciclovías,14,Palermo,102.61,"LINESTRING (-58.42363786537834 -34.594804763864644, -58.4244207027524 -34.59414408947303)"
4932,GUATEMALA,Ciclovías,14,Palermo,117.01,"LINESTRING (-58.43104275298748 -34.58108177640966, -58.43196046942752 -34.58034939618741)"
15169,PASEO COLON AV.,Ciclovías,1,San Telmo,125.13,"LINESTRING (-58.36831532426055 -34.62168630142967, -58.36821578359052 -34.622619826080104, -58.36819145895145 -34.622809597996834)"
6428,CORDOBA AV.,Ciclovías mano única,14,Palermo,90.13,"LINESTRING (-58.43939052324503 -34.58810811982353, -58.440157973535676 -34.58760093493062)"
8940,CORDOBA AV.,Ciclovías mano única,2,Recoleta,134.47,"LINESTRING (-58.392934176571934 -34.5996364206646, -58.39439939787759 -34.59967331370357)"
18574,BAIGORRI,Ciclovías,4,Barracas,161.36,"LINESTRING (-58.38727109840165 -34.63335429070699, -58.38644220922422 -34.63463737510257)"
14866,SAN JUAN AV.,Ciclovías,1,San Telmo,20.56,"LINESTRING (-58.36691329129803 -34.62147672943694, -58.36700717825375 -34.62157645667636, -58.367072103474136 -34.6216009644001)"
9473,ECUADOR,Ciclovías,3,Balvanera,105.07,"LINESTRING (-58.40694585290641 -34.6016252053963, -58.40665026567317 -34.60071019547476)"
8366,"ALVEAR, MARCELO T. DE",Ciclovías,2,Recoleta,42.48,"LINESTRING (-58.391346675310764 -34.59721235865723, -58.39162830277944 -34.59721548218916, -58.39180969496683 -34.59721840554081)"
9934,CORRIENTES AV.,Ciclovías mano única,1,San Nicolas,127.78,"LINESTRING (-58.37246477984885 -34.60314633243528, -58.372579322419064 -34.60315388255073, -58.37385386107077 -34.60323200775726)"
18785,CABOTO,Ciclovías,4,La Boca,102.42,"LINESTRING (-58.35442040033499 -34.634549963863826, -58.35393494741665 -34.63538143853827)"
11635,CASTELLI,Ciclovías,3,Balvanera,141.98,"LINESTRING (-58.40457707362534 -34.61004146313378, -58.40467370811134 -34.60876409759463)"
6448,"ALVAREZ, JULIAN",Ciclovías,14,Palermo,158.55,"LINESTRING (-58.41706918675313 -34.588184805476075, -58.415664132359886 -34.587352701327525)"
12247,"ALSINA, ADOLFO",Ciclovías,3,Balvanera,113.54,"LINESTRING (-58.40031976721926 -34.612082325097084, -58.40048900453959 -34.6120948068757, -58.40137905077017 -34.61216709380242, -58.40155203584981 -34.612180068972854)"
4318,DEL LIBERTADOR AV.,Ciclovías,14,Palermo,130.0,"LINESTRING (-58.40861937235455 -34.57783661680978, -58.40986646345141 -34.577280609204344)"
18706,"RODRIGUEZ, MARTIN",Ciclovías,4,La Boca,101.7,"LINESTRING (-58.36137338265839 -34.63428294194341, -58.360989472243936 -34.63490804884404, -58.36087165926821 -34.63510048694385)"
28101,"FIGUEROA ALCORTA, PRES. AV.",Ciclovías,14,Palermo,63.46,"LINESTRING (-58.43411810056931 -34.5539541183103, -58.4346554474964 -34.553594145734735)"
8658,MONTEVIDEO,Ciclovías,2,Recoleta,142.5,"LINESTRING (-58.389722800931835 -34.59847781854373, -58.38972902798648 -34.59836972202943, -58.38976324059209 -34.59733275463264, -58.38978635559838 -34.59719509034136)"
27485,MACHU PICCHU,Ciclovías,1,Retiro,37.91,"LINESTRING (-58.3759127229063 -34.58447419633845, -58.37568144895948 -34.58419103109984)"
12454,RINCON,Ciclovías,3,Balvanera,132.31,"LINESTRING (-58.396168140173096 -34.61178278337802, -58.39615227401739 -34.612975396100545)"
19468,IRALA,Ciclovías,4,La Boca,101.72,"LINESTRING (-58.366623881631504 -34.63701372061219, -58.36647925904101 -34.637922839298085)"
20872,HERRERA,Ciclovías,4,Barracas,151.09,"LINESTRING (-58.37684699709928 -34.64135403901873, -58.376496773301106 -34.64268485751345)"
8004,GORRITI,Ciclovías,14,Palermo,156.07,"LINESTRING (-58.415048827910425 -34.59559745752908, -58.41674857334945 -34.595537905546976)"
4620,GUATEMALA,Ciclovías,14,Palermo,129.12,"LINESTRING (-58.43297696532032 -34.57953815882484, -58.43398952382224 -34.57872994016382)"
17051,CABOTO,Ciclovías,4,La Boca,165.69,"LINESTRING (-58.35984295086937 -34.628441596146445, -58.35872708876464 -34.6291845958451, -58.35843548029236 -34.62937807984591)"
14472,"CALVO, CARLOS",Ciclovías,1,Constitucion,124.92,"LINESTRING (-58.38884143804591 -34.62005152362587, -58.39019964104555 -34.62013607846822)"
10348,SUIPACHA,Ciclovías,1,San Nicolas,7.74,"LINESTRING (-58.37938289814335 -34.60490701622003, -58.379387141585 -34.604837299827125)"
12364,SANCHEZ DE LORIA,Ciclovías,3,Balvanera,129.44,"LINESTRING (-58.41401663116532 -34.61154960554737, -58.41356360274866 -34.612364221391594, -58.41343773198023 -34.612613539540824)"
27552,"PERETTE, CARLOS H.",Ciclovías,1,Retiro,78.05,"LINESTRING (-58.37568144895948 -34.58419103109984, -58.376379495868626 -34.58378885681468)"
7504,"MANSILLA, LUCIO NORBERTO, GENERAL",Ciclovías,2,Recoleta,92.89,"LINESTRING (-58.41212337130227 -34.592875235276686, -58.412686002763 -34.592459829218576, -58.41288041591801 -34.59231927355084)"
6776,CORDOBA AV.,Ciclovías mano única,14,Palermo,109.51,"LINESTRING (-58.43712593045235 -34.5896117657505, -58.438052935675344 -34.58898983762226)"
10263,CORRIENTES AV.,Ciclovías mano única,3,Balvanera,108.89,"LINESTRING (-58.40547222748421 -34.60456293984988, -58.40564717760439 -34.604545135055666, -58.40664511150247 -34.60441236112221)"
2658,DEL LIBERTADOR AV.,Ciclovías,14,Palermo,120.37,"LINESTRING (-58.43224722995798 -34.5661701027001, -58.43331201038407 -34.56553648227389)"
14616,BOLIVAR,Ciclovías,1,San Telmo,124.32,"LINESTRING (-58.37294194739159 -34.619603242501185, -58.37285423752536 -34.620596076534824, -58.37285418694978 -34.620721218806544)"
6427,HUMBOLDT,Ciclovías,14,Palermo,120.9,"LINESTRING (-58.43939052324503 -34.58810811982353, -58.43921812870426 -34.587971604666514, -58.43851181947193 -34.58729687394003)"
30733,SARMIENTO AV.,Ciclovías,14,Palermo,70.57,"LINESTRING (-58.41286023375786 -34.57262423261117, -58.412318664692926 -34.57217262538671)"
16373,NECOCHEA,Ciclovías,4,La Boca,94.43,"LINESTRING (-58.366306500647724 -34.62669393100262, -58.36624523958698 -34.62684719376225, -58.36612661097969 -34.62702872095751, -58.36567039286545 -34.627331247178404)"
17173,TACUARI,Ciclovías,4,Barracas,129.64,"LINESTRING (-58.37562308413089 -34.62896607778474, -58.374921341420475 -34.62976734015319, -58.374793905809994 -34.6299125309228)"
3190,"ROLDAN, BELISARIO AV.",Ciclovías,14,Palermo,104.72,"LINESTRING (-58.41283901495649 -34.57008384481784, -58.41288726191791 -34.56998273593381, -58.41291292647528 -34.569917745206325, -58.41293092358994 -34.56986162472946, -58.41294543061654 -34.569804798570054, -58.41295627720934 -34.569747407507045, -58.412963548424486 -34.5696895924244, -58.4129671589659 -34.56963163498349, -58.41296719397481 -34.569573535219725, -58.41296348306424 -34.56951550433478, -58.41295619638162 -34.56945775367042, -58.41294346630529 -34.569391479458595, -58.41283053946842 -34.56917565375543)"
33090,"HORNOS, GRAL.",Ciclovías,4,Barracas,37.16,"LINESTRING (-58.37552700222937 -34.64219148831955, -58.37549037642358 -34.642525051233235)"
6774,"MANSILLA, LUCIO NORBERTO, GENERAL",Ciclovías,14,Palermo,35.1,"LINESTRING (-58.41681438554538 -34.58960501489865, -58.41702826773227 -34.58934262688601)"
18629,HERRERA,Ciclovías,4,Barracas,223.69,"LINESTRING (-58.37931155984464 -34.63286392383042, -58.37870773634971 -34.63481753934552)"
5251,TAGLE,Ciclovías,14,Palermo,251.13,"LINESTRING (-58.399364781411265 -34.58271474589321, -58.39811256286394 -34.580701863501616)"
15567,PASEO COLON AV.,Ciclovías,1,San Telmo,140.42,"LINESTRING (-58.36819145895145 -34.622809597996834, -58.36816584544981 -34.62300894647018, -58.36808603315761 -34.623821498931974, -58.36806351396048 -34.62407085031998)"
7719,GORRITI,Ciclovías,14,Palermo,100.84,"LINESTRING (-58.4244207027524 -34.59414408947303, -58.42469689513888 -34.593910933881524, -58.42520070825754 -34.59350369112474)"
11805,TACUARI,Ciclovías,1,Monserrat,126.79,"LINESTRING (-58.37916441339593 -34.609491155192735, -58.37915960476792 -34.60961411129423, -58.37913161218916 -34.61051297736628, -58.379124335778926 -34.61063353734474)"
7230,"ACUNA DE FIGUEROA, FRANCISCO",Ciclovías,14,Palermo,169.83,"LINESTRING (-58.4205455930777 -34.59157768024439, -58.420244493936735 -34.590067196649265)"
12469,"IRIGOYEN, BERNARDO DE",Ciclovías,1,Monserrat,134.01,"LINESTRING (-58.38054344848492 -34.61183184809686, -58.38050318310773 -34.612666409224154, -58.38048577765864 -34.61303893748677)"
7188,SERRANO,Ciclovías,14,Palermo,108.71,"LINESTRING (-58.434364853669535 -34.59144835678917, -58.433434656852434 -34.59084129140911)"
2812,DEL LIBERTADOR AV.,Ciclovías,14,Palermo,118.24,"LINESTRING (-58.430176975500494 -34.567391415133464, -58.43068081105854 -34.5671023194078, -58.43122892541139 -34.56677611977437)"
19156,DEAN FUNES,Ciclovías,4,Parque Patricios,141.46,"LINESTRING (-58.40405438048779 -34.63553763302033, -58.403783481933814 -34.636792935456974)"
10637,"URIBURU JOSE E., PRES.",Ciclovías,3,Balvanera,160.88,"LINESTRING (-58.39798053210631 -34.606015870389804, -58.39799407338841 -34.60590820003841, -58.398200080409296 -34.60473449035756, -58.39822191948896 -34.60457957017559)"
8933,ECUADOR,Ciclovías,3,Balvanera,191.29,"LINESTRING (-58.40631424100406 -34.59965699467961, -58.40573815006005 -34.59835621111608, -58.40558907777432 -34.59804036110832)"
29831,SENDERO DORREGO (NO OFICIAL),Ciclovías,14,Palermo,54.36,"LINESTRING (-58.43688013168456 -34.576099521687624, -58.43699911020974 -34.576100980815305, -58.4368388317984 -34.57594180674372, -58.43662266225923 -34.57589651855524)"
16354,DEAN FUNES,Ciclovías,3,San Cristobal,137.29,"LINESTRING (-58.40560388072357 -34.625764894762916, -58.405435541556706 -34.626994617306835)"
16275,AZOPARDO,Ciclovías,4,La Boca,167.28,"LINESTRING (-58.366492172111165 -34.62519392150992, -58.3664730387496 -34.62538426050562, -58.36633955525939 -34.626474095784374, -58.366306500647724 -34.62669393100262)"
16715,BOLIVAR,Ciclovías,4,Barracas,47.11,"LINESTRING (-58.37241279930831 -34.627789912893164, -58.37237732553139 -34.62797678982741, -58.37231556507082 -34.62820667575926)"
10121,BOUCHARD,Ciclovías,1,San Nicolas,150.69,"LINESTRING (-58.368826980447515 -34.60425696648055, -58.36899243414765 -34.603041513440395, -58.36901515496271 -34.60290758538501)"
6041,GORRITI,Ciclovías,14,Palermo,55.5,"LINESTRING (-58.435269961876386 -34.58642003017264, -58.4354719946173 -34.58625514389997, -58.43570298417559 -34.58607075644991)"
10930,"PELLEGRINI, CARLOS",Ciclovías,1,San Nicolas,130.24,"LINESTRING (-58.38077650479519 -34.607256450744046, -58.38083915848382 -34.60608358926493)"
7654,"MANSILLA, LUCIO NORBERTO, GENERAL",Ciclovías,2,Recoleta,141.65,"LINESTRING (-58.41022934424808 -34.59374338428346, -58.41156706530936 -34.59310584960491)"
2317,DEL LIBERTADOR AV.,Ciclovías,14,Palermo,141.02,"LINESTRING (-58.4367814908993 -34.563466302524056, -58.43690353459162 -34.56339979593523, -58.43716841779279 -34.56327596381351, -58.43757543771549 -34.5631217624305, -58.43804692292873 -34.56297714664768, -58.438177601891816 -34.562946820840445)"
17090,COMBATE DE LOS POZOS,Ciclovías,4,Parque Patricios,252.26,"LINESTRING (-58.3921626167845 -34.62726224954113, -58.3917251847845 -34.629507228695275)"
19820,"ARAOZ DE LAMADRID, GREGORIO, GRAL.",Ciclovías,4,La Boca,102.74,"LINESTRING (-58.362234184785905 -34.63868362736226, -58.36317446869125 -34.63906250477974, -58.36323654206859 -34.63909642925447)"
10696,"PERON, JUAN DOMINGO, TTE. GENERAL",Ciclovías mano única,1,San Nicolas,130.01,"LINESTRING (-58.38358509308802 -34.60623499378224, -58.3837123279767 -34.606246133338544, -58.384883512159114 -34.606339709897384, -58.38499601675031 -34.606346613235026)"
9881,CORRIENTES AV.,Ciclovías mano única,1,San Nicolas,99.39,"LINESTRING (-58.36901515496271 -34.60290758538501, -58.369187175847856 -34.60292328179558, -58.369935385549425 -34.60298864628346, -58.37009315456111 -34.602996991948196)"
4232,CASARES AV.,Ciclovías,14,Palermo,233.15,"LINESTRING (-58.40986646345141 -34.577280609204344, -58.40978381298471 -34.57684781821656, -58.409771668693026 -34.5767996429516, -58.4097494892551 -34.576733575614846, -58.409727218883326 -34.576676592915284, -58.40970086101487 -34.57662080562242, -58.40967050084276 -34.576566143347186, -58.40963103513674 -34.576504505095265, -58.40960134798114 -34.57646258982234, -58.40957021283073 -34.57642165983902, -58.40953754463668 -34.57638157425898, -58.4095033434002 -34.576342333081016, -58.40946769421753 -34.57630400676525, -58.409430597089454 -34.57626659531048, -58.40939213711166 -34.57623016917685, -58.40935231423907 -34.576194798786936, -58.40929972563245 -34.576151253564895, -58.40922807363717 -34.576095375694486, -58.40915548432797 -34.576040835419796, -58.409081787605686 -34.57598735096809, -58.4090068982838 -34.57593499272334, -58.40894460267881 -34.575893555745445, -58.40885567428649 -34.57582759934192, -58.40877576723472 -34.57576721039125, -58.40854618375906 -34.57557787859746)"
14897,"CALVO, CARLOS",Ciclovías,3,San Cristobal,157.2,"LINESTRING (-58.40448928293621 -34.62148022883052, -58.4047959950557 -34.621544179884225, -58.406154023932736 -34.62181778459456)"
13409,CHILE,Ciclovías mano única,1,Monserrat,130.24,"LINESTRING (-58.3774292231301 -34.61629228837867, -58.37884708443215 -34.61635799727226)"
28065,"PERETTE, CARLOS H.",Ciclovías,1,Retiro,17.05,"LINESTRING (-58.37552779003157 -34.58427749902491, -58.37568144895948 -34.58419103109984)"
7741,ANTARTIDA ARGENTINA AV.,Ciclovías,1,Retiro,193.65,"LINESTRING (-58.36951851569034 -34.59426537071014, -58.36988062157615 -34.59324901069009, -58.369972720351754 -34.592971040935936, -58.3701072187099 -34.59258905161453)"
8168,"ALVEAR, MARCELO T. DE",Ciclovías,2,Recoleta,125.38,"LINESTRING (-58.401609575303446 -34.596340781656345, -58.402825196249196 -34.59582426920664)"
5252,DEL LIBERTADOR AV.,Ciclovías,14,Palermo,81.67,"LINESTRING (-58.399364781411265 -34.58271474589321, -58.399575463695605 -34.58267739060722, -58.400204001801846 -34.58247461487363)"
2387,"FIGUEROA ALCORTA, PRES. AV.",Ciclovías,14,Palermo,166.51,"LINESTRING (-58.422602252979644 -34.5640369413732, -58.422783467626374 -34.563733051479495, -58.423276973369695 -34.56280178577556, -58.42337067154399 -34.562678856054404)"
13456,MEXICO,Ciclovías,3,Balvanera,87.28,"LINESTRING (-58.400227710302794 -34.61644881310366, -58.40116990552073 -34.61655915712964)"
6517,AZCUENAGA,Ciclovías,2,Recoleta,93.72,"LINESTRING (-58.39586120285952 -34.5885533860074, -58.39528758582909 -34.587854323235746)"
5089,GODOY CRUZ,Ciclovías,14,Palermo,144.46,"LINESTRING (-58.427997655757196 -34.58178707348349, -58.427074107812956 -34.58073241708142)"
24968,"RABANAL, FRANCISCO, INTENDENTE AV.",Ciclovías,4,Nueva Pompeya,117.18,"LINESTRING (-58.42538405941652 -34.658478700462965, -58.4264426259908 -34.65907085946006)"
5269,"BORGES, JORGE LUIS",Ciclovías,14,Palermo,151.59,"LINESTRING (-58.42193653108642 -34.5828167380905, -58.42075372726183 -34.58186272243346)"
8895,CORDOBA AV.,Ciclovías mano única,2,Recoleta,43.81,"LINESTRING (-58.38966761766499 -34.59944012404755, -58.39014365748361 -34.5994714671931)"
6870,SERRANO,Ciclovías,14,Palermo,53.31,"LINESTRING (-58.43217108881046 -34.59001666578797, -58.431714943659074 -34.58971893783995)"
10223,CORRIENTES AV.,Ciclovías mano única,1,San Nicolas,135.02,"LINESTRING (-58.39082287618787 -34.6043332832326, -58.39228965665492 -34.60443527392531)"
12319,"ALSINA, ADOLFO",Ciclovías,3,Balvanera,111.9,"LINESTRING (-58.40435288061348 -34.61234899184527, -58.40533689382352 -34.61240650633457, -58.40556984413318 -34.61242056063531)"
9210,MONTEVIDEO,Ciclovías,1,San Nicolas,141.32,"LINESTRING (-58.38959452996146 -34.60071256410717, -58.38966761766499 -34.59944012404755)"
1413,"OBLIGADO RAFAEL, AV.COSTANERA",Ciclovías,14,Palermo,237.83,"LINESTRING (-58.41635766228512 -34.55456656359787, -58.41731023207505 -34.55432317592877, -58.417761275681336 -34.554230686524875, -58.41824258711914 -34.5541365371046, -58.41886817221468 -34.55404661217817)"
4198,GUATEMALA,Ciclovías,14,Palermo,135.69,"LINESTRING (-58.436019776957906 -34.57710946428912, -58.4370837994801 -34.57626010355168)"
32940,ANTARTIDA ARGENTINA AV.,Ciclovías,1,Retiro,128.83,"LINESTRING (-58.36917329652818 -34.595389632305725, -58.369228530817956 -34.59511035544866, -58.36951851569034 -34.59426537071014)"
9658,TUCUMAN,Ciclovías,3,Balvanera,108.57,"LINESTRING (-58.39972065319308 -34.602221381840096, -58.40090414130736 -34.6022103024619)"
7000,AZCUENAGA,Ciclovías,2,Recoleta,141.26,"LINESTRING (-58.39743843411738 -34.59056892960062, -58.39736366492115 -34.590465014232954, -58.396627174895826 -34.58948671017335)"
2300,OLLEROS AV.,Ciclovías,14,Palermo,95.9,"LINESTRING (-58.43539673544255 -34.56255016080004, -58.435696152531875 -34.56282209666161, -58.43610924526185 -34.563182385497086)"
28595,OLLEROS AV.,Ciclovías,14,Palermo,70.96,"LINESTRING (-58.43486032802045 -34.56208952525301, -58.43494653673592 -34.562160110220496, -58.43539673544255 -34.56255016080004)"
13920,"VERA PENALOZA,  ROSARIO",Ciclovías,1,San Telmo,8.51,"LINESTRING (-58.366508159266154 -34.61812310075149, -58.3664157476747 -34.61811580220759)"
5870,GORRITI,Ciclovías,14,Palermo,115.84,"LINESTRING (-58.43625890501118 -34.58562721100198, -58.43638231917809 -34.585528644971056, -58.43719015588134 -34.5849221898635)"
28913,CORRIENTES AV.,Ciclovías mano única,1,San Nicolas,90.53,"LINESTRING (-58.38114992577926 -34.603671854906445, -58.38129615988445 -34.60359082751152, -58.381835891831614 -34.60361201676566, -58.38206076522625 -34.6037363737301)"
21658,HERRERA,Ciclovías,4,Barracas,78.98,"LINESTRING (-58.37600563721136 -34.64455078937598, -58.3759232515035 -34.6448637609738, -58.375826049830465 -34.645247074525635)"
6496,"BORGES, JORGE LUIS",Ciclovías,14,Palermo,59.7,"LINESTRING (-58.429662500803644 -34.588379774677925, -58.429150783158576 -34.588047302825)"
14985,TACUARI,Ciclovías,1,Constitucion,135.6,"LINESTRING (-58.37866770402339 -34.62087835015667, -58.37865871377688 -34.621007289090805, -58.37862959927423 -34.62191108220792, -58.378620462793045 -34.62209995128364)"
7796,"MANSILLA, LUCIO NORBERTO, GENERAL",Ciclovías,2,Recoleta,11.89,"LINESTRING (-58.40894353362712 -34.59453635242387, -58.40905810517838 -34.59448626174219)"
8481,CORDOBA AV.,Ciclovías mano única,14,Palermo,112.12,"LINESTRING (-58.418943060511275 -34.59778875895814, -58.42016489935273 -34.597762647273626)"
17900,IRALA,Ciclovías,4,La Boca,104.51,"LINESTRING (-58.36809947608342 -34.63151884373313, -58.36781021107165 -34.63243003497966)"
8512,BILLINGHURST,Ciclovías,2,Recoleta,130.13,"LINESTRING (-58.41463028672758 -34.59789739844581, -58.41423732822002 -34.59677025137544)"
12003,"CEVALLOS, VIRREY",Ciclovías,1,Monserrat,134.34,"LINESTRING (-58.38905314402993 -34.61007856758463, -58.38902766157644 -34.610286864760894, -58.388961604002695 -34.61110387780256, -58.388942873276896 -34.611285981505496)"
2815,11 DE SEPTIEMBRE DE 1888,Ciclovías,14,Palermo,155.92,"LINESTRING (-58.44374496179126 -34.56741701914318, -58.44472652720554 -34.56626975397394)"
15798,"CEVALLOS, VIRREY",Ciclovías,1,Constitucion,118.95,"LINESTRING (-58.388468735167585 -34.62386760754261, -58.38844870983425 -34.62406393550205, -58.38839238107418 -34.624937924803284)"
16344,LIMA,Ciclovías,1,Constitucion,108.31,"LINESTRING (-58.38224491644215 -34.625962597648446, -58.382226741512554 -34.62651815498748, -58.38223382941855 -34.62693865719167)"
12163,"ALSINA, ADOLFO",Ciclovías,3,Balvanera,117.02,"LINESTRING (-58.396168140173096 -34.61178278337802, -58.39724505749161 -34.61185463975853, -58.39743924655602 -34.61187235061178)"
9389,SUIPACHA,Ciclovías,1,San Nicolas,127.52,"LINESTRING (-58.37959699195719 -34.60127957488874, -58.379602299972916 -34.60116704163412, -58.37966412303537 -34.60023981654473, -58.379671129739116 -34.60013172111891)"
9569,TUCUMAN,Ciclovías,1,San Nicolas,118.91,"LINESTRING (-58.39130233786311 -34.601912827152105, -58.39259561618995 -34.60198597885651)"
10099,CORRIENTES AV.,Ciclovías mano única,1,San Nicolas,130.69,"LINESTRING (-58.38371514660011 -34.60382736801033, -58.385136276420454 -34.60391075266488)"
6653,"ALVAREZ, JULIAN",Ciclovías,14,Palermo,72.43,"LINESTRING (-58.418558033408445 -34.589066854533314, -58.41814712918766 -34.5888231074407, -58.41791635294106 -34.58868647018103)"
13570,AZOPARDO,Ciclovías,1,San Telmo,138.57,"LINESTRING (-58.367572401581214 -34.615684099544914, -58.36745096021273 -34.6167728204834, -58.36743314931195 -34.616927878814025)"
23020,PEPIRI,Ciclovías,4,Nueva Pompeya,104.03,"LINESTRING (-58.408575537043205 -34.64959711658889, -58.40841990947905 -34.64976331544954, -58.407916135480974 -34.65024541507042, -58.40788582583423 -34.65033251459411)"
18154,FINOCHIETTO ENRIQUE DR.,Ciclovías,4,Barracas,148.17,"LINESTRING (-58.38128422930486 -34.63235512042581, -58.382552788397504 -34.63318245381337)"
16192,"GARAY, JUAN DE AV.",Ciclovías,1,Constitucion,112.14,"LINESTRING (-58.379012811518734 -34.62608322533727, -58.38018543959765 -34.6263698077313)"
28821,ARENALES,Ciclovías,1,Retiro,34.28,"LINESTRING (-58.38205025640955 -34.594226196325195, -58.38242099658561 -34.59426475051629)"
3060,"ROLDAN, BELISARIO AV.",Ciclovías,14,Palermo,119.87,"LINESTRING (-58.41283053946842 -34.56917565375543, -58.41278368515182 -34.56908619592146, -58.41275382886396 -34.56904414044654, -58.412722867710066 -34.568999056275125, -58.412692587866886 -34.56895362025805, -58.41266307446659 -34.56890783243118, -58.41263424237543 -34.56886169275971, -58.41260634694841 -34.56881527177417, -58.41257913278588 -34.56876856936907, -58.41255268506248 -34.56872151515619, -58.41252700373445 -34.5686741795601, -58.41250217397625 -34.5686264921927, -58.4124781105684 -34.568578593866974, -58.41245481355264 -34.56853041415945, -58.41243228288505 -34.56848202349445, -58.412359575194735 -34.568349807351424, -58.41229905772708 -34.56819108067426)"
20824,"HORNOS, GRAL.",Ciclovías,4,Barracas,175.2,"LINESTRING (-58.3756996923896 -34.640618707111024, -58.37552700222937 -34.64219148831955)"
4330,GUATEMALA,Ciclovías,14,Palermo,129.55,"LINESTRING (-58.43500385116233 -34.577920375346075, -58.436019776957906 -34.57710946428912)"
10291,CORRIENTES AV.,Ciclovías mano única,3,Balvanera,91.44,"LINESTRING (-58.40448282956744 -34.60466352473217, -58.40547222748421 -34.60456293984988)"
16117,PAVON,Ciclovías,1,Constitucion,127.5,"LINESTRING (-58.384366262685745 -34.62605187711664, -58.38575474089764 -34.62611030354895)"
17087,"GARCIA, MARTIN AV.",Ciclovías,1,San Telmo,171.03,"LINESTRING (-58.36944859028488 -34.62832168784518, -58.36963419883699 -34.62849845206958, -58.37046327108755 -34.629293319449616, -58.37066223486257 -34.62949227557456)"
11346,TACUARI,Ciclovías,1,Monserrat,66.86,"LINESTRING (-58.37922098061339 -34.608296882051796, -58.37919132935523 -34.60889905299253)"
8344,"ALVEAR, MARCELO T. DE",Ciclovías,2,Recoleta,113.56,"LINESTRING (-58.387066417516564 -34.597052855826796, -58.387279476081275 -34.59707031296165, -58.388301628263406 -34.5971186222748)"
7858,CORDOBA AV.,Ciclovías mano única,14,Palermo,102.15,"LINESTRING (-58.42917090556817 -34.594854888276366, -58.4293506366805 -34.59474500703667, -58.430061297390196 -34.59430195597405)"
15407,TACUARI,Ciclovías,1,Constitucion,168.41,"LINESTRING (-58.378620462793045 -34.62209995128364, -58.378590893840055 -34.62361783536943)"
7946,GORRITI,Ciclovías,14,Palermo,157.06,"LINESTRING (-58.42130200202617 -34.595365329462496, -58.42301221568521 -34.595300200782845)"
5421,"DIAZ, CNEL. AV.",Ciclovías,14,Palermo,135.22,"LINESTRING (-58.40617526907558 -34.58345898207293, -58.406022187356875 -34.583190313909846, -58.40558707416474 -34.58234157235353)"
14043,TACUARI,Ciclovías,1,Constitucion,108.25,"LINESTRING (-58.37877679704246 -34.61754704780739, -58.37876500930625 -34.617747182937045, -58.378736022859904 -34.61835907171223, -58.3787315983354 -34.61852209879027)"
5436,DEL LIBERTADOR AV.,Ciclovías,2,Recoleta,63.41,"LINESTRING (-58.395353812415344 -34.58359189051141, -58.39599837811694 -34.58338576505636)"
12358,BOLIVAR,Ciclovías,1,Monserrat,129.36,"LINESTRING (-58.37338354365018 -34.61138874733691, -58.37333017508727 -34.61238090413946, -58.37332019332151 -34.6125536455121)"
14430,"CALVO, CARLOS",Ciclovías,1,Constitucion,136.67,"LINESTRING (-58.38583653065705 -34.61986972078143, -58.386026738110225 -34.6198811091557, -58.38718349100828 -34.619945710412, -58.38732301490382 -34.619955797509256)"
15231,DEAN FUNES,Ciclovías,3,San Cristobal,133.48,"LINESTRING (-58.406154023932736 -34.62181778459456, -58.40601474247666 -34.62281068862462, -58.405986235789264 -34.62301300152383)"
4016,ZAPATA,Ciclovías,14,Palermo,99.8,"LINESTRING (-58.43755455411386 -34.57594188770163, -58.438383907664615 -34.575359865345334)"
5088,GORRITI,Ciclovías,14,Palermo,140.23,"LINESTRING (-58.44137734483559 -34.581786759342485, -58.44251076553723 -34.580938772873424)"
3375,SARMIENTO AV.,Ciclovías,14,Palermo,41.66,"LINESTRING (-58.411867268505574 -34.57136888779292, -58.41154453812674 -34.57110482100092)"
13491,CHILE,Ciclovías,1,Monserrat,122.99,"LINESTRING (-58.38306594686599 -34.61653528369903, -58.3832393644203 -34.61654786257426, -58.38419025849004 -34.616624681039944, -58.38440098361202 -34.616639747270625)"
16596,LIMA,Ciclovías,1,Constitucion,99.4,"LINESTRING (-58.38018543959765 -34.6263698077313, -58.380039731692975 -34.62665597905905, -58.379822244199936 -34.627213186434744)"
2720,"ROLDAN, BELISARIO AV.",Ciclovías,14,Palermo,558.02,"LINESTRING (-58.41392995923236 -34.56656745776685, -58.41401465304855 -34.56615339880144, -58.414027878873746 -34.56610143121784, -58.414046383533595 -34.56604812770596, -58.414068037232056 -34.565996093093105, -58.414090540211674 -34.56594743917113, -58.41411798500997 -34.56589146313786, -58.414140825053494 -34.56584858411095, -58.414171162292874 -34.56579584873438, -58.41422416249275 -34.565711642926125, -58.414260799843085 -34.56565785369827, -58.41429070443147 -34.565616808503854, -58.41432989356083 -34.56556647105583, -58.41437623669593 -34.56551071381239, -58.41441652968697 -34.565465024763476, -58.41445068779965 -34.56542877006522, -58.41448501733473 -34.56539047312905, -58.41452351451596 -34.5653584455863, -58.41456550476251 -34.56532163059216, -58.414621972403346 -34.565275454961785, -58.41467417950476 -34.56523617916239, -58.4147189748319 -34.56520633721046, -58.41476734465124 -34.56517804599159, -58.41482618634121 -34.56514799831137, -58.4148829821971 -34.56512259777694, -58.41493398373794 -34.56510670216404, -58.415003629582216 -34.56508898288261, -58.41505675706906 -34.56507696138082, -58.415131508655335 -34.565062624397235, -58.41520404491555 -34.56505166684837, -58.41527385524717 -34.56504380684118, -58.41534128086205 -34.565037847306016, -58.41546736123637 -34.5650303614013, -58.41556253686673 -34.565027933815195, -58.41563923837479 -34.565027470816474, -58.41570189315623 -34.56502777695786, -58.415783871619915 -34.56502914695039, -58.4158894296605 -34.5650325683444, -58.41597625865036 -34.56503717959671, -58.416042401220224 -34.565041923629074, -58.416096710904036 -34.56504659262675, -58.41616761936266 -34.56505373285092, -58.416275981198595 -34.565066943933026, -58.41633488514851 -34.56507647385226, -58.41639787352754 -34.56508917439359, -58.416453881025795 -34.56510243561597, -58.416526059480645 -34.56512211159607, -58.41657968159474 -34.565138611351905, -58.416636196665 -34.565157717879025, -58.41671322227079 -34.565186902844594, -58.41678641594059 -34.56521819902224, -58.416855607887 -34.565250761265915, -58.41692326654427 -34.565285153912406, -58.416973903224985 -34.56531263850841, -58.417029815421465 -34.56534470264458, -58.41707576990323 -34.565372467119445, -58.41713414805119 -34.56540974351901, -58.417178313524914 -34.56543997211924, -58.41723719885383 -34.565483938942954, -58.4172920824985 -34.565529101438294, -58.41734798547175 -34.565578419309595, -58.41740269569053 -34.56562956773108, -58.417442259158264 -34.56566930174735, -58.41749185958812 -34.56572432152967, -58.41752843993638 -34.565770744679845, -58.41757088483745 -34.56583442390043, -58.41759869667016 -34.56588126628791, -58.41763424477033 -34.56594747816783, -58.41767727067587 -34.56603876378154, -58.41789762070706 -34.566582767755335)"
3921,ZAPATA,Ciclovías,14,Palermo,146.1,"LINESTRING (-58.438383907664615 -34.575359865345334, -58.439210013746326 -34.57478001979613, -58.439599345951905 -34.57450917518309)"
6220,FRENCH,Ciclovías,2,Recoleta,140.0,"LINESTRING (-58.40550070801969 -34.587177674301856, -58.405596633956044 -34.58711222559177, -58.40662622408356 -34.58632579282459)"
11804,"ALSINA, ADOLFO",Ciclovías mano única,1,Monserrat,130.79,"LINESTRING (-58.37770233484089 -34.61054634962077, -58.379049386000446 -34.61062890808452, -58.379124335778926 -34.61063353734474)"
2338,MIGUELETES,Ciclovías,14,Palermo,117.69,"LINESTRING (-58.438811161318036 -34.563664570685035, -58.439850318600215 -34.563042859896)"
9821,"GUEVARA, TRINIDAD",Ciclovías,1,Puerto Madero,85.64,"LINESTRING (-58.368169716933316 -34.6028295303064, -58.36723907545113 -34.6027682304699)"
19268,USPALLATA,Ciclovías,4,Parque Patricios,175.54,"LINESTRING (-58.39119633409578 -34.636749030484275, -58.39303863958008 -34.637179264607305)"
2068,DE LOS OMBUES AV.,Ciclovías,14,Palermo,333.94,"LINESTRING (-58.428006104878406 -34.55998057727407, -58.42814769414369 -34.560115761951906, -58.42843232154326 -34.56038521570713, -58.428499464598175 -34.56043326409109, -58.42856720380586 -34.560480819638784, -58.428635454100146 -34.56052774147691, -58.428704300546535 -34.5605741704769, -58.42877365804936 -34.56062003618957, -58.42884361173262 -34.56066533863815, -58.42891407647128 -34.5607100777976, -58.42898505229366 -34.560754183243006, -58.42905653914121 -34.56079779582164, -58.429128622195826 -34.560840774708254, -58.42920113117848 -34.56088319027837, -58.42931049106556 -34.5609458277812, -58.42938538452919 -34.560986272030824, -58.42946215181209 -34.56102425191088, -58.42954070778507 -34.56105976739437, -58.42962079709684 -34.56109274798333, -58.42970250492361 -34.561123052850085, -58.42978549073078 -34.56115075232201, -58.42986966941496 -34.561175775949124, -58.42995504102536 -34.5611979828809, -58.43004135012281 -34.5612175138934, -58.4301285116305 -34.5612342281134, -58.43021644044283 -34.56124805509193, -58.430313648651314 -34.56126005348878, -58.430378000175196 -34.56126795835579, -58.430442863597854 -34.56127297593956, -58.430507898411854 -34.56127510614778, -58.430573019457746 -34.56127441938144, -58.43063797138087 -34.561270845147995, -58.43070258395164 -34.561264312978196, -58.43076668683069 -34.561255034099396, -58.43083010981626 -34.56124286761897, -58.43089268259719 -34.5612279543409, -58.430954149819634 -34.56121022377472, -58.43101442629855 -34.561189816747735, -58.431087645154236 -34.561160610096856)"
5829,CORDOBA AV.,Ciclovías mano única,14,Palermo,130.37,"LINESTRING (-58.443478573934314 -34.58540084654664, -58.444587048462864 -34.58466565619218)"
7465,GORRITI,Ciclovías,14,Palermo,98.65,"LINESTRING (-58.42608479722341 -34.59278909291613, -58.426866807928675 -34.592178755305)"
22469,PEPIRI,Ciclovías,4,Parque Patricios,127.09,"LINESTRING (-58.40919739246174 -34.64730723628134, -58.40915843095888 -34.64746778358622, -58.4090230025523 -34.648028643092225, -58.40900941684349 -34.64808497549328, -58.408926022481005 -34.64843064513149)"
14373,"CALVO, CARLOS",Ciclovías,1,Constitucion,140.74,"LINESTRING (-58.38144604114449 -34.619754176400136, -58.38168839328989 -34.619752859885025, -58.382794081124985 -34.61976458063258, -58.38298055138298 -34.61976392889251)"
12029,"ALSINA, ADOLFO",Ciclovías,1,Monserrat,131.16,"LINESTRING (-58.388942873276896 -34.611285981505496, -58.390367440196776 -34.61138895546295)"
8462,CORDOBA AV.,Ciclovías mano única,14,Palermo,155.5,"LINESTRING (-58.42336930425086 -34.59774487338942, -58.42354330446549 -34.597628629209986, -58.424844981666965 -34.59706138383529)"
11937,"ALSINA, ADOLFO",Ciclovías mano única,1,Monserrat,123.1,"LINESTRING (-58.384819759087236 -34.61100424025594, -58.38497178997375 -34.61101285919797, -58.385849557044224 -34.61107299784499, -58.386157965049186 -34.61108833428754)"
11678,"ALSINA, ADOLFO",Ciclovías mano única,1,Monserrat,128.78,"LINESTRING (-58.37065725043584 -34.61005887300491, -58.37205734647661 -34.610145281374606)"
17230,CABOTO,Ciclovías,4,La Boca,125.22,"LINESTRING (-58.35843548029236 -34.62937807984591, -58.35737050117256 -34.6300845610704)"
8466,SUIPACHA,Ciclovías,1,Retiro,134.69,"LINESTRING (-58.379837989913646 -34.59772546040252, -58.379898789039245 -34.59662456926302, -58.379904606741796 -34.59651259964583)"
16115,"GARAY, JUAN DE AV.",Ciclovías,1,Constitucion,103.55,"LINESTRING (-58.37801003780684 -34.62565414335572, -58.379012811518734 -34.62608322533727)"
18741,IRALA,Ciclovías,4,La Boca,107.31,"LINESTRING (-58.36722388042407 -34.63427705696188, -58.36692689988519 -34.6352126764499)"
10990,"PERON, JUAN DOMINGO, TTE. GENERAL",Ciclovías mano única,3,Balvanera,122.66,"LINESTRING (-58.40063673958802 -34.607396015508826, -58.4019709931743 -34.60747014522026)"
18217,15 DE NOVIEMBRE DE 1889,Ciclovías,4,Parque Patricios,137.3,"LINESTRING (-58.39685995118278 -34.633046437233276, -58.39829842903102 -34.633390103036156)"
18180,USPALLATA,Ciclovías,4,Barracas,78.08,"LINESTRING (-58.375205879931485 -34.63276173078304, -58.37562511442819 -34.63319083983708, -58.37579331646197 -34.63325286263698)"
28049,DEL LIBERTADOR AV.,Ciclovías,2,Recoleta,130.92,"LINESTRING (-58.38863781324082 -34.585323737716074, -58.38928677664519 -34.58511782596896, -58.389566477433874 -34.58503869809146, -58.3898529514075 -34.58500302512265, -58.389997945076956 -34.585020720494086)"
31728,"PERETTE, CARLOS H.",Ciclovías,1,Retiro,27.87,"LINESTRING (-58.37890011803753 -34.58234355269013, -58.37914766295714 -34.58219797336889)"
4484,GUATEMALA,Ciclovías,14,Palermo,129.34,"LINESTRING (-58.43398952382224 -34.57872994016382, -58.43500385116233 -34.577920375346075)"
1540,"OBLIGADO RAFAEL, AV.COSTANERA",Ciclovías,14,Palermo,329.9,"LINESTRING (-58.4131998612302 -34.55596687205611, -58.41365404079936 -34.55571329032101, -58.41477935093066 -34.555143601095246, -58.415246604340275 -34.55494761709182, -58.41576127423582 -34.554754154046975, -58.41635766228512 -34.55456656359787)"
9529,TUCUMAN,Ciclovías,1,San Nicolas,137.66,"LINESTRING (-58.38803535703451 -34.6017121203439, -58.38940204298373 -34.60178513988299, -58.38953216516856 -34.60179895121942)"
32392,LA RABIDA (S) AV.,Ciclovías,1,Monserrat,52.83,"LINESTRING (-58.368733320310774 -34.60902738137383, -58.36876266844442 -34.60905516516045, -58.36891408174612 -34.60918058739211, -58.369024217856094 -34.60925661487938, -58.36916456944861 -34.60934108784196)"
11840,"ALSINA, ADOLFO",Ciclovías mano única,1,Monserrat,135.52,"LINESTRING (-58.379124335778926 -34.61063353734474, -58.379287010830005 -34.610643649606786, -58.38037454911419 -34.610712070612415, -58.380597180519636 -34.610729827600736)"
12566,"ALSINA, ADOLFO",Ciclovías,3,Balvanera,157.48,"LINESTRING (-58.411463990005366 -34.613036807041794, -58.413118685324505 -34.61341553204709)"
16922,TACUARI,Ciclovías,4,Barracas,147.86,"LINESTRING (-58.37658077954838 -34.627893850739625, -58.37562308413089 -34.62896607778474)"
9877,ECUADOR,Ciclovías,3,Balvanera,160.7,"LINESTRING (-58.407410351275196 -34.603021918859056, -58.40694585290641 -34.6016252053963)"
11785,"ALSINA, ADOLFO",Ciclovías mano única,1,Monserrat,132.0,"LINESTRING (-58.37626782481828 -34.61045082643048, -58.37651362216638 -34.61046874824029, -58.377516067979265 -34.61053488061411, -58.37770233484089 -34.61054634962077)"
8277,"ALVEAR, MARCELO T. DE",Ciclovías,1,Retiro,36.87,"LINESTRING (-58.38226758130253 -34.59676595619856, -58.38266703794984 -34.59680248898296)"
4224,DEL LIBERTADOR AV.,Ciclovías,14,Palermo,102.58,"LINESTRING (-58.40995844247456 -34.57723959231155, -58.41072740056463 -34.576896750342364, -58.41094184667112 -34.57679979840107)"
13644,CHILE,Ciclovías,3,Balvanera,138.82,"LINESTRING (-58.39454967809271 -34.61707575326978, -58.394794987812624 -34.61709370839277, -58.39605619670719 -34.61719645362678)"
18682,RONDEAU,Ciclovías,4,Parque Patricios,151.53,"LINESTRING (-58.39929820833785 -34.634758250675134, -58.400654415617666 -34.63499719653022, -58.40091663544086 -34.635033387616716)"
16268,RINCON,Ciclovías,3,San Cristobal,134.81,"LINESTRING (-58.39460434683463 -34.62547179852175, -58.39443279795784 -34.62667868689015)"
6737,SERRANO,Ciclovías,14,Palermo,60.41,"LINESTRING (-58.43120968026304 -34.589389222885096, -58.43069284297996 -34.589051826540654)"
20094,"FAVALORO, RENE DR.",Ciclovías,4,Parque Patricios,115.91,"LINESTRING (-58.40653686742072 -34.64006061555976, -58.40687816583452 -34.64011267579823, -58.40708035524514 -34.64011805090752, -58.4073017212547 -34.64011554709524, -58.407533750353885 -34.64009452646828, -58.4077891385743 -34.64005414966712)"
13509,CHILE,Ciclovías,1,Monserrat,146.73,"LINESTRING (-58.3858917915391 -34.616684364848126, -58.38618540781082 -34.616689832557185, -58.38730988056936 -34.61670187634232, -58.387491485847626 -34.6167042428782)"
5075,"RAVIGNANI, EMILIO, DR.",Ciclovías,14,Palermo,131.72,"LINESTRING (-58.43938510846347 -34.581743919662166, -58.43839775632837 -34.580882016036306)"
17937,"HORNOS, GRAL.",Ciclovías,4,Barracas,228.44,"LINESTRING (-58.37854752758853 -34.6305769641635, -58.37829283990933 -34.63119806078619, -58.37776972608966 -34.63253320126033)"
3237,"FIGUEROA ALCORTA, PRES. AV.",Ciclovías,14,Palermo,264.97,"LINESTRING (-58.413353730875656 -34.57051976958133, -58.41530275497524 -34.569121227174, -58.415537690814446 -34.56895731752613)"
12088,"ALSINA, ADOLFO",Ciclovías,3,Balvanera,138.9,"LINESTRING (-58.3917979672137 -34.61149867693397, -58.39209239774338 -34.61152715937341, -58.3931404389317 -34.61159241532028, -58.39330695058766 -34.61160244067224)"
13174,"MOREAU DE JUSTO, ALICIA AV.",Ciclovías,1,Puerto Madero,145.77,"LINESTRING (-58.36629483631195 -34.61211192055326, -58.36626645691231 -34.61227283147624, -58.366289827604646 -34.612578181593925, -58.366289681764684 -34.612703555035566, -58.366212510946625 -34.613420766807934)"
8365,"ALVEAR, MARCELO T. DE",Ciclovías,2,Recoleta,122.39,"LINESTRING (-58.39755453968057 -34.59722114304013, -58.397673266307976 -34.59720712222119, -58.39887212689948 -34.59704811068338)"
17562,CABOTO,Ciclovías,4,La Boca,102.33,"LINESTRING (-58.35690067681918 -34.63039619749598, -58.3564062478892 -34.63122316770727)"
27863,SERRANO,Ciclovías,14,Palermo,17.81,"LINESTRING (-58.43069284297996 -34.589051826540654, -58.43054045720114 -34.58895241781307)"
31958,"GARCIA, MARTIN AV.",Ciclovías,1,San Telmo,64.95,"LINESTRING (-58.36816096776406 -34.62712689018745, -58.36847008746693 -34.62737691631837, -58.36861720721662 -34.62756971469076)"
6865,GORRITI,Ciclovías,14,Palermo,111.19,"LINESTRING (-58.43025247775376 -34.59000404842814, -58.43120968026304 -34.589389222885096)"
10334,SUIPACHA,Ciclovías,1,San Nicolas,140.11,"LINESTRING (-58.379387141585 -34.604837299827125, -58.37939632240975 -34.60468533212393, -58.37946610494387 -34.60372445068783, -58.37947502603063 -34.603576426491614)"
7641,SAN MARTIN,Ciclovías,1,Retiro,191.8,"LINESTRING (-58.373842227962754 -34.59356776800097, -58.37267596650422 -34.59213286343341)"
8836,CORDOBA AV.,Ciclovías mano única,1,Retiro,132.59,"LINESTRING (-58.38403232073397 -34.59915940603537, -58.38420672855778 -34.59916747707744, -58.385475358428174 -34.59922695566426)"
30378,"ACHAVAL RODRIGUEZ, T., DR. AV.",Ciclovías,1,Puerto Madero,17.43,"LINESTRING (-58.356619550480936 -34.61776342953792, -58.35661127208759 -34.61792035563535)"
4361,"BULLRICH, INT. AV.",Ciclovías,14,Palermo,431.46,"LINESTRING (-58.4249896110082 -34.574556239745846, -58.425250742709736 -34.57509224743492, -58.42571680833101 -34.576008818154484, -58.42662163854858 -34.577788065189864, -58.42653328892007 -34.57816791121093)"
6067,"DIAZ, CNEL. AV.",Ciclovías,14,Palermo,50.89,"LINESTRING (-58.40831947180599 -34.58654558532527, -58.408138866198556 -34.58628852746811, -58.40804103537844 -34.586148832858065)"
19998,IRALA,Ciclovías,4,La Boca,103.23,"LINESTRING (-58.36634373105733 -34.63877513342691, -58.36619704170582 -34.6396977006841)"
13069,TACUARI,Ciclovías,1,Monserrat,119.16,"LINESTRING (-58.37898582839735 -34.61409968438286, -58.37898222099035 -34.61421348616673, -58.37892295135313 -34.61504042756549, -58.37891540736097 -34.615172184580814)"
12328,"CEVALLOS, VIRREY",Ciclovías,1,Monserrat,131.06,"LINESTRING (-58.388942873276896 -34.611285981505496, -58.38892568933335 -34.61145273382516, -58.38893420227165 -34.61222218586673, -58.38894480182646 -34.61246663217725)"
8562,CORDOBA AV.,Ciclovías mano única,2,Recoleta,117.45,"LINESTRING (-58.40815066745208 -34.598068377123596, -58.408724146875684 -34.5980779308831, -58.409430735557486 -34.5980878224776)"
17102,IRALA,Ciclovías,4,La Boca,153.02,"LINESTRING (-58.36944859028488 -34.62832168784518, -58.36872039550352 -34.629562757875874)"
18204,SANLUCAR DE BARRAMEDA,Ciclovías,4,Barracas,36.34,"LINESTRING (-58.38369668050954 -34.633343841112314, -58.383591143873 -34.633318138135444, -58.38347426212333 -34.6333067939793, -58.38337492206854 -34.63330510918844, -58.38330668722496 -34.63329541647423)"
9935,SAN MARTIN,Ciclovías,1,San Nicolas,122.35,"LINESTRING (-58.37385386107077 -34.60323200775726, -58.37386260088711 -34.603103420737945, -58.37390338124946 -34.60224315630779, -58.373910230538456 -34.60213013148894)"
8554,CORDOBA AV.,Ciclovías mano única,2,Recoleta,78.37,"LINESTRING (-58.404734813765955 -34.59803636249119, -58.40558907777432 -34.59804036110832)"
4243,SARMIENTO AV.,Ciclovías,14,Palermo,253.62,"LINESTRING (-58.4172704158941 -34.57734940180585, -58.41557610912088 -34.57554308242817)"
19000,"HORNOS, GRAL.",Ciclovías,4,Barracas,171.49,"LINESTRING (-58.37713726475054 -34.63471172069617, -58.37709182993628 -34.63489880302655, -58.37682888892637 -34.63606059951989, -58.376784919678364 -34.63622979524432)"
30420,CORRIENTES AV.,Ciclovías mano única,1,San Nicolas,16.04,"LINESTRING (-58.37009315456111 -34.602996991948196, -58.370267690326465 -34.603006224300984)"
5586,GODOY CRUZ,Ciclovías,14,Palermo,120.27,"LINESTRING (-58.430175302671465 -34.584273504040894, -58.43003529678381 -34.58411381518487, -58.42940625595752 -34.58339560090001)"
8463,"ACUNA DE FIGUEROA, FRANCISCO",Ciclovías,14,Palermo,146.58,"LINESTRING (-58.42177967769403 -34.597734404132424, -58.42151692306705 -34.59643112466026)"
14309,RINCON,Ciclovías,3,San Cristobal,131.19,"LINESTRING (-58.39599280220958 -34.618380658670084, -58.395943924459054 -34.61941339075953, -58.395928300929576 -34.61956183463126)"
7075,FRENCH,Ciclovías,2,Recoleta,126.53,"LINESTRING (-58.39923047963244 -34.59084615585345, -58.40035749527471 -34.59018877347407)"
10233,CORRIENTES AV.,Ciclovías mano única,3,Balvanera,25.81,"LINESTRING (-58.393579526817255 -34.604456018084335, -58.39369050084689 -34.60445777161145, -58.39386083586723 -34.60446188281242)"
12187,"ALSINA, ADOLFO",Ciclovías,3,Balvanera,140.58,"LINESTRING (-58.39743924655602 -34.61187235061178, -58.39762006383678 -34.611888927182335, -58.39896595507313 -34.61198323712056)"
9957,CORRIENTES AV.,Ciclovías mano única,1,San Nicolas,125.7,"LINESTRING (-58.37385386107077 -34.60323200775726, -58.375220377674225 -34.60331574954359)"
10231,CORRIENTES AV.,Ciclovías mano única,3,Balvanera,118.34,"LINESTRING (-58.39228965665492 -34.60443527392531, -58.393579526817255 -34.604456018084335)"
14090,DEAN FUNES,Ciclovías,3,Balvanera,99.37,"LINESTRING (-58.40657493271277 -34.617811242389294, -58.40647312766752 -34.61870303702261)"
31249,LA RABIDA (N) AV.,Ciclovías,1,Monserrat,59.99,"LINESTRING (-58.368323751305304 -34.60731573428566, -58.368434249179195 -34.60706900527845, -58.36858990512265 -34.606822938391915)"
5823,DEL LIBERTADOR AV.,Ciclovías,2,Recoleta,93.09,"LINESTRING (-58.389997945076956 -34.585020720494086, -58.390344309122895 -34.585047968512775, -58.390702548436984 -34.58502987195032, -58.391005802901056 -34.58498660048687)"
10918,"PERON, JUAN DOMINGO, TTE. GENERAL",Ciclovías mano única,3,Balvanera,126.95,"LINESTRING (-58.396473120354486 -34.607152253349724, -58.39772482622511 -34.6072370182066, -58.39785292406743 -34.60723821376329)"
21111,DON PEDRO DE MENDOZA AV.,Ciclovías,4,La Boca,109.67,"LINESTRING (-58.35806544093068 -34.64256393639316, -58.357996420527236 -34.642902400616656, -58.35790164894365 -34.643187391406315, -58.35781350254423 -34.64342126068079, -58.35777009160086 -34.64351974501613)"
17012,BOLIVAR,Ciclovías,4,Barracas,25.12,"LINESTRING (-58.372089905325524 -34.62904679763692, -58.372030538358516 -34.62926788226507)"
33054,OLLEROS AV.,Ciclovías,14,Palermo,31.77,"LINESTRING (-58.43610924526185 -34.563182385497086, -58.43615567511458 -34.5632495024309, -58.436197946115804 -34.5633137506197, -58.43624507295149 -34.56336997001988, -58.43628977317185 -34.56342647564485)"
3285,DORREGO AV.,Ciclovías,14,Palermo,86.47,"LINESTRING (-58.42407726279497 -34.57082298184812, -58.42370930222082 -34.57040955107399, -58.42362029760446 -34.570348291360766, -58.423440171641616 -34.57026584702274)"
10113,CORRIENTES AV.,Ciclovías mano única,1,San Nicolas,127.79,"LINESTRING (-58.385136276420454 -34.60391075266488, -58.386345776279285 -34.60398166335405, -58.38652589838241 -34.60399226993417)"
30737,SARMIENTO AV.,Ciclovías,14,Palermo,40.72,"LINESTRING (-58.41211595480204 -34.57163765969686, -58.4120953144832 -34.57155990299951, -58.412071601892954 -34.571494257927974, -58.41203340644682 -34.571444663430476, -58.41198481828691 -34.57140520560124, -58.411867268505574 -34.57136888779292)"
100,"FIGUEROA ALCORTA, PRES. AV.",Ciclovías,14,Palermo,27.95,"LINESTRING (-58.41982979340612 -34.56552974977226, -58.42008769057804 -34.56539579027669)"
6538,CORDOBA AV.,Ciclovías mano única,14,Palermo,104.22,"LINESTRING (-58.43849922876373 -34.58869034646916, -58.43861582418158 -34.588620157619395, -58.43939052324503 -34.58810811982353)"
8209,"ALVEAR, MARCELO T. DE",Ciclovías,1,Retiro,135.16,"LINESTRING (-58.37844177217033 -34.596367081829996, -58.379904606741796 -34.59651259964583)"
10178,SARMIENTO,Ciclovías,1,San Nicolas,60.48,"LINESTRING (-58.37035886288971 -34.60420447324621, -58.37101622003 -34.6042465994247)"
8881,VIAMONTE,Ciclovías,1,San Nicolas,35.59,"LINESTRING (-58.369076742369394 -34.59935328429158, -58.36930248652786 -34.599375993951675, -58.369462067200914 -34.59939083531071)"
31952,PASEO COLON AV.,Ciclovías,1,San Telmo,32.63,"LINESTRING (-58.36798010254514 -34.62677709055505, -58.368031847248545 -34.626889029883685, -58.368043137434675 -34.62698325064862, -58.36805586968094 -34.62706216307982)"
22773,PEPIRI,Ciclovías,4,Nueva Pompeya,104.61,"LINESTRING (-58.408926022481005 -34.64843064513149, -58.40870275161036 -34.6493554113021)"
8391,"ALVEAR, MARCELO T. DE",Ciclovías,2,Recoleta,133.48,"LINESTRING (-58.396102979654046 -34.597297747914155, -58.396257722630985 -34.59729304422217, -58.39740021198232 -34.597239440364724, -58.39755453968057 -34.59722114304013)"
7829,ARENALES,Ciclovías,2,Recoleta,58.08,"LINESTRING (-58.38856866910028 -34.59467557819012, -58.38920138529037 -34.59469462630023)"
16468,PI Y MARGALL,Ciclovías,4,La Boca,64.72,"LINESTRING (-58.36523099563227 -34.62687469269671, -58.36567039286545 -34.627331247178404)"
15220,RINCON,Ciclovías,3,San Cristobal,138.54,"LINESTRING (-58.395644822886254 -34.62174599950547, -58.395627700456515 -34.62185077996723, -58.39536773199197 -34.622973465403156)"
9827,CORRIENTES AV.,Ciclovías,1,San Nicolas,78.03,"LINESTRING (-58.368169716933316 -34.6028295303064, -58.36840371511677 -34.60285161761207, -58.36901515496271 -34.60290758538501)"
32941,ANTARTIDA ARGENTINA AV.,Ciclovías,1,Retiro,94.81,"LINESTRING (-58.3701072187099 -34.59258905161453, -58.370166251179235 -34.59236734678608, -58.37022229783449 -34.59204841083691, -58.37027513464312 -34.59183309784202, -58.37030709345299 -34.59175161905748)"
22550,"HORNOS, GRAL.",Ciclovías,4,Barracas,158.08,"LINESTRING (-58.3743030075649 -34.646985422226614, -58.37422845929129 -34.64721248214387, -58.3739048129348 -34.64817239312401, -58.37382127990427 -34.648352826108145)"
6129,AZCUENAGA,Ciclovías,2,Recoleta,173.39,"LINESTRING (-58.394410607144586 -34.58681691191924, -58.39332012380972 -34.58554035359763)"
19041,RONDEAU,Ciclovías,4,Parque Patricios,182.44,"LINESTRING (-58.40575080955818 -34.635918871425496, -58.40767027791724 -34.63635173793517)"
2416,DEL LIBERTADOR AV.,Ciclovías,14,Palermo,104.6,"LINESTRING (-58.435491583099534 -34.56425450612577, -58.43640910943142 -34.563695071770404)"
14029,BOLIVAR,Ciclovías,1,San Telmo,149.43,"LINESTRING (-58.37308676751853 -34.61715691168568, -58.373034730408534 -34.61840738137733, -58.37302321259245 -34.618502726117484)"
1079,"OBLIGADO RAFAEL, AV.COSTANERA",Ciclovías,14,Palermo,88.39,"LINESTRING (-58.42602614493797 -34.55229840596255, -58.42690391923337 -34.551970775786536)"
16983,BRASIL,Ciclovías,1,Constitucion,70.74,"LINESTRING (-58.38929643618108 -34.62904436605133, -58.39005148386897 -34.62917510486473)"
27556,"MOREAU DE JUSTO, ALICIA AV.",Ciclovías,1,Puerto Madero,136.46,"LINESTRING (-58.36596650721995 -34.615607357873394, -58.36582684110415 -34.61683198324368)"
29702,DORREGO AV.,Ciclovías,14,Palermo,236.56,"LINESTRING (-58.423440171641616 -34.57026584702274, -58.42307687733174 -34.56997426503214, -58.42243751345392 -34.56929263028358, -58.421981610326526 -34.56880450904132, -58.42185571772011 -34.56859481415464)"
11099,"PERON, JUAN DOMINGO, TTE. GENERAL",Ciclovías,3,Balvanera,124.48,"LINESTRING (-58.409116585380666 -34.607899519707225, -58.40927474678803 -34.60790628007864, -58.41020430203327 -34.607937956190504, -58.41047268323069 -34.60793518532507)"
5864,"BORGES, JORGE LUIS",Ciclovías,14,Palermo,147.45,"LINESTRING (-58.42538449429541 -34.58559741522322, -58.424233870952264 -34.58466950050206)"
10296,SARMIENTO,Ciclovías,1,San Nicolas,130.45,"LINESTRING (-58.375165744159 -34.60456361548502, -58.376453841493806 -34.60464869525821, -58.376583376081555 -34.60465646355559)"
6148,GORRITI,Ciclovías,14,Palermo,78.58,"LINESTRING (-58.43466045179697 -34.586917643953846, -58.435269961876386 -34.58642003017264)"
10208,SARMIENTO,Ciclovías,1,San Nicolas,104.29,"LINESTRING (-58.368826980447515 -34.60425696648055, -58.36988642881877 -34.60434461435175, -58.36994625028017 -34.60431117045978)"
22898,HERRERA,Ciclovías,4,Barracas,143.45,"LINESTRING (-58.37493132230091 -34.64855236938548, -58.37459549903803 -34.649666640433274, -58.3745481411369 -34.64980604355902)"
29705,DORREGO AV.,Ciclovías,14,Palermo,141.43,"LINESTRING (-58.420644573769565 -34.566577141071555, -58.420583725955076 -34.56631823899405, -58.420499616439756 -34.56617731147142, -58.420371379210216 -34.56596244586687, -58.42023294016502 -34.565730485392926, -58.42008769057804 -34.56539579027669)"
6132,GODOY CRUZ,Ciclovías,14,Palermo,122.86,"LINESTRING (-58.43290380865871 -34.586837992329365, -58.4318372009353 -34.58616834395535)"
7934,SUIPACHA,Ciclovías,1,Retiro,58.07,"LINESTRING (-58.379957838437534 -34.59522754521767, -58.37995417329513 -34.595060286521644, -58.379962448779864 -34.5947041597089)"
7754,JUNCAL,Ciclovías,2,Recoleta,195.61,"LINESTRING (-58.390063566301336 -34.59427373152243, -58.39216180650697 -34.59396003804841)"
9461,TUCUMAN,Ciclovías,1,San Nicolas,130.05,"LINESTRING (-58.38388382762491 -34.60145152732453, -58.38427821915788 -34.60149861014572, -58.38451940400881 -34.60156137759315, -58.38461383541595 -34.60157942344169, -58.38509533741892 -34.60155680187037, -58.385280089867535 -34.60158186665396)"
9912,CORRIENTES AV.,Ciclovías mano única,1,San Nicolas,125.75,"LINESTRING (-58.37109827562857 -34.60305643294922, -58.371278477592774 -34.6030682592975, -58.37246477984885 -34.60314633243528)"
31247,BOLIVAR,Ciclovías,1,San Telmo,9.49,"LINESTRING (-58.372552857122805 -34.62669769218927, -58.372549171227995 -34.62678316682778)"
8567,CORDOBA AV.,Ciclovías mano única,2,Recoleta,149.37,"LINESTRING (-58.41029675259318 -34.59809214544383, -58.41192137209617 -34.59800248677594)"
10829,"PERON, JUAN DOMINGO, TTE. GENERAL",Ciclovías mano única,1,San Nicolas,125.95,"LINESTRING (-58.39074654887535 -34.60670165215049, -58.39089499754533 -34.60670772633549, -58.39191964408345 -34.60676847178958, -58.392115437039905 -34.60678781180275)"
1870,"FIGUEROA ALCORTA, PRES. AV.",Ciclovías,14,Palermo,316.78,"LINESTRING (-58.427484552009595 -34.559183506327784, -58.42785036374659 -34.558893465797986, -58.42977194016931 -34.55737101678213, -58.42997740246505 -34.55720853415948)"
12978,BOLIVAR,Ciclovías,1,Monserrat,125.93,"LINESTRING (-58.373252836347305 -34.61371987851734, -58.37318772713301 -34.61485371814368)"
30418,SARMIENTO,Ciclovías,1,San Nicolas,23.66,"LINESTRING (-58.36994625028017 -34.60431117045978, -58.37015990712317 -34.60419172262706)"
9200,ECUADOR,Ciclovías,3,Balvanera,120.84,"LINESTRING (-58.40665026567317 -34.60071019547476, -58.40661873615492 -34.600611799048814, -58.40631424100406 -34.59965699467961)"
21122,"HORNOS, GRAL.",Ciclovías,4,Barracas,47.61,"LINESTRING (-58.375420634973835 -34.64312951291736, -58.375401127787576 -34.64328569729237, -58.37534290292344 -34.643553544770974)"
3339,SARMIENTO AV.,Ciclovías,14,Palermo,263.08,"LINESTRING (-58.41121928718774 -34.570880341651446, -58.409458451651155 -34.56900889159826)"
8850,CORDOBA AV.,Ciclovías mano única,1,Retiro,122.58,"LINESTRING (-58.385475358428174 -34.59922695566426, -58.38680947845172 -34.5992894199246)"
17011,USPALLATA,Ciclovías,4,Barracas,122.6,"LINESTRING (-58.37069707690106 -34.629187932715766, -58.372030538358516 -34.62926788226507)"
9078,"MOREAU DE JUSTO, ALICIA AV.",Ciclovías,1,Puerto Madero,101.8,"LINESTRING (-58.367854950117504 -34.599230290623154, -58.367796393827284 -34.59931811661131, -58.36752217137222 -34.600103407078805)"
16553,"GARAY, JUAN DE AV.",Ciclovías,3,San Cristobal,101.93,"LINESTRING (-58.393209220968146 -34.62744806869514, -58.39429594972209 -34.627641084747594)"
13378,CHILE,Ciclovías mano única,1,Monserrat,133.24,"LINESTRING (-58.374537366230676 -34.61608711743822, -58.37470976378198 -34.616095552714086, -58.37525539611526 -34.61613130027376, -58.3758619714032 -34.61621208964927, -58.37598002524768 -34.61621907569986)"
7135,"MANSILLA, LUCIO NORBERTO, GENERAL",Ciclovías,14,Palermo,99.89,"LINESTRING (-58.41452668158805 -34.59113027476369, -58.41534715555433 -34.59053833636819)"
16279,BOLIVAR,Ciclovías,1,San Telmo,135.49,"LINESTRING (-58.372626678311015 -34.62547793462713, -58.37262159491527 -34.62560877734393, -58.37255862130035 -34.62656402252293, -58.372552857122805 -34.62669769218927)"
18887,PERDRIEL,Ciclovías,4,Barracas,104.87,"LINESTRING (-58.387883192797204 -34.63501933459767, -58.38732480372935 -34.63584427748398)"
14935,BOLIVAR,Ciclovías,1,San Telmo,129.63,"LINESTRING (-58.37285418694978 -34.620721218806544, -58.37285407166288 -34.62082748756799, -58.37281324503975 -34.62171162247556, -58.37280180804787 -34.62188879912949)"
2607,"GARCIA, TEODORO",Ciclovías,14,Palermo,169.01,"LINESTRING (-58.44126939824819 -34.564609566341446, -58.44235464955645 -34.56584041733289)"
7993,GORRITI,Ciclovías,14,Palermo,163.99,"LINESTRING (-58.41674857334945 -34.595537905546976, -58.416979276624566 -34.59552982419155, -58.418534247038004 -34.59547061483575)"
6703,DEL LIBERTADOR AV.,Ciclovías,1,Retiro,116.75,"LINESTRING (-58.38090932694877 -34.58927731875665, -58.381972268502025 -34.58869872611618)"
8139,"ALVEAR, MARCELO T. DE",Ciclovías,1,Retiro,110.24,"LINESTRING (-58.373122398339284 -34.59617748919449, -58.374321735835885 -34.59623991987154)"
30419,SARMIENTO,Ciclovías,1,San Nicolas,18.3,"LINESTRING (-58.37015990712317 -34.60419172262706, -58.37035886288971 -34.60420447324621)"
9155,TUCUMAN,Ciclovías,3,Balvanera,133.69,"LINESTRING (-58.41086513144157 -34.600527076668484, -58.41100175257128 -34.60050136025852, -58.412281432475034 -34.60024288396286)"
20134,PEPIRI,Ciclovías,4,Parque Patricios,32.73,"LINESTRING (-58.40886788293727 -34.64016804460983, -58.40891154209334 -34.64046085612208)"
12138,TACUARI,Ciclovías,1,Monserrat,122.49,"LINESTRING (-58.379124335778926 -34.61063353734474, -58.37905746637239 -34.61173632278245)"
10061,CORRIENTES AV.,Ciclovías mano única,1,San Nicolas,13.63,"LINESTRING (-58.38206076522625 -34.6037363737301, -58.38220928185864 -34.60373898087009)"
14088,MEXICO,Ciclovías,3,Balvanera,128.1,"LINESTRING (-58.408034144398776 -34.61828128420019, -58.409335133275455 -34.61870144929333)"
8889,CORDOBA AV.,Ciclovías mano única,2,Recoleta,139.48,"LINESTRING (-58.38815075243375 -34.599353916290134, -58.38948375913312 -34.59942797052387, -58.38966761766499 -34.59944012404755)"
13554,CHILE,Ciclovías,1,Monserrat,121.81,"LINESTRING (-58.39035445248039 -34.61679148238821, -58.39051458640196 -34.61680052180779, -58.391465842840375 -34.61686341037017, -58.39167844463043 -34.61687762005496)"
22588,HERRERA,Ciclovías,4,Barracas,148.53,"LINESTRING (-58.37531292291253 -34.64725129788515, -58.37522728740322 -34.64757032290645, -58.37493132230091 -34.64855236938548)"
30743,"FIGUEROA ALCORTA, PRES. AV.",Ciclovías,14,Palermo,64.16,"LINESTRING (-58.41211595480204 -34.57163765969686, -58.41229528089723 -34.57141079652118, -58.41242168820109 -34.57123612235988, -58.41248199761148 -34.57114519708564)"
13638,PADRE M. L. MIGONE,Ciclovías,1,Puerto Madero,106.88,"LINESTRING (-58.358081838171834 -34.61716101982693, -58.3576605000083 -34.61711523261362, -58.35694469020357 -34.616959012639064)"
19138,"GARCIA, MANUEL",Ciclovías,4,Parque Patricios,124.49,"LINESTRING (-58.397435114162576 -34.63564811232234, -58.39733018467399 -34.63592263566109, -58.39703100539015 -34.63671938230673)"
13868,"VERA PENALOZA,  ROSARIO",Ciclovías,1,Puerto Madero,152.07,"LINESTRING (-58.36493788773369 -34.617961820512775, -58.36412055062131 -34.617895524162705, -58.36328714237592 -34.617833020860665)"
31679,"OBLIGADO RAFAEL, AV.COSTANERA",Ciclovías,14,Palermo,477.37,"LINESTRING (-58.40405730077401 -34.56379384402065, -58.40408442567325 -34.56377754431823, -58.40484887157442 -34.56312935724348, -58.40689244173854 -34.56123422283657, -58.40750729573488 -34.56057812395818)"
4756,"RAVIGNANI, EMILIO, DR.",Ciclovías,14,Palermo,69.01,"LINESTRING (-58.43771779846155 -34.5802884135983, -58.43753963884066 -34.58013288024841, -58.437200430821015 -34.57983695754751)"
12923,"CEVALLOS, VIRREY",Ciclovías,1,Monserrat,117.36,"LINESTRING (-58.38895414984877 -34.613637287010796, -58.388960361142736 -34.613835955347426, -58.388971314366074 -34.61454399933178, -58.38897271295549 -34.614695058461514)"
19117,RONDEAU,Ciclovías,4,Parque Patricios,139.78,"LINESTRING (-58.40767027791724 -34.63635173793517, -58.40783639651834 -34.63638920830929, -58.40891703364407 -34.636616598485425, -58.40914406034333 -34.63667331975281)"
3340,"ROLDAN, BELISARIO AV.",Ciclovías,14,Palermo,167.28,"LINESTRING (-58.41154453812674 -34.57110482100092, -58.41165368767707 -34.57105456592973, -58.411733825663944 -34.57101276797933, -58.41179471636195 -34.570981807145714, -58.41184513262978 -34.57095534900002, -58.41189495335404 -34.57092818634301, -58.41194434871741 -34.570900460094904, -58.41199314844945 -34.570872170184636, -58.41204152286279 -34.570843246260495, -58.41208938682189 -34.57081368828726, -58.41213665510506 -34.570783637077696, -58.41218341293317 -34.57075295182028, -58.412229575127796 -34.570721702903896, -58.412275226823475 -34.57068989036482, -58.4123201977504 -34.57065751413245, -58.41236465813489 -34.570624644702605, -58.41240852292792 -34.57059114119239, -58.41245179200058 -34.570557214874285, -58.41249361370719 -34.57052335836219, -58.41253977818393 -34.570487954314345, -58.41259523540868 -34.57043093395229, -58.4126440509181 -34.570375812255556, -58.4126899727753 -34.570319069587875, -58.41273291589178 -34.57026063549331, -58.41277262469802 -34.57020079156494, -58.412809184333135 -34.57013953784118, -58.41283901495649 -34.57008384481784)"
6438,GORRITI,Ciclovías,14,Palermo,104.77,"LINESTRING (-58.43313119735605 -34.588155254985246, -58.4339478726429 -34.58749509046104)"
10910,SUIPACHA,Ciclovías,1,San Nicolas,127.35,"LINESTRING (-58.37928055866359 -34.60715592132667, -58.379323873890634 -34.60600854062296)"
11730,"ALSINA, ADOLFO",Ciclovías mano única,1,Monserrat,120.33,"LINESTRING (-58.373452661921704 -34.6102444168078, -58.373668223392954 -34.61025999810469, -58.37449793604176 -34.61031961971631, -58.37475948814788 -34.61033931711313)"
1666,"FIGUEROA ALCORTA, PRES. AV.",Ciclovías,14,Palermo,524.19,"LINESTRING (-58.42997740246505 -34.55720853415948, -58.430198530973996 -34.557034012909604, -58.43204237021032 -34.55557256429784, -58.43411810056931 -34.5539541183103)"
16362,PASEO COLON AV.,Ciclovías,4,La Boca,175.63,"LINESTRING (-58.36797542172831 -34.625194033298094, -58.36796999185987 -34.62547248278836, -58.36798010254514 -34.62677709055505)"
13540,CHILE,Ciclovías,1,Monserrat,119.42,"LINESTRING (-58.389054288755005 -34.616733655070014, -58.38929083017277 -34.616743024267244, -58.390148067183794 -34.616779809366896, -58.39035445248039 -34.61679148238821)"
10031,CORRIENTES AV.,Ciclovías mano única,1,San Nicolas,128.78,"LINESTRING (-58.37807494661316 -34.60349066663076, -58.37947502603063 -34.603576426491614)"
14260,MEXICO,Ciclovías,3,Balvanera,156.31,"LINESTRING (-58.410991995522934 -34.619048583691665, -58.41264444332856 -34.61939351061508)"
7567,"MANSILLA, LUCIO NORBERTO, GENERAL",Ciclovías,2,Recoleta,58.21,"LINESTRING (-58.41165010562321 -34.59322468956097, -58.41212337130227 -34.592875235276686)"
9537,TUCUMAN,Ciclovías,3,Balvanera,104.09,"LINESTRING (-58.40480504724405 -34.601838849010534, -58.40498544230066 -34.6018212590352, -58.40593162242052 -34.601726635706136)"
15475,"CEVALLOS, VIRREY",Ciclovías,1,Constitucion,146.24,"LINESTRING (-58.38865417105461 -34.62255876254768, -58.388635246414545 -34.62276347163222, -58.38849090946421 -34.62364973135111, -58.388468735167585 -34.62386760754261)"
12144,"ALSINA, ADOLFO",Ciclovías,3,Balvanera,128.45,"LINESTRING (-58.394771998320486 -34.611691935534516, -58.395944733725834 -34.611767871313724, -58.396168140173096 -34.61178278337802)"
10255,CORRIENTES AV.,Ciclovías mano única,3,Balvanera,136.83,"LINESTRING (-58.39529165099295 -34.60449606948021, -58.3966154967561 -34.60452764570632, -58.39678267996527 -34.604532807459215)"
19378,"RODRIGUEZ, MARTIN",Ciclovías,4,La Boca,100.97,"LINESTRING (-58.35987722053244 -34.63673057798924, -58.35975026422912 -34.636940331286816, -58.35951512175727 -34.63733781098847, -58.35938705843548 -34.6375455910949)"
19478,ZAVALETA,Ciclovías,4,Parque Patricios,133.42,"LINESTRING (-58.403783481933814 -34.636792935456974, -58.403528048205175 -34.637976905931204)"
13435,CHILE,Ciclovías,1,Monserrat,39.15,"LINESTRING (-58.38032133512995 -34.616426685839485, -58.38074747748405 -34.616447256892876)"
7759,"URIBURU JOSE E., PRES.",Ciclovías,2,Recoleta,182.69,"LINESTRING (-58.39812594282215 -34.59442809498876, -58.398099933096155 -34.594365474443876, -58.39807485762428 -34.59430609388147, -58.397511477226786 -34.59297091045438, -58.39747025295865 -34.59287314013312)"
8503,CORDOBA AV.,Ciclovías mano única,14,Palermo,115.85,"LINESTRING (-58.41600287580789 -34.59785420510173, -58.416161449647205 -34.59785194248211, -58.417265255489994 -34.59782510994273)"
19464,"GARCIA, MANUEL",Ciclovías,4,Parque Patricios,139.95,"LINESTRING (-58.39703100539015 -34.63671938230673, -58.39657855418673 -34.637924217079785)"
11754,"ALSINA, ADOLFO",Ciclovías mano única,1,Monserrat,119.67,"LINESTRING (-58.37496832105198 -34.61035510250036, -58.37533633397069 -34.6103828335455, -58.37626782481828 -34.61045082643048)"
5040,HUMBOLDT,Ciclovías,14,Palermo,81.53,"LINESTRING (-58.4316539798396 -34.58161518576187, -58.43104275298748 -34.58108177640966)"
16917,PAVON,Ciclovías,3,San Cristobal,90.89,"LINESTRING (-58.40997560019414 -34.62873635323045, -58.41092220893463 -34.628979089913585)"
10798,"PERON, JUAN DOMINGO, TTE. GENERAL",Ciclovías mano única,1,San Nicolas,131.94,"LINESTRING (-58.38931087696526 -34.6066292396726, -58.38944544027873 -34.60663777202369, -58.39061445253393 -34.606696291762944, -58.39074654887535 -34.60670165215049)"
10905,"PERON, JUAN DOMINGO, TTE. GENERAL",Ciclovías mano única,3,Balvanera,132.36,"LINESTRING (-58.39503498619145 -34.607054765674796, -58.396473120354486 -34.607152253349724)"
30729,"OBLIGADO RAFAEL, AV.COSTANERA",Ciclovías,14,Palermo,77.5,"LINESTRING (-58.40121083055799 -34.56791553289253, -58.40100873749792 -34.56771404741195, -58.40096092890342 -34.567279013783306)"
16987,PICHINCHA AV.,Ciclovías,4,Parque Patricios,125.42,"LINESTRING (-58.39683369944856 -34.62809061541779, -58.396771744054675 -34.62825211821085, -58.396545672191934 -34.629194888405756)"
14406,"CALVO, CARLOS",Ciclovías,1,Constitucion,136.69,"LINESTRING (-58.38434824149469 -34.61980383628213, -58.384583939492686 -34.61981293236758, -58.385642745753245 -34.6198580481398, -58.38583653065705 -34.61986972078143)"
5961,GORRITI,Ciclovías,14,Palermo,70.87,"LINESTRING (-58.43570298417559 -34.58607075644991, -58.43625890501118 -34.58562721100198)"
7895,"MANSILLA, LUCIO NORBERTO, GENERAL",Ciclovías,2,Recoleta,117.55,"LINESTRING (-58.40668428239432 -34.59538590232481, -58.407719031182594 -34.59504735844748, -58.407872527087235 -34.59498975127322)"
11028,"PERON, JUAN DOMINGO, TTE. GENERAL",Ciclovías,3,Balvanera,112.39,"LINESTRING (-58.41276529054813 -34.60763495500253, -58.41393939419971 -34.60734529069359)"
7750,ARENALES,Ciclovías,1,Retiro,41.97,"LINESTRING (-58.38159631748329 -34.59417898850716, -58.38205025640955 -34.594226196325195)"
30724,"OBLIGADO RAFAEL, AV.COSTANERA",Ciclovías,14,Palermo,132.52,"LINESTRING (-58.408609926346195 -34.55936655116247, -58.40915107380006 -34.55886259718073, -58.40956702799057 -34.55847211312832)"
30739,SARMIENTO AV.,Ciclovías,14,Palermo,38.87,"LINESTRING (-58.41154453812674 -34.57110482100092, -58.41121928718774 -34.570880341651446)"
9647,TUCUMAN,Ciclovías,3,Balvanera,135.63,"LINESTRING (-58.39702182683442 -34.602185086046454, -58.39835782819819 -34.60220031168837, -58.3985002253691 -34.60220278179626)"
19213,IRALA,Ciclovías,4,La Boca,99.78,"LINESTRING (-58.366766435973354 -34.63612206492615, -58.36672636038921 -34.6363692185397, -58.366623881631504 -34.63701372061219)"
18108,PARACAS,Ciclovías,1,Constitucion,79.19,"LINESTRING (-58.38128422930486 -34.63235512042581, -58.381253963287406 -34.63306855775997)"
13323,RINCON,Ciclovías,3,Balvanera,82.15,"LINESTRING (-58.39612275475176 -34.61525512774744, -58.396120410710516 -34.615415691888536, -58.3960995002842 -34.61599533563032)"
7479,MONTEVIDEO,Ciclovías,2,Recoleta,55.99,"LINESTRING (-58.38946073324805 -34.592822922039424, -58.389144153845535 -34.59259117696759, -58.38900876437326 -34.59248390975516)"
30728,"OBLIGADO RAFAEL, AV.COSTANERA",Ciclovías,14,Palermo,94.99,"LINESTRING (-58.40221465335012 -34.567916690783704, -58.40192413621321 -34.567933959190256, -58.40165885965492 -34.567979102257034, -58.401427281714184 -34.56800104299546, -58.40121083055799 -34.56791553289253)"
8384,"ALVEAR, MARCELO T. DE",Ciclovías,2,Recoleta,144.5,"LINESTRING (-58.393194670908876 -34.5972313923786, -58.39463558135574 -34.59726538123075, -58.394769197334206 -34.597269047949936)"
13410,TACUARI,Ciclovías,1,Monserrat,131.7,"LINESTRING (-58.37891540736097 -34.615172184580814, -58.37885358421777 -34.61624821166964, -58.37884708443215 -34.61635799727226)"
18815,DEAN FUNES,Ciclovías,4,Parque Patricios,131.29,"LINESTRING (-58.40430348131568 -34.63437217920251, -58.404279026095104 -34.634496534772275, -58.40405438048779 -34.63553763302033)"
7255,"DIAZ, CNEL. AV.",Ciclovías,14,Palermo,180.71,"LINESTRING (-58.41232958857011 -34.59167593537616, -58.411191454640225 -34.59034641817538)"
8647,ANTARTIDA ARGENTINA AV.,Ciclovías,1,Retiro,175.24,"LINESTRING (-58.36812071533131 -34.598436401596636, -58.36814800808861 -34.598212734701065, -58.36820602033603 -34.59798932447189, -58.36859504571971 -34.596909876509024)"
7931,ECUADOR,Ciclovías,2,Recoleta,138.36,"LINESTRING (-58.404179664866206 -34.595234219205494, -58.40386733269863 -34.594588564073696, -58.403616393674085 -34.594077306511814)"
5394,GODOY CRUZ,Ciclovías,14,Palermo,41.28,"LINESTRING (-58.42940625595752 -34.58339560090001, -58.42914233608737 -34.583094254217734)"
17974,"RODRIGUEZ, MARTIN",Ciclovías,4,La Boca,112.37,"LINESTRING (-58.36330667394772 -34.63198952036399, -58.363085242597464 -34.63213412876844, -58.36235671558673 -34.63262930744322)"
5327,AUSTRIA,Ciclovías,2,Recoleta,193.92,"LINESTRING (-58.39722252140173 -34.58309523150809, -58.395989198461876 -34.58167572889803)"
13943,AZOPARDO,Ciclovías,1,San Telmo,141.23,"LINESTRING (-58.36743314931195 -34.616927878814025, -58.367288073143584 -34.61819531533902)"
18814,RONDEAU,Ciclovías,4,Parque Patricios,152.77,"LINESTRING (-58.4024465607967 -34.63517662670731, -58.40405438048779 -34.63553763302033)"
8143,"ALVEAR, MARCELO T. DE",Ciclovías,1,Retiro,100.55,"LINESTRING (-58.374321735835885 -34.59623991987154, -58.37442000594373 -34.5962450619898, -58.37541758063675 -34.596244305612345)"
14707,"CALVO, CARLOS",Ciclovías,3,San Cristobal,91.47,"LINESTRING (-58.40077518240158 -34.620978164502695, -58.40176831135222 -34.62105374080397)"
16749,CABOTO,Ciclovías,4,La Boca,112.21,"LINESTRING (-58.36064157429686 -34.62765032641976, -58.35968290385188 -34.6282788529857)"
5062,"FIGUEROA ALCORTA, PRES. AV.",Ciclovías,2,Recoleta,222.78,"LINESTRING (-58.395989198461876 -34.58167572889803, -58.39795243000712 -34.58077889197254, -58.39811256286394 -34.580701863501616)"
3376,"FIGUEROA ALCORTA, PRES. AV.",Ciclovías,14,Palermo,105.89,"LINESTRING (-58.41248199761148 -34.57114519708564, -58.413353730875656 -34.57051976958133)"
17697,15 DE NOVIEMBRE DE 1889,Ciclovías,4,Parque Patricios,9.15,"LINESTRING (-58.391300822488205 -34.63168481810714, -58.39139639321926 -34.631708395848186)"
8414,SAN MARTIN,Ciclovías,1,Retiro,131.55,"LINESTRING (-58.374258134060355 -34.597424539895954, -58.37431942869099 -34.596327102659465, -58.374321735835885 -34.59623991987154)"
14612,"CALVO, CARLOS",Ciclovías,3,San Cristobal,120.21,"LINESTRING (-58.395808265065234 -34.62062734443633, -58.39599038293688 -34.62063878322305, -58.397115032148754 -34.620712145934284)"
30377,"ACHAVAL RODRIGUEZ, T., DR. AV.",Ciclovías,1,Puerto Madero,55.26,"LINESTRING (-58.35668083047827 -34.61726811436567, -58.3566522665617 -34.61744625244947, -58.3566440331092 -34.61756811901991, -58.356619550480936 -34.61776342953792)"
10209,SARMIENTO,Ciclovías,1,San Nicolas,126.82,"LINESTRING (-58.37101622003 -34.6042465994247, -58.371146263865086 -34.604254937267484, -58.372252170563804 -34.6043446420331, -58.3723924321223 -34.60435559184317)"
8565,CORDOBA AV.,Ciclovías mano única,2,Recoleta,79.45,"LINESTRING (-58.409430735557486 -34.5980878224776, -58.41029675259318 -34.59809214544383)"
7756,CORDOBA AV.,Ciclovías mano única,14,Palermo,135.95,"LINESTRING (-58.430061297390196 -34.59430195597405, -58.430284042815856 -34.59416300007198, -58.43122119889041 -34.59353936648627)"
9505,TUCUMAN,Ciclovías,3,Balvanera,93.72,"LINESTRING (-58.40593162242052 -34.601726635706136, -58.40694585290641 -34.6016252053963)"
5324,GODOY CRUZ,Ciclovías,14,Palermo,39.28,"LINESTRING (-58.42914233608737 -34.583094254217734, -58.42889126932933 -34.58280748830656)"
33057,DEL LIBERTADOR AV.,Ciclovías,14,Palermo,42.57,"LINESTRING (-58.43640910943142 -34.563695071770404, -58.4367814908993 -34.563466302524056)"
6598,MONTEVIDEO,Ciclovías,2,Recoleta,159.82,"LINESTRING (-58.38495271129904 -34.58879152253078, -58.383847460509166 -34.58767797198763)"
8890,MONTEVIDEO,Ciclovías,2,Recoleta,106.87,"LINESTRING (-58.38966761766499 -34.59944012404755, -58.389722800931835 -34.59847781854373)"
13736,"VERA PENALOZA,  ROSARIO",Ciclovías,1,Puerto Madero,78.81,"LINESTRING (-58.36175384621074 -34.61740143418883, -58.36152727614923 -34.61745060180307, -58.360903609512775 -34.61741659302758)"
28109,CABOTO,Ciclovías,4,La Boca,5.0,"LINESTRING (-58.36068354430908 -34.627621593499455, -58.36064157429686 -34.62765032641976)"
6963,"DIAZ, CNEL. AV.",Ciclovías,14,Palermo,175.49,"LINESTRING (-58.411191454640225 -34.59034641817538, -58.41008373132284 -34.58905676319133)"
13831,MEXICO,Ciclovías,3,Balvanera,108.48,"LINESTRING (-58.40546975635489 -34.61746276140671, -58.40657493271277 -34.617811242389294)"
14181,MEXICO,Ciclovías,3,Balvanera,156.76,"LINESTRING (-58.409335133275455 -34.61870144929333, -58.410991995522934 -34.619048583691665)"
10670,"PERON, JUAN DOMINGO, TTE. GENERAL",Ciclovías mano única,1,San Nicolas,35.91,"LINESTRING (-58.38169091148476 -34.60612218787049, -58.38208183184201 -34.606139916537664)"
18266,"CARRILLO, RAMON, DR.",Ciclovías,4,Barracas,33.54,"LINESTRING (-58.38330668722496 -34.63329541647423, -58.383136032611276 -34.63356284223342)"
7103,"ANCHORENA, TOMAS MANUEL DE, DR.",Ciclovías,2,Recoleta,186.55,"LINESTRING (-58.40242575107267 -34.59097955434305, -58.40232524186981 -34.5908982351908, -58.40088806969391 -34.589879604098506)"
19854,ZAVALETA,Ciclovías,4,Parque Patricios,38.98,"LINESTRING (-58.40332913768984 -34.63886885858361, -58.40325143791209 -34.63921431639007)"
7633,JUNCAL,Ciclovías,2,Recoleta,128.18,"LINESTRING (-58.39432017424753 -34.593620215285206, -58.395692758251954 -34.59340407847793)"
18978,IRALA,Ciclovías,4,La Boca,101.95,"LINESTRING (-58.36692689988519 -34.6352126764499, -58.366766435973354 -34.63612206492615)"
11818,PASCO,Ciclovías,3,Balvanera,122.66,"LINESTRING (-58.39759275188539 -34.609580712193626, -58.397486648270934 -34.61052207631353, -58.39747527884094 -34.610682072350784)"
28106,"GILARDI, GILARDO",Ciclovías,1,Retiro,163.68,"LINESTRING (-58.372477162232265 -34.591688273903536, -58.372699724061 -34.591631933298146, -58.37300649927766 -34.591465540283934, -58.3735270939457 -34.59122396257814, -58.373775860211516 -34.591235736308874, -58.3739598132166 -34.59123876886294, -58.374113992152964 -34.59123308614585)"
29983,BOUCHARD,Ciclovías,1,San Nicolas,112.16,"LINESTRING (-58.36885391901651 -34.605251719780384, -58.36879598131879 -34.60507318586089, -58.36884419097965 -34.604681192331576, -58.368872865728 -34.60435500972422, -58.368826980447515 -34.60425696648055)"
15669,RINCON,Ciclovías,3,San Cristobal,55.12,"LINESTRING (-58.39480531193674 -34.62401999384104, -58.39474372972193 -34.62451428579634)"
7326,CORDOBA AV.,Ciclovías mano única,14,Palermo,107.99,"LINESTRING (-58.4334472504057 -34.59205807563331, -58.43413428321991 -34.59160076926767, -58.434364853669535 -34.59144835678917)"
27864,"BORGES, JORGE LUIS",Ciclovías,14,Palermo,15.15,"LINESTRING (-58.42979232501645 -34.58846410763337, -58.429662500803644 -34.588379774677925)"
11958,"ALSINA, ADOLFO",Ciclovías mano única,1,Monserrat,121.88,"LINESTRING (-58.386157965049186 -34.61108833428754, -58.38632277307742 -34.611096466660115, -58.3874820272835 -34.611180362705994)"
10492,MONTEVIDEO,Ciclovías,1,San Nicolas,136.53,"LINESTRING (-58.38934224538037 -34.60544790381891, -58.38934206585496 -34.605362198253786, -58.389395118444014 -34.60421805892092)"
13645,RINCON,Ciclovías,3,Balvanera,133.31,"LINESTRING (-58.3960995002842 -34.61599533563032, -58.39605619670719 -34.61719645362678)"
7459,CORDOBA AV.,Ciclovías mano única,14,Palermo,127.99,"LINESTRING (-58.432360384273395 -34.59278133816233, -58.4334472504057 -34.59205807563331)"
19546,HERRERA,Ciclovías,4,Barracas,169.29,"LINESTRING (-58.37813396364613 -34.63668504466379, -58.37805614811841 -34.63696027449133, -58.37775461433707 -34.63795845260831, -58.3776727801893 -34.638162058960326)"
27543,"PERETTE, CARLOS H.",Ciclovías,1,Retiro,129.63,"LINESTRING (-58.37730734148567 -34.58325669002735, -58.37846851039158 -34.58259099700131)"
13935,ESTADOS UNIDOS,Ciclovías,1,San Telmo,72.0,"LINESTRING (-58.366508159266154 -34.61812310075149, -58.367093714440124 -34.618169809798786, -58.367288073143584 -34.61819531533902)"
30100,"PERON, JUAN DOMINGO, TTE. GENERAL",Ciclovías mano única,1,San Nicolas,38.95,"LINESTRING (-58.38126678764905 -34.606104391936874, -58.38169091148476 -34.60612218787049)"
8210,SUIPACHA,Ciclovías,1,Retiro,142.67,"LINESTRING (-58.379904606741796 -34.59651259964583, -58.37996182644026 -34.59541262131474, -58.379957838437534 -34.59522754521767)"
6915,FRENCH,Ciclovías,2,Recoleta,59.55,"LINESTRING (-58.40035749527471 -34.59018877347407, -58.400601740669 -34.59004636157362, -58.40088806969391 -34.589879604098506)"
16945,BOLIVAR,Ciclovías,4,Barracas,95.47,"LINESTRING (-58.37231556507082 -34.62820667575926, -58.372089905325524 -34.62904679763692)"
17737,USPALLATA,Ciclovías,4,Barracas,121.22,"LINESTRING (-58.373463304881774 -34.63096051240419, -58.37428888249098 -34.63181394306264)"
6328,"BORGES, JORGE LUIS",Ciclovías,14,Palermo,55.65,"LINESTRING (-58.42863609008443 -34.587712856098854, -58.42815911303516 -34.587402995947265)"
9340,"URIBURU JOSE E., PRES.",Ciclovías,3,Balvanera,145.97,"LINESTRING (-58.39862357146964 -34.6010726893811, -58.398633693021715 -34.60097980601397, -58.398726105316136 -34.599759625061814)"
29056,DEL LIBERTADOR AV.,Ciclovías,14,Palermo,18.06,"LINESTRING (-58.41662321296921 -34.57417627373716, -58.41679292104583 -34.57409386940613)"
18098,ITUZAINGO - PUENTE JORGE L. BORGES,Ciclovías,1,Constitucion,101.6,"LINESTRING (-58.3801469329948 -34.63303020205423, -58.381253963287406 -34.63306855775997)"
8875,"SANCHEZ DE THOMPSON, MARIQUITA",Ciclovías,1,Puerto Madero,112.91,"LINESTRING (-58.369076742369394 -34.59935328429158, -58.367854950117504 -34.599230290623154)"
6296,"DIAZ, CNEL. AV.",Ciclovías,14,Palermo,130.02,"LINESTRING (-58.40903144131909 -34.58755894991608, -58.40831947180599 -34.58654558532527)"
28919,"ALVEAR, MARCELO T. DE",Ciclovías,1,Retiro,39.79,"LINESTRING (-58.38183645362527 -34.596726466918625, -58.38226758130253 -34.59676595619856)"
12302,"VILLAFLOR, AZUCENA",Ciclovías,1,Puerto Madero,76.97,"LINESTRING (-58.36713165210457 -34.612160116417854, -58.36684607886592 -34.612149196855626, -58.366613459315275 -34.612139002353686, -58.36629483631195 -34.61211192055326)"
31243,TACUARI,Ciclovías,1,Constitucion,8.91,"LINESTRING (-58.37663337180342 -34.62782632385455, -58.37658077954838 -34.627893850739625)"
7782,ARENALES,Ciclovías,1,Retiro,151.38,"LINESTRING (-58.382774795878085 -34.59430160480335, -58.382956166073114 -34.594320457047715, -58.384417302263294 -34.594431341654335)"
2580,DEL LIBERTADOR AV.,Ciclovías,14,Palermo,123.87,"LINESTRING (-58.43331201038407 -34.56553648227389, -58.433800160628635 -34.56524596124451, -58.43441134191019 -34.56488863501592)"
5690,DEL LIBERTADOR AV.,Ciclovías,2,Recoleta,215.39,"LINESTRING (-58.3917220211727 -34.5847563847413, -58.393529882053286 -34.584175167723565, -58.39391034165146 -34.584053481035845)"
18237,CASEROS AV.,Ciclovías,1,Constitucion,37.07,"LINESTRING (-58.38727109840165 -34.63335429070699, -58.387655762552676 -34.63345713651437)"
20451,DON PEDRO DE MENDOZA AV.,Ciclovías,4,La Boca,87.88,"LINESTRING (-58.36107467351652 -34.64094887723726, -58.36068651023533 -34.641118322819025, -58.36020821775705 -34.641285897125854)"
7721,"ACUNA DE FIGUEROA, FRANCISCO",Ciclovías,14,Palermo,155.77,"LINESTRING (-58.421060074882924 -34.59416332493849, -58.420784355503 -34.59277778375237)"
10947,"PERON, JUAN DOMINGO, TTE. GENERAL",Ciclovías mano única,3,Balvanera,129.37,"LINESTRING (-58.39785292406743 -34.60723821376329, -58.398010746731025 -34.60723970678946, -58.39912014075145 -34.60731416968385, -58.399259391414645 -34.60732170774776)"
11917,"ALSINA, ADOLFO",Ciclovías mano única,1,Monserrat,133.53,"LINESTRING (-58.383367333337446 -34.610921958201104, -58.384819759087236 -34.61100424025594)"
9874,MONTEVIDEO,Ciclovías,1,San Nicolas,134.58,"LINESTRING (-58.38946261887158 -34.603010687722474, -58.38953216516856 -34.60179895121942)"
7208,FRENCH,Ciclovías,2,Recoleta,126.56,"LINESTRING (-58.398105743036126 -34.59150662760398, -58.39865269512474 -34.5911831807578, -58.39923047963244 -34.59084615585345)"
2497,DEL LIBERTADOR AV.,Ciclovías,14,Palermo,121.56,"LINESTRING (-58.43441134191019 -34.56488863501592, -58.435491583099534 -34.56425450612577)"
16889,"CEVALLOS, VIRREY",Ciclovías,1,Constitucion,186.56,"LINESTRING (-58.38829879932809 -34.62716331420289, -58.38809810956557 -34.628836799972355)"
18555,CABOTO,Ciclovías,4,La Boca,100.51,"LINESTRING (-58.35489679230063 -34.63373397218325, -58.35442040033499 -34.634549963863826)"
16136,PAVON,Ciclovías,1,Constitucion,133.65,"LINESTRING (-58.38575474089764 -34.62611030354895, -58.385993437730455 -34.62612031432361, -58.38701561154046 -34.62616088787599, -58.387210092950305 -34.626172417922795)"
7457,"ACUNA DE FIGUEROA, FRANCISCO",Ciclovías,14,Palermo,134.92,"LINESTRING (-58.420784355503 -34.59277778375237, -58.4205455930777 -34.59157768024439)"
11697,BOLIVAR,Ciclovías,1,Monserrat,128.28,"LINESTRING (-58.373504839273494 -34.60909021426581, -58.37351785214108 -34.60950325762027, -58.373452661921704 -34.6102444168078)"
11841,"IRIGOYEN, BERNARDO DE",Ciclovías,1,Monserrat,124.97,"LINESTRING (-58.38065485236512 -34.609604358525466, -58.380597180519636 -34.610729827600736)"
5857,"DIAZ, CNEL. AV.",Ciclovías,14,Palermo,97.7,"LINESTRING (-58.40762853294531 -34.585560184258696, -58.40709464493288 -34.58479816541325)"
4567,"RAVIGNANI, EMILIO, DR.",Ciclovías,14,Palermo,123.43,"LINESTRING (-58.43655572944099 -34.57927441299739, -58.435630231243785 -34.57846693784146)"
10272,CORRIENTES AV.,Ciclovías mano única,3,Balvanera,132.12,"LINESTRING (-58.39678267996527 -34.604532807459215, -58.398048094760696 -34.604572012441906, -58.39822191948896 -34.60457957017559)"
7691,ECUADOR,Ciclovías,2,Recoleta,139.75,"LINESTRING (-58.403616393674085 -34.594077306511814, -58.40309590271377 -34.59301682216172, -58.40304931479007 -34.59290820582625)"
28971,DEL LIBERTADOR AV.,Ciclovías,14,Palermo,173.3,"LINESTRING (-58.43944733936333 -34.56253250045331, -58.44048776069761 -34.56237277354105, -58.441299891033246 -34.56223061695886)"
8007,GORRITI,Ciclovías,2,Recoleta,111.7,"LINESTRING (-58.41383137296558 -34.59560570259709, -58.41484673865788 -34.595604560668185, -58.415048827910425 -34.59559745752908)"
7299,DEL LIBERTADOR AV.,Ciclovías,1,Retiro,138.67,"LINESTRING (-58.37667408718237 -34.59185400650257, -58.37713347406823 -34.591554678897886, -58.37785940592002 -34.59107842083628)"
11193,"URIBURU JOSE E., PRES.",Ciclovías,3,Balvanera,125.79,"LINESTRING (-58.397729644111045 -34.60836745919238, -58.39773995622477 -34.60825126593019, -58.397842624673075 -34.60733856176747, -58.39785292406743 -34.60723821376329)"
17483,TACUARI,Ciclovías,4,Barracas,101.25,"LINESTRING (-58.374337247348194 -34.630402767066045, -58.373463304881774 -34.63096051240419)"
13834,"VERA PENALOZA,  ROSARIO",Ciclovías,1,Puerto Madero,174.94,"LINESTRING (-58.35975411897485 -34.617790838567394, -58.35817173643303 -34.61733905723092, -58.358081838171834 -34.61716101982693)"
6186,DEL LIBERTADOR AV.,Ciclovías,2,Recoleta,90.12,"LINESTRING (-58.385028782426694 -34.58703485096942, -58.38584929025768 -34.58658825398644)"
5209,DEL LIBERTADOR AV.,Ciclovías,14,Palermo,131.04,"LINESTRING (-58.400204001801846 -34.58247461487363, -58.40153456772427 -34.58204535805431)"
12274,"ALSINA, ADOLFO",Ciclovías,3,Balvanera,155.54,"LINESTRING (-58.40155203584981 -34.612180068972854, -58.40186189305 -34.61220332430531, -58.4032431525053 -34.612284083558066)"
7508,JUNCAL,Ciclovías,2,Recoleta,124.2,"LINESTRING (-58.39747025295865 -34.59287314013312, -58.39874543529413 -34.59249705456914)"
9637,TUCUMAN,Ciclovías,3,Balvanera,136.19,"LINESTRING (-58.395537728155276 -34.602160749401556, -58.39567424340578 -34.60216969851077, -58.39702182683442 -34.602185086046454)"
10639,SUIPACHA,Ciclovías,1,San Nicolas,122.32,"LINESTRING (-58.379323873890634 -34.60600854062296, -58.37932754754597 -34.60591269672138, -58.37936904200331 -34.60513461558711, -58.37938289814335 -34.60490701622003)"
14712,SANTIAGO DEL ESTERO,Ciclovías,1,Constitucion,138.13,"LINESTRING (-58.38434824149469 -34.61980383628213, -58.384357115654595 -34.6199679989137, -58.38435055517748 -34.62104878210228)"
6256,"BORGES, JORGE LUIS",Ciclovías,14,Palermo,126.07,"LINESTRING (-58.42815911303516 -34.587402995947265, -58.42707858546403 -34.58670090710878)"
20096,"FAVALORO, RENE DR.",Ciclovías,4,Parque Patricios,101.17,"LINESTRING (-58.4077891385743 -34.64005414966712, -58.408118476091104 -34.6400271862121, -58.408439849169184 -34.640061134313214, -58.40868106379074 -34.640106535796974, -58.40886788293727 -34.64016804460983)"
5456,"BORGES, JORGE LUIS",Ciclovías,14,Palermo,144.97,"LINESTRING (-58.423067782243386 -34.583729104688246, -58.42193653108642 -34.5828167380905)"
10444,"MOREAU DE JUSTO, ALICIA AV.",Ciclovías,1,Puerto Madero,265.24,"LINESTRING (-58.36723907545113 -34.6027682304699, -58.36699268416708 -34.604894912199576, -58.36695719332821 -34.60514771051369)"
10147,CORRIENTES AV.,Ciclovías mano única,1,San Nicolas,120.78,"LINESTRING (-58.38659453936207 -34.603997735719425, -58.38790510672277 -34.604102286485826)"
10239,SAN MARTIN,Ciclovías,1,San Nicolas,136.82,"LINESTRING (-58.373789770247434 -34.60446416169888, -58.373794646862315 -34.604364304684644, -58.37384166020997 -34.60341122677563, -58.37385386107077 -34.60323200775726)"
7501,"ALVAREZ, JULIAN",Ciclovías,14,Palermo,115.94,"LINESTRING (-58.4242883653164 -34.592870575471466, -58.42332027706831 -34.592198772066666)"
17988,15 DE NOVIEMBRE DE 1889,Ciclovías,4,Parque Patricios,93.42,"LINESTRING (-58.394641231613235 -34.63250759749253, -58.39561765965015 -34.63274800476968)"
16146,PAVON,Ciclovías,1,Constitucion,101.01,"LINESTRING (-58.387210092950305 -34.626172417922795, -58.388310994425055 -34.62620239578601)"
13717,CHILE,Ciclovías,3,Balvanera,132.67,"LINESTRING (-58.39762685523455 -34.61732576158167, -58.39884462993056 -34.61742613062569, -58.399065918052855 -34.617446810979466)"
8821,CORDOBA AV.,Ciclovías mano única,1,Retiro,138.52,"LINESTRING (-58.38252464835826 -34.59908954301711, -58.38277561464271 -34.59910118794087, -58.38403232073397 -34.59915940603537)"
10748,"PERON, JUAN DOMINGO, TTE. GENERAL",Ciclovías mano única,1,San Nicolas,132.07,"LINESTRING (-58.38638022085158 -34.60643608654132, -58.38653803982034 -34.60643970711045, -58.38771631587824 -34.60651480997426, -58.3878154443387 -34.60652691376668)"
5571,"FIGUEROA ALCORTA, PRES. AV.",Ciclovías,2,Recoleta,75.46,"LINESTRING (-58.39056593794797 -34.58418569107978, -58.391286253828014 -34.583857338703915)"
13450,CHILE,Ciclovías,1,Monserrat,137.47,"LINESTRING (-58.38156850262328 -34.61648696512735, -58.381746608683976 -34.6164956055543, -58.38289934340765 -34.61652320203222, -58.38306594686599 -34.61653528369903)"
19786,PALOS,Ciclovías,4,La Boca,106.86,"LINESTRING (-58.36081529607184 -34.63811624121496, -58.36030257919747 -34.638981239286984)"
10153,CORRIENTES AV.,Ciclovías mano única,3,Balvanera,132.34,"LINESTRING (-58.41174473497328 -34.60408264575259, -58.413185929676175 -34.604136838533826)"
6301,CORDOBA AV.,Ciclovías mano única,14,Palermo,145.79,"LINESTRING (-58.440157973535676 -34.58760093493062, -58.44109063752393 -34.58698447763989, -58.44139893925012 -34.586780093119685)"
23296,PEPIRI,Ciclovías,4,Nueva Pompeya,122.53,"LINESTRING (-58.40788582583423 -34.65033251459411, -58.40751655505877 -34.65139404379103)"
3537,DEL LIBERTADOR AV.,Ciclovías,14,Palermo,55.04,"LINESTRING (-58.42002456626653 -34.57260264036872, -58.420550492861885 -34.572364088524864)"
31658,LA RABIDA (S) AV.,Ciclovías,1,Monserrat,112.17,"LINESTRING (-58.36824320027658 -34.60812196575246, -58.368262970288995 -34.60826877056874, -58.36832702910453 -34.60847766307191, -58.36841868205761 -34.60865240256377, -58.36863421403907 -34.608933557585736, -58.368733320310774 -34.60902738137383)"
16982,CHICLANA AV.,Ciclovías,3,San Cristobal,44.01,"LINESTRING (-58.40518045399284 -34.62885874144673, -58.40545659862197 -34.62918324234404)"
16320,TACUARI,Ciclovías,1,Constitucion,146.81,"LINESTRING (-58.37801003780684 -34.62565414335572, -58.37726613439525 -34.62682595757079)"
18914,BAIGORRI,Ciclovías,4,Barracas,161.25,"LINESTRING (-58.38644220922422 -34.63463737510257, -58.38561397689087 -34.635919608915714)"
32967,"MOREAU DE JUSTO, ALICIA AV.",Ciclovías,1,Puerto Madero,154.92,"LINESTRING (-58.36644259622389 -34.60952985069187, -58.366407291805395 -34.60980790244903, -58.36630726130349 -34.610670939229244, -58.36628221465843 -34.61091996074294)"
8330,"ALVEAR, MARCELO T. DE",Ciclovías,1,Retiro,129.99,"LINESTRING (-58.38565298071054 -34.59697076616019, -58.38580830865785 -34.596978048110515, -58.386926251949575 -34.5970413595501, -58.387066417516564 -34.597052855826796)"
3818,CERVINO AV.,Ciclovías,14,Palermo,287.72,"LINESTRING (-58.4249896110082 -34.574556239745846, -58.42733130650013 -34.57283144932)"
28036,"FIGUEROA ALCORTA, PRES. AV.",Ciclovías,2,Recoleta,166.13,"LINESTRING (-58.38584929025768 -34.58658825398644, -58.38733631423259 -34.58573386774139)"
5969,CORDOBA AV.,Ciclovías mano única,14,Palermo,123.73,"LINESTRING (-58.44242654406032 -34.58609857095137, -58.443478573934314 -34.58540084654664)"
22278,QUILMES,Ciclovías,4,Nueva Pompeya,112.01,"LINESTRING (-58.417402578914626 -34.6463354522022, -58.41741991731151 -34.64734504397737)"
1248,"OBLIGADO RAFAEL, AV.COSTANERA",Ciclovías,14,Palermo,232.36,"LINESTRING (-58.42114651096686 -34.553700159446144, -58.423581303412654 -34.55312666849527)"
5223,"RAVIGNANI, EMILIO, DR.",Ciclovías,14,Palermo,126.18,"LINESTRING (-58.44033025792441 -34.58257010236521, -58.44015345087742 -34.582414713989266, -58.43938510846347 -34.581743919662166)"
19080,USPALLATA,Ciclovías,4,Barracas,70.89,"LINESTRING (-58.38942287400799 -34.636337613226615, -58.38986540621588 -34.63644098002683, -58.390167301007246 -34.636510176148754)"
10243,CORRIENTES AV.,Ciclovías mano única,3,Balvanera,131.3,"LINESTRING (-58.39386083586723 -34.60446188281242, -58.39529165099295 -34.60449606948021)"
19039,USPALLATA,Ciclovías,4,Barracas,90.47,"LINESTRING (-58.38847341394308 -34.63611590559896, -58.38942287400799 -34.636337613226615)"
18923,"RODRIGUEZ, MARTIN",Ciclovías,4,La Boca,101.82,"LINESTRING (-58.36087165926821 -34.63510048694385, -58.36037009485392 -34.635919297512274)"
10152,CORRIENTES AV.,Ciclovías mano única,3,Balvanera,131.54,"LINESTRING (-58.40891736152724 -34.60411824986078, -58.40918565837051 -34.6040953406396, -58.410088655567414 -34.604037427066295, -58.41034706273563 -34.60402951119841)"
8556,CORDOBA AV.,Ciclovías mano única,2,Recoleta,95.4,"LINESTRING (-58.40558907777432 -34.59804036110832, -58.40662899593521 -34.59804521476855)"
4653,GODOY CRUZ,Ciclovías,14,Palermo,146.43,"LINESTRING (-58.426195771688576 -34.57972938795806, -58.42543931830014 -34.5788655477926, -58.42525456465816 -34.578663444256286)"
10882,"PERON, JUAN DOMINGO, TTE. GENERAL",Ciclovías mano única,3,Balvanera,135.38,"LINESTRING (-58.393567755298825 -34.60692301858666, -58.39489369391479 -34.60704517936266, -58.39503498619145 -34.607054765674796)"
22257,HERRERA,Ciclovías,4,Barracas,227.27,"LINESTRING (-58.375826049830465 -34.645247074525635, -58.375403861973545 -34.646912346884385, -58.37531292291253 -34.64725129788515)"
31050,MACHU PICCHU,Ciclovías,1,Retiro,48.29,"LINESTRING (-58.376270836994216 -34.58479312437443, -58.37612718068339 -34.584671595393566, -58.3759127229063 -34.58447419633845)"
10032,SUIPACHA,Ciclovías,1,San Nicolas,124.73,"LINESTRING (-58.37947502603063 -34.603576426491614, -58.37953539322794 -34.60257560820406, -58.379541136934776 -34.6024534272456)"
8206,CORDOBA AV.,Ciclovías mano única,14,Palermo,81.61,"LINESTRING (-58.426242133073345 -34.596511384787114, -58.426952167479044 -34.59621004420459, -58.42702576594789 -34.5961651358037)"
8928,CORDOBA AV.,Ciclovías mano única,2,Recoleta,106.44,"LINESTRING (-58.399923963223955 -34.599620884749, -58.40107242061474 -34.59948393850292)"
13753,TACUARI,Ciclovías,1,Monserrat,132.07,"LINESTRING (-58.37884708443215 -34.61635799727226, -58.37877679704246 -34.61754704780739)"
27686,CALZADA CIRCULAR PLAZA ITALIA,Ciclovías,14,Palermo,87.3,"LINESTRING (-58.42075372726183 -34.58186272243346, -58.42051907669915 -34.58183604038293, -58.42028322656326 -34.5816880076605, -58.42019454557049 -34.5815422072014, -58.420133732845464 -34.58141630613467, -58.420119387376985 -34.5813704483093)"
17908,"CEVALLOS, VIRREY",Ciclovías,1,Constitucion,127.78,"LINESTRING (-58.3878080749693 -34.63131953366284, -58.38778921653928 -34.63144663594484, -58.38772132480012 -34.632468857608835)"
7207,AZCUENAGA,Ciclovías,2,Recoleta,120.71,"LINESTRING (-58.398105743036126 -34.59150662760398, -58.398040081314804 -34.59140595702177, -58.39743843411738 -34.59056892960062)"
13505,CHILE,Ciclovías,1,Monserrat,136.84,"LINESTRING (-58.38440098361202 -34.616639747270625, -58.38455063771344 -34.616650407478595, -58.38570780225097 -34.61668093806347, -58.3858917915391 -34.616684364848126)"
6651,"DIAZ, CNEL. AV.",Ciclovías,14,Palermo,106.49,"LINESTRING (-58.41008373132284 -34.58905676319133, -58.409500538944854 -34.58822677485399)"
12063,"ALSINA, ADOLFO",Ciclovías,1,Monserrat,131.78,"LINESTRING (-58.390367440196776 -34.61138895546295, -58.391539904152616 -34.61147373635408, -58.3917979672137 -34.61149867693397)"
9598,TUCUMAN,Ciclovías,3,Balvanera,138.75,"LINESTRING (-58.39259561618995 -34.60198597885651, -58.39280997048711 -34.6019981453114, -58.39396623101108 -34.602055780490836, -58.39410513029485 -34.60206508482813)"
10300,CORRIENTES AV.,Ciclovías mano única,3,Balvanera,124.49,"LINESTRING (-58.39948263925824 -34.60463460307796, -58.399627081781915 -34.604640875814304, -58.400633762204286 -34.60467020023521, -58.400838846662666 -34.604674953349395)"
13748,CHILE,Ciclovías,3,Balvanera,98.53,"LINESTRING (-58.399065918052855 -34.617446810979466, -58.39931982885059 -34.61747053625212, -58.40013274962841 -34.617551242575466)"
16494,"GARAY, JUAN DE AV.",Ciclovías,3,San Cristobal,98.17,"LINESTRING (-58.3921626167845 -34.62726224954113, -58.393209220968146 -34.62744806869514)"
19145,"RODRIGUEZ, MARTIN",Ciclovías,4,La Boca,100.71,"LINESTRING (-58.36037009485392 -34.635919297512274, -58.36022760605238 -34.6361519257578, -58.35987722053244 -34.63673057798924)"
5559,GORRITI,Ciclovías,14,Palermo,128.91,"LINESTRING (-58.43824139061324 -34.58413310019643, -58.438376721910245 -34.584031506345674, -58.43928315136564 -34.58335343629561)"
9499,TUCUMAN,Ciclovías,1,San Nicolas,122.92,"LINESTRING (-58.38669736200245 -34.60165276568941, -58.38690950165816 -34.60166339180012, -58.38788700428933 -34.6017042117268, -58.38803535703451 -34.6017121203439)"
29005,LANTERI JULIETA,Ciclovías,1,Puerto Madero,52.14,"LINESTRING (-58.3598441367458 -34.617326754406704, -58.35975411897485 -34.617790838567394)"
6731,"ALVAREZ, JULIAN",Ciclovías,14,Palermo,55.12,"LINESTRING (-58.41904623537421 -34.58935640372332, -58.418558033408445 -34.589066854533314)"
13715,"VERA PENALOZA,  ROSARIO",Ciclovías,1,Puerto Madero,97.68,"LINESTRING (-58.360903609512775 -34.61741659302758, -58.36024683202237 -34.61736463091219, -58.3598441367458 -34.617326754406704)"
13392,CHILE,Ciclovías mano única,1,Monserrat,133.16,"LINESTRING (-58.37598002524768 -34.61621907569986, -58.376158468950635 -34.61622955553513, -58.377266875328516 -34.61628477953759, -58.3774292231301 -34.61629228837867)"
30096,"ALSINA, ADOLFO",Ciclovías mano única,1,Monserrat,40.97,"LINESTRING (-58.38100271937791 -34.61076053797962, -58.38144696375261 -34.61079875429414)"
15939,BOLIVAR,Ciclovías,1,San Telmo,128.23,"LINESTRING (-58.372673511325495 -34.62432267503446, -58.37266454952431 -34.62449492380563, -58.372626678311015 -34.62547793462713)"
9723,SUIPACHA,Ciclovías,1,San Nicolas,130.32,"LINESTRING (-58.379541136934776 -34.6024534272456, -58.37959699195719 -34.60127957488874)"
5314,"FIGUEROA ALCORTA, PRES. AV.",Ciclovías,2,Recoleta,301.79,"LINESTRING (-58.39312555121629 -34.583013858687515, -58.395710497821234 -34.58180297157567, -58.395989198461876 -34.58167572889803)"
12361,"ALSINA, ADOLFO",Ciclovías,3,Balvanera,162.92,"LINESTRING (-58.40694412486228 -34.61250338738946, -58.40871574582447 -34.612610180217565)"
5737,DEL LIBERTADOR AV.,Ciclovías,2,Recoleta,70.5,"LINESTRING (-58.391005802901056 -34.58498660048687, -58.3917220211727 -34.5847563847413)"
8493,CORDOBA AV.,Ciclovías mano única,14,Palermo,153.97,"LINESTRING (-58.417265255489994 -34.59782510994273, -58.41746794485734 -34.59782018616162, -58.418943060511275 -34.59778875895814)"
15937,RINCON,Ciclovías,3,San Cristobal,106.99,"LINESTRING (-58.39474372972193 -34.62451428579634, -58.39462748238829 -34.62530906326214, -58.39460434683463 -34.62547179852175)"
8269,"ALVEAR, MARCELO T. DE",Ciclovías,1,Retiro,38.34,"LINESTRING (-58.381421068290734 -34.596688418087574, -58.38183645362527 -34.596726466918625)"
11531,"IRIGOYEN, BERNARDO DE",Ciclovías,1,Monserrat,66.89,"LINESTRING (-58.380685686031605 -34.6090019063979, -58.38065485236512 -34.609604358525466)"
24656,"RABANAL, FRANCISCO, INTENDENTE AV.",Ciclovías,4,Nueva Pompeya,176.93,"LINESTRING (-58.42149744867728 -34.65668002481587, -58.42200339397673 -34.65689498726514, -58.42305398650507 -34.657319284789565, -58.42322013379454 -34.657398424499505)"
11078,MONTEVIDEO,Ciclovías,1,San Nicolas,131.61,"LINESTRING (-58.38927081602548 -34.60781507711878, -58.3892766821964 -34.607731206266685, -58.389308153694735 -34.60672276047147, -58.38931087696526 -34.6066292396726)"
2668,11 DE SEPTIEMBRE DE 1888,Ciclovías,14,Palermo,126.26,"LINESTRING (-58.44472652720554 -34.56626975397394, -58.44552133103973 -34.565340768136515)"
14366,"CALVO, CARLOS",Ciclovías,1,Constitucion,37.09,"LINESTRING (-58.381041666429574 -34.61975651006233, -58.38144604114449 -34.619754176400136)"
3802,ZAPATA,Ciclovías,14,Palermo,130.31,"LINESTRING (-58.439599345951905 -34.57450917518309, -58.44068609061159 -34.57375309878597)"
