id_original,nombre,funcion_principal,subcategoria,grupo,nucleo_hipotesis,comuna,barrio,direccion,lat,lon,cantidad_salas,capacidad_total,web,n_filas_mismo_lugar,dist_ciclovia_m,ciclovia_a_150m
1,ALEMANIA,ANFITEATRO,,escenico,True,14,PALERMO,"CASARES AV. y CASTEX, CABA",-34.57558,-58.40855,,,,1,0.0,True
8,"CORTAZAR, JULIO",ANFITEATRO,,escenico,True,14,PALERMO,"SERRANO y HONDURAS, CABA",-34.58863,-58.43033,,,,1,32.0,True
15,GRAL. JUAN GREGORIO DE LAS HERAS,ANFITEATRO,,escenico,True,14,PALERMO,"JUNCAL y DIAZ, CNEL. AV., CABA",-34.58655,-58.40832,,,,1,0.0,True
16,INTENDENTE FRANCISCO SEEBER,ANFITEATRO,,escenico,True,14,PALERMO,"CERVINO AV. y COLOMBIA AV., CABA",-34.575864,-58.418354,,,,1,179.0,False
19,PARQUE LEZAMA,ANFITEATRO,,escenico,True,1,SAN TELMO,"BRASIL AV. 300, CABA",-34.625291,-58.36971,,,,1,158.0,False
22,PLAZA FRANCISCO CANARO,ANFITEATRO,,escenico,True,3,SAN CRISTOBAL,"COCHABAMBA 1902, CABA",-34.624105,-58.392833,,,,1,135.0,True
23,PLAZA ISLA LAS MALVINAS,ANFITEATRO,,escenico,True,4,BOCA,"CABOTO, CABA, CABA",-34.6271322,-58.3614253,,0.0,,1,1.0,True
25,PLAZA MONS. MIGUEL DE ANDREA,ANFITEATRO,,escenico,True,2,RECOLETA,"ANCHORENA, TOMAS MANUEL DE, DR. 901, CABA",-34.598004,-58.408052,,,,1,11.0,True
27,PLAZOLETA BOMBEROS VOLUNTARIOS,ANFITEATRO,,escenico,True,4,BOCA,"ARAOZ DE LAMADRID, GREGORIO, GRAL. 783, CABA",-34.639123,-58.363414,,,,1,16.0,True
30,36 BILLARES,BAR,NOTABLE,complementario,False,1,MONSERRAT,"DE MAYO AV. 1265, CABA",-34.60917,-58.384301,,0.0,WWW.LOS36BILLARES.COM.AR,1,200.0,False
33,ACONCAGUA,BAR,CULTURAL,complementario,False,1,SAN TELMO,"ESTADOS UNIDOS 502, CABA",-34.618532,-58.373143,,0.0,,1,11.0,True
35,AMERICAN BAR,BAR,CULTURAL,complementario,False,1,SAN NICOLAS,"SAENZ PENA, ROQUE, PRES. DIAGONAL NORTE AV. 632, CABA",-34.607122,-58.375366,,0.0,,1,158.0,False
36,ANTIGUA,BAR,GENERAL,complementario,False,1,SAN NICOLAS,"TUCUMAN 1700, CABA",-34.60194,-58.39113,,0.0,,1,5.0,True
39,BAHIA,BAR,CULTURAL,complementario,False,4,NUEVA POMPEYA,"SAENZ AV. 1455, CABA",-34.658225,-58.417042,,0.0,,1,100.0,True
40,BAIRES CLUB LA CASA DE LA COMEDIA,BAR,CULTURAL,complementario,False,1,SAN NICOLAS,"MITRE, BARTOLOME 1699, CABA",-34.607873,-58.390542,1.0,70.0,,1,116.0,True
43,BAR BRITANICO,BAR,NOTABLE,complementario,False,1,SAN TELMO,"BRASIL AV. 399, CABA",-34.625306,-58.370839,,0.0,WWW.BARBRITANICO.COM.AR,1,164.0,False
45,BAR DE CAO,BAR,NOTABLE,complementario,False,3,SAN CRISTOBAL,"INDEPENDENCIA AV. 2400, CABA",-34.618679,-58.399898,,0.0,,1,127.0,True
46,BAR DE EL GALLEGO,BAR,CULTURAL,complementario,False,14,PALERMO,"BONPLAND 1703, CABA",-34.583305,-58.437209,,0.0,,1,131.0,True
47,BAR DEL ALVEAR PALACE HOTEL,BAR,NOTABLE,complementario,False,2,RECOLETA,"ALVEAR AV. 1891, CABA",-34.587677,-58.388996,,0.0,WWW.ALVEARPALACE.COM,1,241.0,False
48,BAR EL CHINO,BAR,MILONGA Y/O TANGUERIA,complementario,False,4,NUEVA POMPEYA,"BEAZLEY 3566, CABA",-34.65314,-58.409913,,0.0,,1,269.0,False
49,BAR EL ESTANO 1880,BAR,NOTABLE,complementario,False,4,BOCA,"VALLE, ARISTOBULO DEL 1100, CABA",-34.635408,-58.36821,,0.0,WWW.ELESTAÃ‘O1880.COM.AR,1,119.0,True
50,BAR EL FEDERAL,BAR,NOTABLE,complementario,False,1,SAN TELMO,"CALVO, CARLOS 595, CABA",-34.619619,-58.374145,,0.0,WWW.BARELFEDERAL.COM.AR,1,109.0,True
52,BAR KAFKA,BAR,CULTURAL,complementario,False,2,RECOLETA,"PARAGUAY 1846, CABA",-34.598872,-58.393772,,0.0,,1,87.0,True
53,BAR LAVALLE,BAR,NOTABLE,complementario,False,3,BALVANERA,"LAVALLE 2407, CABA",-34.603404,-58.401076,,0.0,https://www.barlavalle.com.ar/,1,133.0,True
54,BAR LONDON CITY,BAR,NOTABLE,complementario,False,1,MONSERRAT,"DE MAYO AV. 599, CABA",-34.608508,-58.37474,,0.0,,1,112.0,True
56,BAR PLAZA DORREGO,BAR,NOTABLE,complementario,False,1,SAN TELMO,"DEFENSA 1096, CABA",-34.620552,-58.371399,,0.0,,1,133.0,True
59,BAR SEDDON,BAR,NOTABLE,complementario,False,1,MONSERRAT,"DEFENSA 695, CABA",-34.615917,-58.371763,,0.0,https://www.thefork.com.ar/restaurante/bar-seddon-san-telmo-r504399#/photos,1,125.0,True
60,BAR SUR,BAR,NOTABLE,complementario,False,1,SAN TELMO,"ESTADOS UNIDOS 299, CABA",-34.618388,-58.37003,,0.0,WWW.BAR-SUR.COM.AR,1,250.0,False
62,BARBARO - BAR O BAR,BAR,NOTABLE,complementario,False,1,RETIRO,"TRES SARGENTOS 415, CABA",-34.597887,-58.373198,,0.0,HTTP://BARBAROBAR.COM.AR,1,94.0,True
63,BARCELONA,BAR,CULTURAL,complementario,False,14,PALERMO,"CORDOBA AV. 5895, CABA",-34.585424,-58.443278,,0.0,,1,18.0,True
64,BIDOU DE LAS LUCES,BAR,NOTABLE,complementario,False,1,MONSERRAT,"PERU 269, CABA",-34.611128,-58.374854,,0.0,,1,86.0,True
65,BOCATANGO,BAR,MILONGA Y/O TANGUERIA,complementario,False,4,BOCA,"BRANDSEN 923, CABA",-34.636823,-58.365457,,0.0,WWW.BOCATANGO.COM.AR,1,108.0,True
68,BOSTON CITY,BAR,NOTABLE,complementario,False,1,SAN NICOLAS,"FLORIDA 165, CABA",-34.606125,-58.375033,,0.0,,1,122.0,True
69,BUKOWSKI BAR,BAR,CULTURAL,complementario,False,1,SAN NICOLAS,"MITRE, BARTOLOME 1525, CABA",-34.607717,-58.388328,,0.0,,1,86.0,True
73,CAFE DE LA JUNTA DE 1810,BAR,CULTURAL,complementario,False,1,MONSERRAT,"DE MAYO AV. 639, CABA",-34.608639,-58.37549,,0.0,,1,181.0,False
76,CAFE DE LOS ANGELITOS,BAR,NOTABLE,complementario,False,3,BALVANERA,"RIVADAVIA AV. 2100, CABA",-34.609527,-58.396007,,0.0,WWW.CAFEDELOSANGELITOS.COM,1,144.0,True
77,CAFE DORREGO,BAR,CULTURAL,complementario,False,1,SAN TELMO,"DEFENSA 1098, CABA",-34.620552,-58.371399,,0.0,,1,133.0,True
79,CAFE HOMERO,BAR,OTROS,complementario,False,14,PALERMO,"CABRERA, JOSE A. 4946, CABA",-34.59034,-58.431813,,0.0,WWW.HOMEROCAFE.COM.AR,1,48.0,True
81,CAFE LOS ANDES,BAR,NOTABLE,complementario,False,14,PALERMO,"SCALABRINI ORTIZ, RAUL AV. 1312, CABA",-34.5928,-58.427968,,0.0,,1,116.0,True
84,CAFE MONTECARLO,BAR,NOTABLE,complementario,False,14,PALERMO,"PARAGUAY 5491, CABA",-34.577099,-58.43385,,0.0,,1,139.0,True
85,CAFE MONTSERRAT,BAR,NOTABLE,complementario,False,1,MONSERRAT,"SAN JOSE 524, CABA",-34.614765,-58.385901,,0.0,,1,213.0,False
86,CAFE NOSTALGIA,BAR,NOTABLE,complementario,False,2,RECOLETA,"SOLER 3599, CABA",-34.594061,-58.414389,,0.0,,1,105.0,True
88,CAFE RETIRO,BAR,CULTURAL,complementario,False,1,RETIRO,"RAMOS MEJIA, JOSE MARIA, DR. AV. 1358, CABA",-34.591697,-58.374659,,0.0,,1,15.0,True
90,CAFE ROMA,BAR,NOTABLE,complementario,False,3,BALVANERA,"SAN LUIS 3101, CABA",-34.59945,-58.40885,,0.0,,1,153.0,False
91,CAFE ROMA,BAR,NOTABLE,complementario,False,4,BOCA,"OLAVARRIA 409, CABA",-34.636242,-58.358759,,0.0,,1,115.0,True
93,CAFE THIBON,BAR,NOTABLE,complementario,False,1,SAN NICOLAS,"MONTEVIDEO 723, CABA",-34.600414,-58.389571,,0.0,http://thibon.com.ar/,1,6.0,True
94,CAFE TORTORI,BAR,NOTABLE,complementario,False,1,MONSERRAT,"DE MAYO AV. 825, CABA",-34.608824,-58.37813,,0.0,WWW.CAFETORTONI.COM.AR,1,97.0,True
96,CAFE VICTORIA,BAR,NOTABLE,complementario,False,1,MONSERRAT,"ENTRE RIOS AV. 114, CABA",-34.610539,-58.391768,,0.0,,1,106.0,True
97,CAFE Y BAR RONAS,BAR,CULTURAL,complementario,False,1,MONSERRAT,"DE MAYO AV. 999, CABA",-34.608913,-58.380578,,0.0,,1,14.0,True
99,CAFETABAC,BAR,NOTABLE,complementario,False,14,PALERMO,"DEL LIBERTADOR AV. 2300, CABA",-34.580905,-58.404473,,0.0,http://caffetabac.com/,1,23.0,True
100,CAMINITO TANGO SHOW,BAR,MILONGA Y/O TANGUERIA,complementario,False,4,BOCA,"VALLE IBERLUCEA DEL, DR. 1151, CABA",-34.638298,-58.362513,,0.0,,1,50.0,True
101,CANDILEJAS TANGO,BAR,MILONGA Y/O TANGUERIA,complementario,False,1,CONSTITUCION,"ESTADOS UNIDOS 1500, CABA",-34.618821,-58.387279,,0.0,WWW.CANDILEJASTANGO.COM,1,125.0,True
103,CASA DE GALICIA (CLUB ESPANOL),BAR,MILONGA Y/O TANGUERIA,complementario,False,1,MONSERRAT,"SAN JOSE 224, CABA",-34.611301,-58.386125,,0.0,,1,24.0,True
106,CELTA BAR,BAR,NOTABLE,complementario,False,1,SAN NICOLAS,"SARMIENTO 1702, CABA",-34.605579,-58.390932,,0.0,http://www.losnotables.com.ar/,1,125.0,True
107,CENTRO CULTURAL TORQUATO TASSO,BAR,CULTURAL,complementario,False,1,SAN TELMO,"DEFENSA 1575, CABA",-34.626157,-58.371064,,220.0,WWW.TORQUATOTASSO.COM.AR,1,139.0,True
109,CIRCULO TROVADOR,BAR,MILONGA Y/O TANGUERIA,complementario,False,2,RECOLETA,"DEL LIBERTADOR AV. 1031, CABA",-34.58638,-58.386336,,0.0,,1,5.0,True
110,CLARIDGE BAR,BAR,NOTABLE,complementario,False,1,SAN NICOLAS,"TUCUMAN 535, CABA",-34.600965,-58.374517,,0.0,https://www.claridge.com.ar/,1,47.0,True
113,CLUB EXPERIMENTAL DE TANGO ARTE,BAR,MILONGA Y/O TANGUERIA,complementario,False,1,MONSERRAT,"REPUBLICA BOLIVARIANA DE VENEZUELA 857, CABA",-34.614024,-58.378394,,0.0,,1,55.0,True
115,CLUB GENERAL BELGRANO,BAR,MILONGA Y/O TANGUERIA,complementario,False,1,SAN TELMO,"COCHABAMBA 444, CABA",-34.623114,-58.371869,,0.0,WWW.CLUBGRICEL.COM,1,79.0,True
117,CLUB GRICEL,BAR,MILONGA Y/O TANGUERIA,complementario,False,3,SAN CRISTOBAL,"LA RIOJA 1180, CABA",-34.623947,-58.407085,,200.0,,1,112.0,True
122,COLISEO SPORTS & FUN,BAR,CULTURAL,complementario,False,14,PALERMO,"FITZ ROY 2021, CABA",-34.581495,-58.433193,,0.0,WWW.COLISEOBAR.COM.AR,1,141.0,True
123,COMPANIA GASTRONOMICA SUDAMERICANA / THE IRISH HOUSE,BAR,CULTURAL,complementario,False,1,RETIRO,"SAN MARTIN 979, CABA",-34.596549,-58.374277,,0.0,,1,6.0,True
124,COMPLEJO TANGO,BAR,MILONGA Y/O TANGUERIA,complementario,False,3,BALVANERA,"BELGRANO AV. 2608, CABA",-34.61462,-58.403145,,0.0,WWW.COMPLEJOTANGO.COM.AR,1,239.0,False
125,CONFITERIA DEL HOTEL CASTELAR,BAR,NOTABLE,complementario,False,1,MONSERRAT,"DE MAYO AV. 1048, CABA",-34.609046,-58.381284,,0.0,WWW.CASTELARHOTEL.COM.AR,1,55.0,True
126,CONFITERIA IDEAL,BAR,NOTABLE,complementario,False,1,SAN NICOLAS,"SUIPACHA 384, CABA",-34.603924,-58.37949,,0.0,WWW.CONFITERIAIDEAL.COM,1,6.0,True
127,CONFITERIA LA UNION,BAR,CULTURAL,complementario,False,1,MONSERRAT,"BELGRANO AV. 1, CABA",-34.612161,-58.367158,,0.0,,1,2.0,True
128,CONFITERIA SAINT MORITZ,BAR,NOTABLE,complementario,False,1,RETIRO,"ESMERALDA 894, CABA",-34.597786,-58.3784,,0.0,,1,130.0,True
130,CULTURA TANGUERA,BAR,MILONGA Y/O TANGUERIA,complementario,False,1,MONSERRAT,"RIVADAVIA AV. 1392, CABA",-34.608797,-58.386058,,0.0,WWW.AIRESTANGUEROS.COM,1,253.0,False
133,EL BESO,BAR,MILONGA Y/O TANGUERIA,complementario,False,3,BALVANERA,"RIOBAMBA 416, CABA",-34.604253,-58.393932,,0.0,,1,24.0,True
136,EL BUZON,BAR,NOTABLE,complementario,False,4,NUEVA POMPEYA,"ESQUIU 1393, CABA",-34.65116,-58.423403,,0.0,,1,590.0,False
138,EL COLONIAL,BAR,NOTABLE,complementario,False,1,MONSERRAT,"BELGRANO AV. 599, CABA",-34.612552,-58.374516,,0.0,,1,109.0,True
142,EL GATO NEGRO / DON VITORIANO,BAR,NOTABLE,complementario,False,1,SAN NICOLAS,"CORRIENTES AV. 1669, CABA",-34.604209,-58.390307,,0.0,https://tienda.donvictoriano.com.ar/,1,10.0,True
144,EL MALEVAJE,BAR,MILONGA Y/O TANGUERIA,complementario,False,4,BOCA,"GARIBALDI 1670, CABA",-34.641247,-58.362638,,0.0,WWW.ELMALEVAJE.COM,1,146.0,True
147,EL PREFERIDO DE PALERMO,BAR,NOTABLE,complementario,False,14,PALERMO,"BORGES, JORGE LUIS 2108, CABA",-34.585456,-58.4253,,0.0,https://elpreferido.meitre.com/,1,14.0,True
148,EL PROGRESO,BAR,NOTABLE,complementario,False,4,BARRACAS,"MONTES DE OCA, MANUEL AV. 1700, CABA",-34.646536,-58.372916,,0.0,WWW.BARELPROGRESO.COM.AR,1,136.0,True
149,EL QUERANDI,BAR,NOTABLE,complementario,False,1,MONSERRAT,"PERU 302, CABA",-34.611647,-58.374749,,0.0,HTTP://WWW.QUERANDI.COM.AR/,1,125.0,True
152,EL VIEJO ALMACEN,BAR,MILONGA Y/O TANGUERIA,complementario,False,1,SAN TELMO,"INDEPENDENCIA AV. 303, CABA",-34.617086,-58.370136,,0.0,WWW.ELVIEJOALMACEN.COM.AR,1,247.0,False
154,ESPACIO DADA,BAR,CULTURAL,complementario,False,14,PALERMO,"BORGES, JORGE LUIS 1655, CABA",-34.588586,-58.429778,2.0,105.0,WWW.ESPACIODADA.BLOGSPOT.COM.AR,1,14.0,True
156,ESQUINA CARLOS GARDEL,BAR,MILONGA Y/O TANGUERIA,complementario,False,3,BALVANERA,"GARDEL, CARLOS 3200, CABA",-34.603329,-58.409966,,0.0,WWW.ESQUINACARLOSGARDEL.COM.AR,1,79.0,True
162,FLORIDA GARDEN,BAR,NOTABLE,complementario,False,1,RETIRO,"FLORIDA 899, CABA",-34.597613,-58.375352,,0.0,,1,101.0,True
163,GALA TANGO,BAR,MILONGA Y/O TANGUERIA,complementario,False,1,MONSERRAT,"5 DE JULIO 434, CABA",-34.612766,-58.371166,,0.0,WWW.GALATANGO.COM,1,195.0,False
165,HIPOPOTAMO,BAR,NOTABLE,complementario,False,1,SAN TELMO,"BRASIL 401, CABA",-34.625331,-58.371288,,0.0,,1,123.0,True
167,HOTEL SAVOY / BAR IMPERIO,BAR,NOTABLE,complementario,False,1,SAN NICOLAS,"CALLAO AV. 181, CABA",-34.607022,-58.392003,,0.0,https://www.savoyhotel.com.ar/,1,28.0,True
168,IBERIA,BAR,NOTABLE,complementario,False,1,MONSERRAT,"DE MAYO AV. 1196, CABA",-34.609258,-58.383303,,0.0,,1,184.0,False
169,IL BALLO DEL MATTONE,BAR,CULTURAL,complementario,False,14,PALERMO,"GORRITI 5737, CABA",-34.583849,-58.438622,,0.0,WWW.ILBALLODELMATTONE.COM,1,2.0,True
171,L AVERNO,BAR,CULTURAL,complementario,False,1,SAN NICOLAS,"CORRIENTES AV. 1632, CABA",-34.604337,-58.389868,,0.0,https://www.laverno.com.ar/,1,12.0,True
172,LA ACADEMIA,BAR,NOTABLE,complementario,False,3,BALVANERA,"CALLAO AV. 368, CABA",-34.604902,-58.392357,,0.0,,1,52.0,True
173,LA ACADEMIA DE TANGO DE SUSANA MILLER Y MARIA PLAZAOLA,BAR,MILONGA Y/O TANGUERIA,complementario,False,3,BALVANERA,"RIOBAMBA 416, CABA",-34.604253,-58.393932,,0.0,WWW.LAACADEMIATANGO.COM,1,24.0,True
174,LA BIELA,BAR,NOTABLE,complementario,False,2,RECOLETA,"QUINTANA, MANUEL, PRES. AV. 600, CABA",-34.587834,-58.390761,,0.0,WWW.LABIELA.COM,1,311.0,False
175,LA BUENA MEDIDA,BAR,NOTABLE,complementario,False,4,BOCA,"SUAREZ 101, CABA",-34.633746,-58.355061,,0.0,,1,15.0,True
176,LA CASONA DE FERNANDO,BAR,MILONGA Y/O TANGUERIA,complementario,False,1,SAN TELMO,"CHILE AV. 318, CABA",-34.615965,-58.370633,,0.0,WWW.FACEBOOK.COM/PAGES/LA-CASONA-DE-FERNANDO-EN-SAN-TELMO/132222086855491,1,227.0,False
178,LA CIGALE,BAR,CULTURAL,complementario,False,1,SAN NICOLAS,"25 DE MAYO 597, CABA",-34.600875,-58.371226,,0.0,HTTP://LACIGALEBAR.BLOGSPOT.COM.AR,1,177.0,False
179,LA CORUNA,BAR,CULTURAL,complementario,False,1,SAN TELMO,"BOLIVAR 982, CABA",-34.619266,-58.372926,,0.0,,1,9.0,True
180,LA CUMPARCITA TANGO BAR,BAR,MILONGA Y/O TANGUERIA,complementario,False,1,SAN TELMO,"CHILE AV. 302, CABA",-34.615932,-58.37039,,0.0,WWW.LACUMPARSITATANGO.COM.AR,1,250.0,False
181,LA EMBAJADA,BAR,NOTABLE,complementario,False,1,MONSERRAT,"SANTIAGO DEL ESTERO 88, CABA",-34.609608,-58.384794,,0.0,,1,155.0,False
183,LA ESCUELA DEL TANGO,BAR,MILONGA Y/O TANGUERIA,complementario,False,1,MONSERRAT,"SAN JOSE 364, CABA",-34.61303,-58.386078,,0.0,HTTP://ESCUELADELTANGO.BLOGSPOT.COM.AR/,1,216.0,False
184,LA ESQUINA DE ANIBAL TROILO,BAR,NOTABLE,complementario,False,2,RECOLETA,"PARAGUAY 1500, CABA",-34.598398,-58.388093,,0.0,,1,106.0,True
187,LA FLOR DE BARRACAS,BAR,NOTABLE,complementario,False,4,BARRACAS,"SUAREZ AV. 2095, CABA",-34.641822,-58.379497,,0.0,,1,247.0,False
189,LA GIRALDA,BAR,NOTABLE,complementario,False,1,SAN NICOLAS,"CORRIENTES AV. 1453, CABA",-34.604052,-58.387286,,0.0,,1,3.0,True
190,LA INDEPENDENCIA,BAR,MILONGA Y/O TANGUERIA,complementario,False,1,SAN TELMO,"INDEPENDENCIA AV. 572, CABA",-34.61731,-58.37402,,0.0,WWW.MILONGALAINDEPENDENCIA.BLOGSPOT.COM.AR,1,87.0,True
191,LA KERMESSE,BAR,CULTURAL,complementario,False,2,RECOLETA,"ANCHORENA, TOMAS MANUEL DE, DR. 1347, CABA",-34.593914,-58.405703,,0.0,,1,183.0,False
194,LA NACIONAL,BAR,MILONGA Y/O TANGUERIA,complementario,False,1,MONSERRAT,"ALSINA, ADOLFO 1465, CABA",-34.611099,-58.386877,,0.0,WWW.LANACIONALTANGO.COM,1,5.0,True
196,LA OPERA,BAR,CULTURAL,complementario,False,1,SAN NICOLAS,"CORRIENTES AV. 1799, CABA",-34.604335,-58.392047,,0.0,,1,10.0,True
198,LA PAILA RESTAURANT,BAR,CULTURAL,complementario,False,14,PALERMO,"COSTA RICA 4848, CABA",-34.587075,-58.428748,,0.0,http://lapaila-restaurante.com.ar/,1,62.0,True
199,LA PERLA,BAR,NOTABLE,complementario,False,4,BOCA,"DON PEDRO DE MENDOZA AV. 1899, CABA",-34.639338,-58.361731,,0.0,,1,86.0,True
200,LA PERLA BAR,BAR,CULTURAL,complementario,False,3,BALVANERA,"JUJUY AV. 36, CABA",-34.610396,-58.405842,,0.0,WWW.LAPERLABAR.COM.AR,1,117.0,True
201,LA POESIA,BAR,NOTABLE,complementario,False,1,SAN TELMO,"CHILE 502, CABA",-34.616062,-58.373267,,0.0,,1,13.0,True
203,LA PUERTO RICO,BAR,NOTABLE,complementario,False,1,MONSERRAT,"ALSINA, ADOLFO 420, CABA",-34.610196,-58.372381,,0.0,WWW.LAPUERTORICOCAFE.COM.AR,1,11.0,True
204,LA VENTANA,BAR,MILONGA Y/O TANGUERIA,complementario,False,1,MONSERRAT,"BALCARCE 431, CABA",-34.612739,-58.370628,,0.0,WWW.LAVENTANAWEB.COM,1,244.0,False
205,LA VIRUTA TANGO,BAR,MILONGA Y/O TANGUERIA,complementario,False,14,PALERMO,"ARMENIA 1366, CABA",-34.591661,-58.430751,,0.0,WWW.LAVIRUTATANGO.COM,1,173.0,False
207,LE CARAVELLE,BAR,NOTABLE,complementario,False,1,SAN NICOLAS,"LAVALLE 726, CABA",-34.602372,-58.377159,,0.0,,1,118.0,True
208,LE PAYSAGE,BAR,CULTURAL,complementario,False,4,NUEVA POMPEYA,"COBO AV. 1102, CABA",-34.641583,-58.431273,,0.0,,1,1177.0,False
209,LO DE CELIA TANGO,BAR,MILONGA Y/O TANGUERIA,complementario,False,1,CONSTITUCION,"HUMBERTO 1 1783, CABA",-34.621504,-58.391307,,0.0,,1,144.0,True
213,LOS GALGOS,BAR,NOTABLE,complementario,False,1,SAN NICOLAS,"CALLAO AV. 501, CABA",-34.602955,-58.392326,,0.0,www.barlosgalgos.com.ar,1,110.0,True
214,LOS LAURELES,BAR,NOTABLE,complementario,False,4,BARRACAS,"IRIARTE, GRAL. AV. 2290, CABA",-34.64945,-58.37943,1.0,95.0,,1,421.0,False
216,MADERO TANGO,BAR,MILONGA Y/O TANGUERIA,complementario,False,1,PUERTO MADERO,"MOREAU DE JUSTO, ALICIA AV. 2060, CABA",-34.623283,-58.365139,,0.0,WWW.MADEROTANGO.COM.AR,1,103.0,True
217,MAILIN,BAR,CULTURAL,complementario,False,4,NUEVA POMPEYA,"CHICLANA AV. 4258, CABA",-34.642653,-58.422454,,0.0,,1,418.0,False
219,MANSION DANDY ROYAL,BAR,MILONGA Y/O TANGUERIA,complementario,False,1,SAN TELMO,"PIEDRAS 922, CABA",-34.618858,-58.377265,,0.0,WWW.MANSIONDANDIROYAL.COM/#,1,133.0,True
220,MAYORAL Y ELSA MARIA,BAR,MILONGA Y/O TANGUERIA,complementario,False,2,RECOLETA,"CALLAO AV. 1078, CABA",-34.59625,-58.393402,,0.0,WWW.MAYORALYELSAMARIA.COM.AR,1,110.0,True
221,MESON ESPANOL,BAR,CULTURAL,complementario,False,1,MONSERRAT,"YRIGOYEN, HIPOLITO 1221, CABA",-34.609742,-58.383632,1.0,250.0,http://www.xn--elmesonespaol-skb.com.ar/index.html,1,133.0,True
222,MICHELANGELO TANGO,BAR,MILONGA Y/O TANGUERIA,complementario,False,1,MONSERRAT,"BALCARCE 433, CABA",-34.612763,-58.370631,,0.0,,1,243.0,False
223,MILONGA CHE FLORES,BAR,MILONGA Y/O TANGUERIA,complementario,False,14,PALERMO,"ARCE 235, CABA",-34.571504,-58.429797,,0.0,WWW.CHEFLORES.COM,1,268.0,False
224,MILONGA EL ARRANQUE,BAR,MILONGA Y/O TANGUERIA,complementario,False,1,SAN NICOLAS,"MITRE, BARTOLOME 1759, CABA",-34.607921,-58.391466,,0.0,,1,131.0,True
225,MILONGA GAY LA MARSHALL,BAR,MILONGA Y/O TANGUERIA,complementario,False,3,BALVANERA,"RIOBAMBA 416, CABA",-34.604253,-58.393932,,0.0,,1,24.0,True
226,MILONGA NUEVO SALON ARGENTINA,BAR,MILONGA Y/O TANGUERIA,complementario,False,1,SAN NICOLAS,"MITRE, BARTOLOME 1759, CABA",-34.607921,-58.391466,,0.0,,1,131.0,True
227,MILONGA PARAKULTURAL,BAR,MILONGA Y/O TANGUERIA,complementario,False,14,PALERMO,"SCALABRINI ORTIZ, RAUL AV. 1331, CABA",-34.592699,-58.427486,,0.0,WWW.PARAKULTURAL.COM.AR,1,81.0,True
228,MIRAMAR,BAR,NOTABLE,complementario,False,3,SAN CRISTOBAL,"SARANDI 1190, CABA",-34.622663,-58.393748,,0.0,,1,113.0,True
229,MITOS ARGENTINOS,BAR,CULTURAL,complementario,False,1,SAN TELMO,"HUMBERTO 1 489, CABA",-34.620681,-58.372676,1.0,300.0,http://mitosargentinos.com.ar/,1,17.0,True
230,MODENA DESING,BAR,CULTURAL,complementario,False,2,RECOLETA,"FIGUEROA ALCORTA, PRES. AV. 2270, CABA",-34.582763,-58.393844,,0.0,WWW.SALONMODENA.COM.AR/INDEX.HTML,1,14.0,True
231,MOLIERE CAFE CONCERT,BAR,CULTURAL,complementario,False,1,MONSERRAT,"CHILE AV. 299, CABA",-34.615798,-58.370317,,0.0,WWW.MOLIERE-CAFE.COM,1,250.0,False
232,MUSEO CULTURAL DEL TANGO,BAR,MILONGA Y/O TANGUERIA,complementario,False,1,SAN NICOLAS,"MAIPU 666, CABA",-34.60038,-58.376831,,0.0,,1,253.0,False
234,NUEVO ESTUDIO LA ESQUINA,BAR,MILONGA Y/O TANGUERIA,complementario,False,1,SAN NICOLAS,"SARMIENTO 722, CABA",-34.604699,-58.376801,,0.0,HTTP://ESTUDIOLAESQUINA.BLOGSPOT.COM.AR,1,10.0,True
238,PAULIN,BAR,NOTABLE,complementario,False,1,SAN NICOLAS,"SARMIENTO 635, CABA",-34.604564,-58.375632,,0.0,,1,13.0,True
239,PENA DE TANGO ALMA DE BOHEMIO DEL CLUB SOCIAL BOHEMIO,BAR,MILONGA Y/O TANGUERIA,complementario,False,4,BOCA,"NECOCHEA 948, CABA",-34.632772,-58.358654,,0.0,,1,260.0,False
240,PENA LA BAGUALA,BAR,PENA,complementario,False,4,BOCA,"BROWN, ALTE. AV. 736, CABA",-34.631207,-58.361858,,0.0,WWW.BAGUALA.COM.AR,1,50.0,True
241,PENA LOS CARDONES,BAR,PENA,complementario,False,14,PALERMO,"BORGES, JORGE LUIS 2180, CABA",-34.584869,-58.424572,,0.0,WWW.CARDONES.COM.AR,1,10.0,True
242,PETIT COLON,BAR,NOTABLE,complementario,False,1,SAN NICOLAS,"LIBERTAD 505, CABA",-34.602403,-58.38376,,0.0,,1,106.0,True
243,PIAZZOLLA TANGO,BAR,MILONGA Y/O TANGUERIA,complementario,False,1,SAN NICOLAS,"FLORIDA 165, CABA",-34.606125,-58.375033,,0.0,WWW.PIAZZOLLATANGOSHOW.COM/INDEX.PHP?IDIDIOMA_SESSION=1,1,122.0,True
244,PICHIN,BAR,CULTURAL,complementario,False,1,MONSERRAT,"DE MAYO AV. 806, CABA",-34.608897,-58.378076,,0.0,,1,101.0,True
246,PLAZA BAR,BAR,NOTABLE,complementario,False,1,RETIRO,"FLORIDA 1005, CABA",-34.595775,-58.375112,,0.0,WWW.MARRIOTPLAZA.COM.AR,1,52.0,True
248,PODESTA BAR,BAR,,complementario,False,14,PALERMO,"ARMENIA 1740, CABA",-34.589028,-58.426774,,,,1,220.0,False
249,PORTENA MIA,BAR,MILONGA Y/O TANGUERIA,complementario,False,1,SAN TELMO,"CHACABUCO 917, CABA",-34.618772,-58.375891,,0.0,WWW.ADDMYWEB.COM/PORTENIAMIA/INDEX.HTML,1,258.0,False
250,PORTENO Y BAILARIN,BAR,MILONGA Y/O TANGUERIA,complementario,False,3,BALVANERA,"RIOBAMBA 416, CABA",-34.604253,-58.393932,,0.0,WWW.PORTEYBAILARIN.COM,1,24.0,True
252,ROJO TANGO,BAR,MILONGA Y/O TANGUERIA,complementario,False,1,PUERTO MADERO,"SALOTTI MARTHA 445, CABA",-34.613399,-58.361727,,0.0,WWW.ROJOTANGO.COM,1,407.0,False
253,SABOR A TANGO,BAR,MILONGA Y/O TANGUERIA,complementario,False,3,BALVANERA,"PERON, JUAN DOMINGO, TTE. GENERAL 2535, CABA",-34.607451,-58.402501,,0.0,WWW.SABORATANGO.COM.AR,1,9.0,True
257,SAN JOSE,BAR,CULTURAL,complementario,False,1,CONSTITUCION,"CALVO, CARLOS 1400, CABA",-34.6199,-58.385725,,0.0,,1,9.0,True
258,SAN MARTIN,BAR,CULTURAL,complementario,False,1,MONSERRAT,"BELGRANO AV. 901, CABA",-34.612869,-58.379151,,0.0,,1,14.0,True
261,SENOR TANGO,BAR,MILONGA Y/O TANGUERIA,complementario,False,4,BARRACAS,"VIEYTES 1655, CABA",-34.65269,-58.375794,,0.0,WWW.SENORTANGO.COM.AR,1,340.0,False
265,STAZIONE CAFE GOURMET,BAR,CULTURAL,complementario,False,2,RECOLETA,"JUNCAL 2002, CABA",-34.593417,-58.395796,,0.0,,1,5.0,True
267,TACONEANDO EN LA VEREDA DE BEBA,BAR,MILONGA Y/O TANGUERIA,complementario,False,1,SAN TELMO,"BALCARCE 725, CABA",-34.616286,-58.370312,,100.0,HTTP://TACONEANDO.COM,1,255.0,False
268,TANGO 1921,BAR,MILONGA Y/O TANGUERIA,complementario,False,1,MONSERRAT,"CHACABUCO 454, CABA",-34.613406,-58.376093,,0.0,WWW.TANGO1921.COM,1,257.0,False
270,TANGO EN GEBA,BAR,MILONGA Y/O TANGUERIA,complementario,False,1,SAN NICOLAS,"MITRE, BARTOLOME 1161, CABA",-34.60738,-58.383073,,0.0,WWW.PORTALDEGEBA.COM/CULTURA.HTML,1,131.0,True
271,TANGO ESCUELA CARLOS COPELLO,BAR,MILONGA Y/O TANGUERIA,complementario,False,3,BALVANERA,"ANCHORENA, TOMAS MANUEL DE, DR. 575, CABA",-34.602841,-58.409856,,0.0,WWW.CARLOSCOPELLO.COM/TANGO-ESCUELA.HTM,1,134.0,True
272,TANGO PORTENO,BAR,MILONGA Y/O TANGUERIA,complementario,False,1,SAN NICOLAS,"CERRITO 570, CABA",-34.601918,-58.382374,1.0,904.0,HTTP://TANGOPORTENO.COM.AR/ESP/INDEX.HTML#,1,147.0,True
273,TANO CABRON,BAR,CULTURAL,complementario,False,3,BALVANERA,"JAURES, JEAN 715, CABA",-34.601789,-58.407979,1.0,130.0,,1,72.0,True
275,THE NEW BRIGHTON,BAR,NOTABLE,complementario,False,1,SAN NICOLAS,"SARMIENTO 645, CABA",-34.604575,-58.375796,,0.0,WWW.THEBRIGHTONSRL.COM.AR,1,4.0,True
277,VARELA VARELITA,BAR,NOTABLE,complementario,False,14,PALERMO,"SCALABRINI ORTIZ, RAUL AV. 2102, CABA",-34.58764,-58.420109,,0.0,,1,211.0,False
279,VERMU SOCIAL CLU,BAR,CULTURAL,complementario,False,1,RETIRO,"PARAGUAY 779, CABA",-34.5976,-58.377904,1.0,120.0,,1,141.0,True
280,VODEVIL - USINA GASTRONOMICA / CULTURAL,BAR,CULTURAL,complementario,False,1,SAN NICOLAS,"CORRIENTES AV. 1658, CABA",-34.604339,-58.389891,,180.0,https://www.paseolaplaza.com.ar/bares-y-restos.php,1,11.0,True
283,APH AREAS DE PROTECCION HISTORICA,BIBLIOTECA,ESPECIALIZADA GUBERNAMENTAL,complementario,False,1,SAN NICOLAS,"PELLEGRINI, CARLOS 291, CABA",-34.605502,-58.380817,,0.0,,1,65.0,True
285,ARCHIVO - ARCHIVO Y MUSEO HISTORICO DR. ARTURO JAURETCHE,BIBLIOTECA,HISTORICA,complementario,False,1,SAN NICOLAS,"SARMIENTO 362, CABA",-34.604348,-58.371935,,0.0,,1,5.0,True
287,ARCHIVO INTERMEDIO,BIBLIOTECA,ESPECIALIZADA GUBERNAMENTAL,complementario,False,1,SAN TELMO,"PASEO COLON AV. 1093, CABA",-34.620511,-58.36848,,0.0,WWW.MININTERIOR.GOV.AR,1,131.0,True
288,ARCHIVOS ARGENTINOS DE DERMATOLOGIA,BIBLIOTECA,UNIVERSITARIA Y/O CIENTIFICO TECNICA,complementario,False,1,SAN NICOLAS,"PARANA 731, CABA",-34.600215,-58.388076,,0.0,,1,96.0,True
289,AREA BIBLIOTECAS TECNICAS (CDI ),BIBLIOTECA,ESPECIALIZADA GUBERNAMENTAL,complementario,False,1,MONSERRAT,"PASEO COLON AV. 171, CABA",-34.609276,-58.369712,,0.0,HTTP://CDI.MECON.GOV.AR,1,50.0,True
290,AREA DE DOCUMENTACION Y ARCHIVOS CENTRO DE ESTUDIOS LEGALES Y SOCIALES (CELS),BIBLIOTECA,UNIVERSITARIA Y/O CIENTIFICO TECNICA,complementario,False,1,MONSERRAT,"PIEDRAS 547, CABA",-34.614593,-58.377552,,0.0,,1,128.0,True
291,AREA GESTION DOCUMENTAL Y BIBLIOTECA - CENTRO NACIONAL DE INFORMACION SOBRE SEGURIDAD Y SALUD EN EL TRABAJO DE ARGENTINA,BIBLIOTECA,ESPECIALIZADA GUBERNAMENTAL,complementario,False,1,SAN NICOLAS,"MITRE, BARTOLOME 751, CABA",-34.606983,-58.377288,,0.0,WWW.SRT.GOV.AR/BIBLIOTECASRT/BIBLIOTECASRT.HTM,1,182.0,False
293,ASOCIACION CULTURAL Y BIBLIOTECA POPULAR TESIS 11,BIBLIOTECA,POPULAR,complementario,False,3,BALVANERA,"JUNIN 165, CABA",-34.607582,-58.396395,,0.0,,1,48.0,True
295,BASE DE DATOS UNIFICADA (BDU),BIBLIOTECA,UNIVERSITARIA Y/O CIENTIFICO TECNICA,complementario,False,2,RECOLETA,"SANTA FE AV. 1548, CABA",-34.595862,-58.38909,,0.0,HTTP://WWW.SIU.EDU.AR/,1,130.0,True
296,BIBLIOTECA DR. ROBERTO REPETTO,BIBLIOTECA,,complementario,False,1,SAN NICOLAS,"SARMIENTO 329, CABA",-34.604247,-58.371429,,0.0,HTTP://WWW.BIBLIOTECA.JUS.GOV.AR/LINKS3.HTML,2,3.0,True
297,BIBLIOTECA - ACADEMIA NACIONAL DE CIENCIAS ECONOMICAS,BIBLIOTECA,UNIVERSITARIA Y/O CIENTIFICO TECNICA,complementario,False,2,RECOLETA,"ALVEAR 1790, CABA",-34.588573,-58.387876,,0.0,,1,222.0,False
298,BIBLIOTECA - ACADEMIA NACIONAL DE CIENCIAS MORALES Y POLITICAS,BIBLIOTECA,UNIVERSITARIA Y/O CIENTIFICO TECNICA,complementario,False,2,RECOLETA,"ALVEAR 1711, CABA",-34.588996,-58.387148,,0.0,HTTP://WWW.ANCMYP.ORG.AR/,1,141.0,True
299,BIBLIOTECA - ADMINISTRACION NACIONAL DE LABORATORIOS E INSTITUTOS DE SALUD - INSTITUTO NACIONAL DE ENFERMEDADES INFECCIOSAS,BIBLIOTECA,ESPECIALIZADA GUBERNAMENTAL,complementario,False,4,BARRACAS,"VELEZ SARSFIELD AV. 563, CABA",-34.641842,-58.389866,,0.0,HTTP://WWW.ANLIS.GOV.AR/INEI/INEI.HTM,1,577.0,False
300,BIBLIOTECA - ASEPROFAR,BIBLIOTECA,ESPECIALIZADA EMPRESARIAL,complementario,False,14,PALERMO,"ARAOZ 2174, CABA",-34.588145,-58.419022,,0.0,WWW.ASEPROFAR.COM,1,110.0,True
301,BIBLIOTECA - ASOCIACION ARGENTINA DE DIETISTAS Y NUTRICIONISTAS DIETISTAS (AADYND),BIBLIOTECA,UNIVERSITARIA Y/O CIENTIFICO TECNICA,complementario,False,1,SAN NICOLAS,"VIAMONTE 1328, CABA",-34.600578,-58.385813,,0.0,WWW.AADYND.ORG.AR,1,122.0,True
302,BIBLIOTECA - ASOCIACION ARGENTINA DE ECONOMIA AGRARIA,BIBLIOTECA,UNIVERSITARIA Y/O CIENTIFICO TECNICA,complementario,False,2,RECOLETA,"ARENALES 1678, CABA",-34.594994,-58.391621,,0.0,,1,105.0,True
303,BIBLIOTECA - ASOCIACION ARGENTINA DE INGENIERIA SANITARIA Y CIENCIAS DEL AMBIENTE (AIDIS),BIBLIOTECA,UNIVERSITARIA Y/O CIENTIFICO TECNICA,complementario,False,1,MONSERRAT,"BELGRANO AV. 1580, CABA",-34.613697,-58.388654,,0.0,WWW.AIDISAR.ORG/BIBLIOTECA.HTML,1,28.0,True
304,BIBLIOTECA - ASOCIACION DE ABOGADOS DE BUENOS AIRES (AABA),BIBLIOTECA,UNIVERSITARIA Y/O CIENTIFICO TECNICA,complementario,False,1,SAN NICOLAS,"URUGUAY AV. 485, CABA",-34.603069,-58.386537,,0.0,HTTP://WWW.AABA.ORG.AR/BIBLIO.HTM,1,102.0,True
305,BIBLIOTECA - ASOCIACION DE ADMINISTRADORES GUBERNAMENTALES,BIBLIOTECA,UNIVERSITARIA Y/O CIENTIFICO TECNICA,complementario,False,1,MONSERRAT,"REPUBLICA BOLIVARIANA DE VENEZUELA 634, CABA",-34.61388,-58.375191,,0.0,WWW.AG.ORG.AR,1,177.0,False
307,BIBLIOTECA - ASOCIACION DE BIBLIOTECARIOS GRADUADOS DE LA REPUBLICA ARGENTINA,BIBLIOTECA,UNIVERSITARIA Y/O CIENTIFICO TECNICA,complementario,False,2,RECOLETA,"PARANA 918, CABA",-34.598185,-58.388271,,0.0,HTTP://WWW.ABGRA.ORG.AR,1,118.0,True
308,BIBLIOTECA - ASOCIACION DE PSICOLOGOS DE BUENOS AIRES - APBA,BIBLIOTECA,UNIVERSITARIA Y/O CIENTIFICO TECNICA,complementario,False,3,BALVANERA,"AZCUENAGA 767, CABA",-34.600183,-58.400992,,0.0,WWW.PSICOLOGOS.ORG.AR,1,76.0,True
309,BIBLIOTECA - ASOCIACION PSICOANALITICA DE BUENOS AIRES (APBDEBA),BIBLIOTECA,UNIVERSITARIA Y/O CIENTIFICO TECNICA,complementario,False,14,PALERMO,"MAURE 1850, CABA",-34.567986,-58.436993,,0.0,WWW.APDEBA.ORG,1,416.0,False
310,BIBLIOTECA - BANCO DE LA NACION ARGENTINA.,BIBLIOTECA,ESPECIALIZADA GUBERNAMENTAL,complementario,False,1,SAN NICOLAS,"MITRE, BARTOLOME 326, CABA",-34.606648,-58.371599,,0.0,,1,187.0,False
311,BIBLIOTECA - BIBLIOTECA NACIONAL,BIBLIOTECA,,complementario,False,2,RECOLETA,"AGUERO 2505, CABA",-34.58445,-58.397282,,0.0,HTTP://WWW.BN.GOV.AR/,1,148.0,True
313,BIBLIOTECA - BOLSA DE CEREALES DE BUENOS AIRES,BIBLIOTECA,ESPECIALIZADA EMPRESARIAL,complementario,False,1,SAN NICOLAS,"CORRIENTES AV. 119, CABA",-34.602864,-58.369318,,0.0,,1,14.0,True
314,BIBLIOTECA - BOLSA DE COMERCIO DE BUENOS AIRES,BIBLIOTECA,ESPECIALIZADA EMPRESARIAL,complementario,False,1,SAN NICOLAS,"SARMIENTO 299, CABA",-34.604268,-58.370899,,0.0,HTTP://WWW.BCBA.SBA.COM.AR/,1,11.0,True
315,BIBLIOTECA - CEDODAL (CENTRO DE DOCUMENTACION DE ARTE Y ARQUITECTURA LATINOAMERICANOS),BIBLIOTECA,UNIVERSITARIA Y/O CIENTIFICO TECNICA,complementario,False,2,RECOLETA,"MONTEVIDEO 1553, CABA",-34.592122,-58.38849,,0.0,WWW.CEDODAL.COM,1,9.0,True
316,BIBLIOTECA - CEL. CENTRO DE ESTUDIOS LATINOAMERICANO. ESCUELA DE HUMANIDADES. UNSAM. UNIVERSIDAD NACIONAL DE SAN MARTIN,BIBLIOTECA,UNIVERSITARIA Y/O CIENTIFICO TECNICA,complementario,False,3,BALVANERA,"MITRE, BARTOLOME 1869, CABA",-34.607998,-58.393019,,0.0,HTTP://WWW.CEL.UNSAM.EDU.AR/PAGINAS/BIBLIOTECA/CATALOGO_CEL.ASP,1,124.0,True
317,BIBLIOTECA - CENTRO DE ECONOMIA INTERNACIONAL. MINISTERIO DE RELACIONES EXTERIORES,BIBLIOTECA,ESPECIALIZADA GUBERNAMENTAL,complementario,False,1,RETIRO,"ESMERALDA 1212, CABA",-34.593747,-58.378606,,0.0,HTTP://WWW.CEI.GOV.AR,1,39.0,True
318,BIBLIOTECA - CENTRO DE ESTUDIOS BONAERENSES,BIBLIOTECA,UNIVERSITARIA Y/O CIENTIFICO TECNICA,complementario,False,1,PUERTO MADERO,"COSSETTINI, OLGA 340, CABA",-34.601541,-58.364481,,0.0,,1,263.0,False
319,BIBLIOTECA - CENTRO DE ESTUDIOS DE POBLACION (CENEP),BIBLIOTECA,UNIVERSITARIA Y/O CIENTIFICO TECNICA,complementario,False,3,BALVANERA,"CORRIENTES AV. 2817, CABA",-34.604424,-58.405914,,0.0,WWW.CENEP.ORG.AR,1,10.0,True
320,BIBLIOTECA - CENTRO DE ESTUDIOS PARA LA NUEVA MAYORIA,BIBLIOTECA,UNIVERSITARIA Y/O CIENTIFICO TECNICA,complementario,False,1,CONSTITUCION,"ESTADOS UNIDOS 943, CABA",-34.61847,-58.379403,,0.0,WWW.NUEVAMAYORIA.COM,1,61.0,True
321,BIBLIOTECA - CENTRO DE INFORMACION Y DOCUMENTACION INSTITUTO PARA EL DESARROLLO EMPRESARIAL DE LA ARGENTINA. IDEA,BIBLIOTECA,ESPECIALIZADA EMPRESARIAL,complementario,False,3,BALVANERA,"MORENO 1850, CABA",-34.612755,-58.392511,,0.0,WWW.IDEARED.ORG/CID/IDEA,1,134.0,True
323,BIBLIOTECA - CENTRO DE INVESTIGACIONES ENDOCRINOLOGICAS -CEDIE-,BIBLIOTECA,UNIVERSITARIA Y/O CIENTIFICO TECNICA,complementario,False,2,RECOLETA,"GALLO 1330, CABA",-34.594526,-58.410732,,0.0,WWW.FEI.ORG.AR/FEI/PAG-05-06.HTML,1,76.0,True
324,BIBLIOTECA - CENTRO DE INVESTIGACIONES SOCIALES SOBRE EL ESTADO Y LA ADMINISTRACION,BIBLIOTECA,UNIVERSITARIA Y/O CIENTIFICO TECNICA,complementario,False,14,PALERMO,"SALGUERO, JERONIMO 2545, CABA",-34.581681,-58.409945,,0.0,,1,255.0,False
325,BIBLIOTECA - CENTRO DE INVESTIGACIONES Y ESTUDIOS TURISTICOS,BIBLIOTECA,ESPECIALIZADA EMPRESARIAL,complementario,False,1,RETIRO,"DEL LIBERTADOR AV. 774, CABA",-34.587983,-58.383624,,0.0,,1,19.0,True
326,BIBLIOTECA - CENTRO INTERDISCIPLINARIO DE INVESTIGACIONES PSICOLOGIA MATEMATICA Y EXPERIMENTAL (CIIPME),BIBLIOTECA,UNIVERSITARIA Y/O CIENTIFICO TECNICA,complementario,False,3,BALVANERA,"PERON, JUAN DOMINGO, TTE. GENERAL 2158, CABA",-34.607246,-58.397291,,0.0,WWW.CONICET.GOV.AR/WEBUE/CIIPME/BIBLIOTECA.HTM,1,12.0,True
327,BIBLIOTECA - CENTRO INTERDISCIPLINARIO PARA EL ESTUDIO DE LAS POLITICAS PUBLICAS,BIBLIOTECA,UNIVERSITARIA Y/O CIENTIFICO TECNICA,complementario,False,1,SAN NICOLAS,"RODRIGUEZ PENA 557, CABA",-34.602454,-58.391202,,0.0,WWW.CIEPP.ORG.AR,1,61.0,True
328,BIBLIOTECA - CENTRO NACIONAL DE TRANSFERENCIA DE TECNOLOGIA VIAL (CENATTEV),BIBLIOTECA,UNIVERSITARIA Y/O CIENTIFICO TECNICA,complementario,False,1,MONSERRAT,"ROCA, JULIO A., PRESIDENTE DIAGONAL SUR AV. 695, CABA",-34.611509,-58.376305,,0.0,WWW.VIAL.ORG.AR,1,117.0,True
330,BIBLIOTECA - COLEGIO N 2 DE 1 DOMINGO FAUSTINO SARMIENTO,BIBLIOTECA,ESCOLAR,complementario,False,1,RETIRO,"LIBERTAD 1257, CABA",-34.593569,-58.384408,,0.0,HTTP://WWW.BUENOSAIRES.GOV.AR/AREAS/EDUCACION/BIBLEDUC/RED_SECUNBIB/INDEX.PHP?MENU_ID=33286,1,96.0,True
331,BIBLIOTECA - COLEGIO NACIONAL DE BUENOS AIRES .UNIVERSIDAD DE BUENOS AIRES,BIBLIOTECA,UNIVERSITARIA Y/O CIENTIFICO TECNICA,complementario,False,1,MONSERRAT,"BOLIVAR 263, CABA",-34.61099,-58.373447,,0.0,WWW.CNBA.UBA.AR/INSTITUCIONAL/BIBLIOTECA,1,6.0,True
332,BIBLIOTECA - COLEGIO PUBLICO DE ABOGADOS DE LA CAPITAL FEDERAL,BIBLIOTECA,UNIVERSITARIA Y/O CIENTIFICO TECNICA,complementario,False,1,SAN NICOLAS,"CORRIENTES AV. 1441, CABA",-34.604039,-58.387128,,0.0,WWW.CPACF.ORG.AR,1,11.0,True
334,BIBLIOTECA - COMISION NACIONAL DE EVALUACION Y ACREDITACION UNIVERSITARIA (CONEAU) - PRESIDENCIA DE LA NACION,BIBLIOTECA,ESPECIALIZADA GUBERNAMENTAL,complementario,False,1,RETIRO,"SANTA FE AV. 1385, CABA",-34.595635,-58.386834,,0.0,HTTP://WWW.CONEAU.EDU.AR/,1,113.0,True
335,BIBLIOTECA - COMITE INTERGUBERNAMENTAL COODINADOR DE LOS PAISES DE LA CUENCA DEL PLATA,BIBLIOTECA,UNIVERSITARIA Y/O CIENTIFICO TECNICA,complementario,False,1,RETIRO,"PARAGUAY 755, CABA",-34.59759,-58.377684,,0.0,HTTP://WWW.CICPLATA.ORG/,1,141.0,True
336,BIBLIOTECA - CONGRESO DE LA NACION,BIBLIOTECA,GENERAL,complementario,False,3,BALVANERA,"ALSINA, ADOLFO 1835, CABA",-34.611509,-58.392455,,0.0,HTTP://WWW.BCNBIB.GOV.AR,1,5.0,True
337,BIBLIOTECA - CONICET - CENTRO DE ESTUDIOS FARMACOLOGICOS Y BOTANICA,BIBLIOTECA,UNIVERSITARIA Y/O CIENTIFICO TECNICA,complementario,False,2,RECOLETA,"PARAGUAY 2155, CABA",-34.598418,-58.398263,,0.0,http://www.cefybo.org.ar/contacto/,1,72.0,True
339,BIBLIOTECA - CONICET - CENTRO DE INVESTIGACIONES EN ANTROPOLOGIA FILOSOFICA Y CULTURA,BIBLIOTECA,UNIVERSITARIA Y/O CIENTIFICO TECNICA,complementario,False,14,PALERMO,"LACROZE, FEDERICO AV. 2100, CABA",-34.567321,-58.442221,,0.0,HTTP://WWW.CIAFIC.EDU.AR/,1,107.0,True
342,BIBLIOTECA - CONICET - PROGRAMA DE INVESTIGACIONES SOBRE EPIDEMIOLOGIA PSIQUIATRICA,BIBLIOTECA,UNIVERSITARIA Y/O CIENTIFICO TECNICA,complementario,False,3,BALVANERA,"MITRE, BARTOLOME 1970, CABA",-34.608163,-58.394523,,0.0,HTTP://WWW.PEPSI.SECYT.GOV.AR,1,128.0,True
343,BIBLIOTECA - CONICET - UBA - INSTITUTO DE ESTUDIOS DE LA INMUNIDAD HUMORAL,BIBLIOTECA,UNIVERSITARIA Y/O CIENTIFICO TECNICA,complementario,False,2,RECOLETA,"JUNIN 956, CABA",-34.597823,-58.397457,,0.0,HTTP://WWW.CONICET.GOV.AR/PHP/DATOS_INST.PHP?N=05542,1,65.0,True
344,BIBLIOTECA - CONICET - UBA - INSTITUTO DE INVESTIGACIONES CARDIOLOGICAS,BIBLIOTECA,UNIVERSITARIA Y/O CIENTIFICO TECNICA,complementario,False,2,RECOLETA,"ALVEAR, MARCELO T. DE 2270, CABA",-34.596949,-58.399555,,0.0,HTTP://WWW.FMED.UBA.AR/TAQUINI/ACADEMICA.HTML,1,6.0,True
345,BIBLIOTECA - CONICET - UBA - INSTITUTO DE QUIMICA Y FISICO QUIMICA BIOLOGICAS,BIBLIOTECA,UNIVERSITARIA Y/O CIENTIFICO TECNICA,complementario,False,2,RECOLETA,"JUNIN 956, CABA",-34.597823,-58.397457,,0.0,HTTP://WWW.UBA.AR/SECYT/INSTITUTOS/INSUC-IQUIFIB.PHP,1,65.0,True
347,BIBLIOTECA - CONSEJO ARGENTINO DE OFTALMOLOGIA,BIBLIOTECA,UNIVERSITARIA Y/O CIENTIFICO TECNICA,complementario,False,1,SAN NICOLAS,"PERON, JUAN DOMINGO, TTE. GENERAL 725, CABA",-34.605813,-58.376865,,0.0,,1,126.0,True
348,BIBLIOTECA - CONSEJO DE LA MAGISTRATURA. GOBIERNO DE LA CIUDAD DE BUENOS AIRES,BIBLIOTECA,ESPECIALIZADA GUBERNAMENTAL,complementario,False,14,PALERMO,"BERUTI 3345, CABA",-34.587002,-58.409792,,0.0,HTTP://CMCABA.JUSBAIRES.GOV.AR/CMCABA/CENTRO_DE_DOCUMENTACION,1,91.0,True
349,BIBLIOTECA - CONSEJO INTERUNIVERSITARIO NACIONAL,BIBLIOTECA,UNIVERSITARIA Y/O CIENTIFICO TECNICA,complementario,False,2,RECOLETA,"PACHECO DE MELO, JOSE ANDRES 2084, CABA",-34.590364,-58.395656,,0.0,HTTP://WWW.CIN.EDU.AR/,1,127.0,True
353,BIBLIOTECA - ESCUELA DE COMERCIO N 2 DE 1 DR. ANTONIO BERMEJO,BIBLIOTECA,ESCOLAR,complementario,False,3,BALVANERA,"RIOBAMBA 623, CABA",-34.601661,-58.394096,,0.0,HTTP://WWW.BUENOSAIRES.GOV.AR/AREAS/EDUCACION/BIBLEDUC/RED_SECUNBIB/INDEX.PHP?MENU_ID=33286,1,45.0,True
354,BIBLIOTECA - ESCUELA DE COMERCIO N 5 DE 03 JOSE DE SAN MARTIN,BIBLIOTECA,ESCOLAR,complementario,False,3,BALVANERA,"ENTRE RIOS AV. 757, CABA",-34.61752,-58.391793,,0.0,HTTP://WWW.BUENOSAIRES.GOV.AR/AREAS/EDUCACION/BIBLEDUC/RED_SECUNBIB/INDEX.PHP?MENU_ID=33286,1,70.0,True
356,BIBLIOTECA - ESCUELA DE LA ORIENTACION LACANIANA,BIBLIOTECA,UNIVERSITARIA Y/O CIENTIFICO TECNICA,complementario,False,2,RECOLETA,"CALLAO AV. 1033, CABA",-34.596836,-58.393139,,0.0,WWW.EOL.ORG.AR,1,44.0,True
358,BIBLIOTECA - ESCUELA NORMAL SUPERIOR EN LENGUAS VIVAS SOFIA ESTHER BROQUEN DE SPANGENBERG,BIBLIOTECA,ESCOLAR,complementario,False,14,PALERMO,"JUNCAL 3251, CABA",-34.585437,-58.41013,,0.0,HTTP://SPANGENBERG.CABA.INFD.EDU.AR/SITIO/,1,163.0,False
359,BIBLIOTECA - ESCUELA NORMAL SUPERIOR N 01 EN LENGUAS VIVAS PRESIDENTE ROQUE SAENZ PE?A,BIBLIOTECA,ESCOLAR,complementario,False,2,RECOLETA,"PARAGUAY 1950, CABA",-34.598708,-58.395213,,0.0,HTTP://ENS1DE1.BUENOSAIRES.EDU.AR/,1,109.0,True
360,BIBLIOTECA - ESCUELA NORMAL SUPERIOR N 02 EN LENGUAS VIVAS MARIANO ACOSTA,BIBLIOTECA,ESCOLAR,complementario,False,3,BALVANERA,"URQUIZA, GRAL. 277, CABA",-34.613668,-58.409971,,0.0,HTTP://WWW.GCBA.GOV.AR/AREAS/EDUCACION/EDUCACI?N B?SICA/EDUCACI?N B?SICA/SUPERIOR/ENS02/DEFAULT.HTM,1,106.0,True
361,BIBLIOTECA - ESCUELA NORMAL SUPERIOR N 03 BERNARDINO RIVADAVIA,BIBLIOTECA,ESCOLAR,complementario,False,1,SAN TELMO,"BOLIVAR 1235, CABA",-34.622408,-58.372816,,0.0,HTTP://ENS3.CABA.INFD.EDU.AR/SITIO/,1,11.0,True
363,BIBLIOTECA - ESCUELA NORMAL SUPERIOR N 05 GRAL MARTIN MIGUEL DE GUEMES,BIBLIOTECA,ESCOLAR,complementario,False,4,BARRACAS,"ARCAMENDIA 743, CABA",-34.641244,-58.37997,,0.0,HTTP://ENS5.BUENOSAIRES.EDU.AR/INDEX.HTM,1,276.0,False
364,BIBLIOTECA - ESCUELA NORMAL SUPERIOR N 06 VICENTE LOPEZ Y PLANES,BIBLIOTECA,ESCOLAR,complementario,False,14,PALERMO,"GUEMES 3859, CABA",-34.587036,-58.416036,,0.0,HTTP://ENS6DE2.BUENOSAIRES.EDU.AR/,1,49.0,True
366,BIBLIOTECA - ESCUELA NORMAL SUPERIOR N 08 PRESIDENTE JULIO ARGENTINO ROCA,BIBLIOTECA,ESCOLAR,complementario,False,3,SAN CRISTOBAL,"LA RIOJA 1042, CABA",-34.622605,-58.407243,,0.0,HTTP://WWW.BUENOSAIRES.GOV.AR/AREAS/EDUCACION/EDUCACI?N B?SICA/EDUCACI?N B?SICA/SUPERIOR/ENS08/DEFAULT.HTM,1,63.0,True
367,BIBLIOTECA - ESCUELA NORMAL SUPERIOR N 09 SARMIENTO,BIBLIOTECA,ESCOLAR,complementario,False,3,BALVANERA,"CALLAO AV. 450, CABA",-34.603798,-58.392439,,0.0,HTTP://ENS9DE1.BUENOSAIRES.EDU.AR/,1,72.0,True
369,BIBLIOTECA - ESCUELA NORMAL SUPERIOR N 11 DR. RICARDO LEVENE,BIBLIOTECA,ESCOLAR,complementario,False,4,PARQUE PATRICIOS,"DEAN FUNES 1821, CABA",-34.632237,-58.404747,,0.0,,1,13.0,True
370,BIBLIOTECA - ESCUELA SUPERIOR DE COMERCIO CARLOS PELLEGRINI .UNIVERSIDAD DE BUENOS AIRES,BIBLIOTECA,UNIVERSITARIA Y/O CIENTIFICO TECNICA,complementario,False,2,RECOLETA,"ALVEAR, MARCELO T. DE 1851, CABA",-34.597206,-58.393894,,0.0,WWW.CPEL.UBA.AR/BIBLIOTECA,1,12.0,True
372,BIBLIOTECA - ESCUELA TECNICA 19 DE 1 ALEJANDRO VOLTA,BIBLIOTECA,ESCOLAR,complementario,False,1,SAN NICOLAS,"LAVALLE 1681, CABA",-34.603033,-58.39086,,0.0,HTTP://WWW.BUENOSAIRES.GOV.AR/AREAS/EDUCACION/BIBLEDUC/RED_SECUNBIB/INDEX.PHP?MENU_ID=33286,1,127.0,True
374,BIBLIOTECA - ESCUELA TECNICA N 12 DE 1 LIBERTADOR GRAL SAN MARTIN,BIBLIOTECA,ESCOLAR,complementario,False,1,RETIRO,"DEL LIBERTADOR AV. 238, CABA",-34.591824,-58.377105,,0.0,HTTP://WWW.BUENOSAIRES.GOV.AR/AREAS/EDUCACION/BIBLEDUC/RED_SECUNBIB/INDEX.PHP?MENU_ID=33286,1,23.0,True
376,BIBLIOTECA - ESCUELA TECNICA N 4 DE 5 REPUBLICA DEL LIBANO,BIBLIOTECA,ESCOLAR,complementario,False,4,BARRACAS,"MONTES DE OCA, MANUEL AV. 121, CABA",-34.630203,-58.377139,,0.0,HTTP://WWW.BUENOSAIRES.GOV.AR/AREAS/EDUCACION/BIBLEDUC/RED_SECUNBIB/INDEX.PHP?MENU_ID=33286,1,135.0,True
378,BIBLIOTECA - ESTUDIO BAKER & MCKENZIE,BIBLIOTECA,ESPECIALIZADA EMPRESARIAL,complementario,False,1,RETIRO,"ALEM, LEANDRO N. AV. 1110, CABA",-34.594424,-58.373409,,0.0,HTP//WWW.ABOGADOS.COM.AR/BAKER-MCKENZIE,1,103.0,True
379,BIBLIOTECA - FACULTAD DE PSICOLOGIA. UNIVERSIDAD DE BUENOS AIRES,BIBLIOTECA,UNIVERSITARIA Y/O CIENTIFICO TECNICA,complementario,False,3,BALVANERA,"INDEPENDENCIA AV. 3065, CABA",-34.619829,-58.408762,,0.0,WWW.PSI.UBA.AR/BIBLIOTECA/BIBLIOTECA.PHP,1,136.0,True
380,BIBLIOTECA - FACULTAD LATINOAMERICANA DE CIENCIAS SOCIALES (FLACSO),BIBLIOTECA,UNIVERSITARIA Y/O CIENTIFICO TECNICA,complementario,False,3,BALVANERA,"AYACUCHO 555, CABA",-34.602679,-58.395444,,0.0,HTTP://WWW.FLACSO.ORG.AR/INSTITUCIONAL.PHP,1,58.0,True
383,BIBLIOTECA - FUNDACION CENTRO DE ESTUDIOS BRASILEIROS,BIBLIOTECA,UNIVERSITARIA Y/O CIENTIFICO TECNICA,complementario,False,1,RETIRO,"ESMERALDA 965, CABA",-34.5968,-58.378388,,0.0,WWW.FUNCEB.ORG.AR/BIBLIO.HTML,1,48.0,True
384,BIBLIOTECA - FUNDACION CIENCIA Y SALUD. UNIVERSIDAD CATOLICA DE SALTA,BIBLIOTECA,UNIVERSITARIA Y/O CIENTIFICO TECNICA,complementario,False,1,CONSTITUCION,"SALTA 980, CABA",-34.61947,-58.382936,,0.0,WWW.CIENCIAYSALUD.EDU.AR,1,33.0,True
385,BIBLIOTECA - FUNDACION DE ALTOS ESTUDIOS EN CIENCIAS COMERCIALES,BIBLIOTECA,UNIVERSITARIA Y/O CIENTIFICO TECNICA,complementario,False,1,SAN NICOLAS,"URUGUAY 57, CABA",-34.608122,-58.386266,,0.0,WWW.LAFUNDACION.EDU.AR/DOCUMENTS/BIBLIOTECA.HTML,1,187.0,False
386,BIBLIOTECA - FUNDACION DE INVESTIGACIONES ECONOMICAS LATINOAMERICANAS - FIEL,BIBLIOTECA,UNIVERSITARIA Y/O CIENTIFICO TECNICA,complementario,False,1,RETIRO,"CORDOBA AV. 631, CABA",-34.598646,-58.375762,,0.0,WWW.FIEL.ORG/INICIO.DO,1,143.0,True
387,BIBLIOTECA - FUNDACION JORGE E. ROULET,BIBLIOTECA,UNIVERSITARIA Y/O CIENTIFICO TECNICA,complementario,False,3,BALVANERA,"ALSINA, ADOLFO 1816, CABA",-34.611573,-58.392175,,0.0,WWW.FUNDACIONROULET.ORG.AR,1,9.0,True
388,BIBLIOTECA - FUNDACION KONRAD ADENAUER,BIBLIOTECA,COMUNITARIA Y/O EXTRANJERA,complementario,False,1,RETIRO,"SUIPACHA 1175, CABA",-34.594431,-58.379929,,0.0,WWW.KAS.ORG.AR,1,6.0,True
391,BIBLIOTECA - FUNDACION PODER CIUDADANO,BIBLIOTECA,UNIVERSITARIA Y/O CIENTIFICO TECNICA,complementario,False,1,MONSERRAT,"PIEDRAS 547, CABA",-34.614593,-58.377552,,0.0,,1,128.0,True
393,BIBLIOTECA - HOSPITAL DE GASTROENTEROLOGIA DR. CARLOS UDAONDO,BIBLIOTECA,UNIVERSITARIA Y/O CIENTIFICO TECNICA,complementario,False,4,PARQUE PATRICIOS,"CASEROS AV. 2061, CABA",-34.634349,-58.391362,,0.0,,1,260.0,False
394,BIBLIOTECA - HOSPITAL ESPANOL - SOCIEDAD MEDICA,BIBLIOTECA,ESPECIALIZADA EMPRESARIAL,complementario,False,3,BALVANERA,"BELGRANO AV. 2975, CABA",-34.614934,-58.407868,,0.0,HTTP:// WWW.HOSPITALESPANOLAR.COM.AR,1,263.0,False
395,BIBLIOTECA - HOSPITAL FRANCES (CEFRAN),BIBLIOTECA,UNIVERSITARIA Y/O CIENTIFICO TECNICA,complementario,False,3,SAN CRISTOBAL,"LA RIOJA 951, CABA",-34.621544,-58.407507,,0.0,,1,58.0,True
396,BIBLIOTECA - HOSPITAL MATERNO INFANTIL RAMON SARDA,BIBLIOTECA,UNIVERSITARIA Y/O CIENTIFICO TECNICA,complementario,False,4,PARQUE PATRICIOS,"LUCA, ESTEBAN DE 2151, CABA",-34.634826,-58.40254,,0.0,WWW.SARDA.ORG.AR,1,40.0,True
397,BIBLIOTECA - IEC. INSTITUTO DE ESTUDIOS Y CAPACITACION. CONADU. FEDERACION NACIONAL DE DOCENTES UNIVERSITARIOS.,BIBLIOTECA,SINDICAL,complementario,False,3,BALVANERA,"PASCO 255, CABA",-34.61257,-58.397473,,0.0,HTTP://WWW.IEC-CONADU.ORG.AR,1,77.0,True
399,BIBLIOTECA - INSTITUTO DE DESARROLLO ECONOMICO Y SOCIAL - IDES,BIBLIOTECA,UNIVERSITARIA Y/O CIENTIFICO TECNICA,complementario,False,14,PALERMO,"ARAOZ 2838, CABA",-34.583839,-58.412354,,0.0,HTTP://WWW.IDES.ORG.AR/BIBLIOTECA/,1,105.0,True
401,BIBLIOTECA - INSTITUTO DE EDUCACION SUPERIOR DEL EJERCITO (IESE) - ESCUELA SUPERIOR TECNICA,BIBLIOTECA,ESPECIALIZADA GUBERNAMENTAL,complementario,False,14,PALERMO,"CABILDO AV. 15, CABA",-34.574592,-58.435743,,0.0,HTTP://WWW.INGENIERIAEST.IESE.EDU.AR/INDEX.PHP,1,165.0,False
402,BIBLIOTECA - INSTITUTO DE EDUCACION SUPERIOR EN LENGUAS VIVAS JUAN RAMON FERNANDEZ,BIBLIOTECA,ESCOLAR,complementario,False,1,RETIRO,"PELLEGRINI, CARLOS 1515, CABA",-34.590316,-58.381308,,0.0,HTTP://IESLVF.CABA.INFD.EDU.AR/SITIO/,1,116.0,True
404,BIBLIOTECA - INSTITUTO DE EDUCACION SUPERIOR N 1 DRA ALICIA MOREAU DE JUSTO,BIBLIOTECA,UNIVERSITARIA Y/O CIENTIFICO TECNICA,complementario,False,3,BALVANERA,"CORDOBA AV. 2016, CABA",-34.599787,-58.39601,,0.0,HTTP://IES1.CABA.INFD.EDU.AR/SITIO/,1,16.0,True
405,BIBLIOTECA - INSTITUTO DE INVESTIGACIONES JURIDICA Y SOCIALES AMBROSIO L. GIOJA. FACULTAD DE DERECHO Y CIENCIAS SOCIALES. UNIVERSIDAD DE BUENOS AIRES.,BIBLIOTECA,UNIVERSITARIA Y/O CIENTIFICO TECNICA,complementario,False,2,RECOLETA,"FIGUEROA ALCORTA, PRES. AV. 2263, CABA",-34.583292,-58.392374,,0.0,HTTP://WWW.DERECHO.UBA.AR/INVESTIGACION/INV_INST_GIOJA_BIBLIOTECA.PHP,1,9.0,True
406,BIBLIOTECA - INSTITUTO DE INVESTIGACIONES METABOLICAS (IDIM),BIBLIOTECA,UNIVERSITARIA Y/O CIENTIFICO TECNICA,complementario,False,1,RETIRO,"LIBERTAD 836, CABA",-34.598775,-58.384105,,0.0,WWW.IDIM.COM.AR,1,43.0,True
409,BIBLIOTECA - INSTITUTO NACIONAL DE DIAGNOSTICO E INVESTIGACION DE LA ENFERMEDAD DE CHAGAS - CENTRO BIBLIOGRAFICO DE ENFERMEDADES ENDEMICAS,BIBLIOTECA,UNIVERSITARIA Y/O CIENTIFICO TECNICA,complementario,False,1,MONSERRAT,"PASEO COLON AV. 568, CABA",-34.614368,-58.368912,,0.0,,1,108.0,True
410,BIBLIOTECA - INSTITUTO NACIONAL DE LA PROPIEDAD INDUSTRIAL (IMPI),BIBLIOTECA,ESPECIALIZADA GUBERNAMENTAL,complementario,False,1,SAN TELMO,"PASEO COLON AV. 717, CABA",-34.616263,-58.369544,,0.0,WWW.INPI.GOV.AR/DOCS/BIBLIOTECA.HTM,1,185.0,False
411,BIBLIOTECA - INSTITUTO NACIONAL DEL MEDICAMENTO,BIBLIOTECA,ESPECIALIZADA GUBERNAMENTAL,complementario,False,4,PARQUE PATRICIOS,"CASEROS AV. 2161, CABA",-34.634742,-58.39311,,0.0,,1,262.0,False
413,BIBLIOTECA - INSTITUTO SUPERIOR DE TIEMPO LIBRE Y RECREACION,BIBLIOTECA,UNIVERSITARIA Y/O CIENTIFICO TECNICA,complementario,False,2,RECOLETA,"SANTA FE AV. 2778, CABA",-34.592778,-58.405974,,0.0,HTTP://WWW.ISTLYRECREACION.EDU.AR/ISTLYR.HTM,1,253.0,False
414,BIBLIOTECA - INSTITUTO SUPERIOR DEL PROFESORADO DE EDUCACION ESPECIAL,BIBLIOTECA,UNIVERSITARIA Y/O CIENTIFICO TECNICA,complementario,False,14,PALERMO,"GUEMES 3859, CABA",-34.587036,-58.416036,,0.0,,1,49.0,True
415,BIBLIOTECA - INSTITUTO SUPERIOR DEL PROFESORADO DE EDUCACION INICIAL S. ECCLESTON,BIBLIOTECA,UNIVERSITARIA Y/O CIENTIFICO TECNICA,complementario,False,14,PALERMO,"DORREGO AV. 3751, CABA",-34.562975,-58.416964,,0.0,HTTP://IESECCLESTON.BUENOSAIRES.EDU.AR/,1,240.0,False
416,BIBLIOTECA - INSTITUTO SUPERIOR DEL PROFESORADO JOAQUIN V. GONZALEZ,BIBLIOTECA,UNIVERSITARIA Y/O CIENTIFICO TECNICA,complementario,False,3,BALVANERA,"AYACUCHO 632, CABA",-34.601776,-58.395582,,0.0,HTTP://INSTITUTOJVGONZALEZ.BUENOSAIRES.EDU.AR/,1,43.0,True
417,BIBLIOTECA - INSTITUTO UNIVERSITARIO DE CIENCIAS DE LA SALUD. FUNDACION ''DR.HECTOR A. BARCELO'',BIBLIOTECA,UNIVERSITARIA Y/O CIENTIFICO TECNICA,complementario,False,2,RECOLETA,"LAS HERAS GENERAL AV. 2191, CABA",-34.588623,-58.395636,,0.0,WWW.BARCELO.EDU.AR/BIBLIOTECA.PHP,1,22.0,True
420,BIBLIOTECA - INSTITUTO UNIVERSITARIO- ESCUELA SUPERIOR DE ECONOMIA Y ADMINISTRACION DE EMPRESAS (ESEADE),BIBLIOTECA,UNIVERSITARIA Y/O CIENTIFICO TECNICA,complementario,False,14,PALERMO,"URIARTE 2472, CABA",-34.580878,-58.423072,,0.0,WWW.ESEADE.EDU.AR,1,226.0,False
422,BIBLIOTECA - INTITUTO UNIVERSITARIO NACIONAL DEL ARTE. DEPARTAMENTO DE ARTES VISUALES PRILIDIANO PUEYRREDON,BIBLIOTECA,UNIVERSITARIA Y/O CIENTIFICO TECNICA,complementario,False,2,RECOLETA,"LAS HERAS, GENERAL 1749, CABA",-34.592163,-58.391318,,0.0,,1,167.0,False
423,BIBLIOTECA - LABORATORIO ALLERGAN-LOA,BIBLIOTECA,ESPECIALIZADA EMPRESARIAL,complementario,False,1,RETIRO,"DEL LIBERTADOR AV. 498, CABA",-34.589736,-58.380419,,0.0,,1,19.0,True
427,BIBLIOTECA - LABORATORIOS PFORTNER,BIBLIOTECA,ESPECIALIZADA EMPRESARIAL,complementario,False,2,RECOLETA,"JUNCAL 2345, CABA",-34.591798,-58.400362,,0.0,,1,146.0,True
428,BIBLIOTECA - MAESTRIA EN ADMINISTRACION PUBLICA. UNIVERSIDAD DE BUENOS AIRES,BIBLIOTECA,UNIVERSITARIA Y/O CIENTIFICO TECNICA,complementario,False,3,BALVANERA,"CORDOBA AV. 2122, CABA",-34.599824,-58.397929,,0.0,WWW.UBA.AR,1,15.0,True
429,BIBLIOTECA - MINISTERIO DE SALUD Y ACCION SOCIAL - INSTITUTO NACIONAL DE GENETICA MEDICA,BIBLIOTECA,ESPECIALIZADA GUBERNAMENTAL,complementario,False,2,RECOLETA,"LAS HERAS GENERAL AV. 2670, CABA",-34.584358,-58.400812,,0.0,,1,215.0,False
430,BIBLIOTECA - MUNICIPALIDAD DE LA CIUDAD DE BUENOS AIRES - DIRECCION GENERAL JARDIN ZOOLOGICO,BIBLIOTECA,ESPECIALIZADA GUBERNAMENTAL,complementario,False,14,PALERMO,"REPUBLICA DE LA INDIA 2900, CABA",-34.579155,-58.415437,,0.0,,1,255.0,False
433,BIBLIOTECA - MUSEO NACIONAL DE ARTE DECORATIVO,BIBLIOTECA,ARTISTICA,complementario,False,14,PALERMO,"DEL LIBERTADOR AV. 1902, CABA",-34.582442,-58.400859,,0.0,WWW.MNAD.ORG,1,19.0,True
434,BIBLIOTECA - MUSEO NACIONAL DE LA HISTORIA DEL TRAJE Y EL INSTITUTO ART & DESIGN,BIBLIOTECA,ARTISTICA,complementario,False,1,MONSERRAT,"CHILE 832, CABA",-34.616341,-58.377856,,0.0,,1,13.0,True
435,BIBLIOTECA - SEDE BARRIO NORTE,BIBLIOTECA,UNIVERSITARIA Y/O CIENTIFICO TECNICA,complementario,False,2,RECOLETA,"LARREA 1079, CABA",-34.595037,-58.401153,,0.0,WWW.PALERMO.EDU/BIBLIOTECA/,1,148.0,True
436,BIBLIOTECA - SEDE CATALINAS,BIBLIOTECA,UNIVERSITARIA Y/O CIENTIFICO TECNICA,complementario,False,1,RETIRO,"MADERO, EDUARDO AV. 942, CABA",-34.596363,-58.370431,,0.0,WWW.PALERMO.EDU/BIBLIOTECA/,1,144.0,True
437,BIBLIOTECA - SERVICIO DE HIDROGRAFIA NAVAL,BIBLIOTECA,ESPECIALIZADA GUBERNAMENTAL,complementario,False,4,BARRACAS,"MONTES DE OCA, MANUEL AV. 2124, CABA",-34.651367,-58.371328,,0.0,HTTP://WWW.HIDRO.GOV.AR,1,340.0,False
438,BIBLIOTECA - SERVICIO DE PAZ Y JUSTICIA (SERPAJ),BIBLIOTECA,UNIVERSITARIA Y/O CIENTIFICO TECNICA,complementario,False,1,SAN TELMO,"PIEDRAS 730, CABA",-34.616612,-58.377373,,0.0,HTTP://WWW.SERPAJ.ORG/,1,36.0,True
439,BIBLIOTECA - SOCIEDAD ARGENTINA DE CARDIOLOGIA,BIBLIOTECA,UNIVERSITARIA Y/O CIENTIFICO TECNICA,complementario,False,2,RECOLETA,"AZCUENAGA 984, CABA",-34.596986,-58.400417,,0.0,HTTP://WWW.SAC.ORG.AR,1,29.0,True
440,BIBLIOTECA - SOCIEDAD ARGENTINA DE ESTUDIOS GEOGRAFICOS,BIBLIOTECA,UNIVERSITARIA Y/O CIENTIFICO TECNICA,complementario,False,1,SAN NICOLAS,"RODRIGUEZ PENA 158, CABA",-34.60722,-58.390768,,0.0,,1,58.0,True
441,BIBLIOTECA - SOCIEDAD ARGENTINA DE NUTRICION (SAN),BIBLIOTECA,UNIVERSITARIA Y/O CIENTIFICO TECNICA,complementario,False,3,BALVANERA,"VIAMONTE 2146, CABA",-34.601078,-58.397726,,0.0,WWW.SANUTRICION.ORG.AR/BIBLIOTECA.PHP,1,82.0,True
442,BIBLIOTECA - SOCIEDAD ARGENTINA DE ORTODONCIA - SAO,BIBLIOTECA,UNIVERSITARIA Y/O CIENTIFICO TECNICA,complementario,False,2,RECOLETA,"MONTEVIDEO 971, CABA",-34.597694,-58.389711,,0.0,WWW.ORTODONCIA.ORG.AR,1,12.0,True
444,BIBLIOTECA - SOCIEDAD ARGENTINA DE REUMATOLOGIA,BIBLIOTECA,UNIVERSITARIA Y/O CIENTIFICO TECNICA,complementario,False,3,BALVANERA,"CALLAO AV. 384, CABA",-34.604692,-58.392373,,0.0,WWW.REUMATOLOGIA.ORG.AR,1,29.0,True
445,BIBLIOTECA - TECHINT,BIBLIOTECA,ESPECIALIZADA EMPRESARIAL,complementario,False,1,RETIRO,"ALEM, LEANDRO N. AV. 1067, CABA",-34.595464,-58.372289,,0.0,HTP://ENGINEERING.TECHINT.COM,1,77.0,True
446,BIBLIOTECA - TRIBUNAL FISCAL DE LA NACION.,BIBLIOTECA,ESPECIALIZADA GUBERNAMENTAL,complementario,False,1,RETIRO,"RECONQUISTA 946, CABA",-34.596808,-58.373085,,0.0,HTP///WWW.TRIBUNALFISCAL.GOV.AR,1,70.0,True
447,BIBLIOTECA - TRIBUNAL SUPERIOR DE JUSTICIA DE LA CIUDAD AUTONOMA DE BUENOS AIRES,BIBLIOTECA,ESPECIALIZADA GUBERNAMENTAL,complementario,False,1,SAN NICOLAS,"CERRITO 760, CABA",-34.599575,-58.382557,,0.0,HTTP://WWW.TSJBAIRES.GOV.AR/TSJ/BIBLIOTECA.ASP?PG=SOBRE,1,54.0,True
448,BIBLIOTECA - UBA - INSTITUTO DE CIENCIAS ANTROPOLOGICAS. SECCION ARQUEOLOGIA,BIBLIOTECA,UNIVERSITARIA Y/O CIENTIFICO TECNICA,complementario,False,1,SAN NICOLAS,"25 DE MAYO 221, CABA",-34.60502,-58.370931,,0.0,HTTP://WWW.FILO.UBA.AR/CONTENIDOS/INVESTIGACION/INSTITUTOS/ANTROPO/HOME/ANTROP-SOCIAL/INDEX.HTM,1,86.0,True
449,BIBLIOTECA - UBA - INSTITUTO DE HISTORIA ARGENTINA Y AMERICANA,BIBLIOTECA,UNIVERSITARIA Y/O CIENTIFICO TECNICA,complementario,False,1,SAN NICOLAS,"25 DE MAYO 221, CABA",-34.60502,-58.370931,,0.0,WWW.FILO.UBA.AR,1,86.0,True
451,BIBLIOTECA - UNIVERSIDAD DE BUENOS AIRES - CENTRO DE INVESTIGACIONES EN REPRODUCCION,BIBLIOTECA,UNIVERSITARIA Y/O CIENTIFICO TECNICA,complementario,False,2,RECOLETA,"PARAGUAY 2155, CABA",-34.598418,-58.398263,,0.0,,1,72.0,True
452,BIBLIOTECA - UNIVERSIDAD DE BUENOS AIRES - CONICET - INSTITUTO DE INVESTIGACIONES FARMACOLOGICAS,BIBLIOTECA,UNIVERSITARIA Y/O CIENTIFICO TECNICA,complementario,False,2,RECOLETA,"JUNIN 956, CABA",-34.597823,-58.397457,,0.0,,1,65.0,True
453,BIBLIOTECA - UNIVERSIDAD DE BUENOS AIRES - FACULTAD DE FARMACIA Y BIOQUIMICA,BIBLIOTECA,UNIVERSITARIA Y/O CIENTIFICO TECNICA,complementario,False,2,RECOLETA,"JUNIN 956, CABA",-34.597823,-58.397457,,0.0,HTTP://WWW.FFYB.UBA.AR/,1,65.0,True
454,BIBLIOTECA - UNIVERSIDAD DE BUENOS AIRES - INSTITUTO DE HISTORIA ANTIGUA ORIENTAL,BIBLIOTECA,UNIVERSITARIA Y/O CIENTIFICO TECNICA,complementario,False,1,SAN NICOLAS,"25 DE MAYO 217, CABA",-34.60502,-58.370931,,0.0,HTTP://WWW.FILO.UBA.AR,1,86.0,True
456,BIBLIOTECA - UNIVERSIDAD DE BUENOS AIRES - INSTITUTO DE LITERATURA ARGENTINA,BIBLIOTECA,UNIVERSITARIA Y/O CIENTIFICO TECNICA,complementario,False,1,SAN NICOLAS,"25 DE MAYO 217, CABA",-34.60502,-58.370931,,0.0,HTTP://WWW.FILO.UBA.AR,1,86.0,True
458,BIBLIOTECA - UNIVERSIDAD DE BUENOS AIRES - MUSEO ETNOGRAFICO,BIBLIOTECA,HISTORICA,complementario,False,1,MONSERRAT,"MORENO 350, CABA",-34.611289,-58.371202,,0.0,,1,133.0,True
459,BIBLIOTECA - UNIVERSIDAD DE BUENOS AIRES - SISTEMA DE BIBLIOTECAS Y DE INFORMACION,BIBLIOTECA,UNIVERSITARIA Y/O CIENTIFICO TECNICA,complementario,False,3,BALVANERA,"AZCUENAGA 280, CABA",-34.606472,-58.400755,,0.0,HTTP://WWW.SISBI.UBA.AR,1,103.0,True
460,BIBLIOTECA - UNIVERSIDAD DEL CEMA,BIBLIOTECA,UNIVERSITARIA Y/O CIENTIFICO TECNICA,complementario,False,1,SAN NICOLAS,"CORDOBA AV. 400, CABA",-34.598583,-58.372591,,0.0,WWW.CEMA.EDU.AR/BIBLIO,1,146.0,True
461,BIBLIOTECA - UNIVERSIDAD DEL SALVADOR,BIBLIOTECA,UNIVERSITARIA Y/O CIENTIFICO TECNICA,complementario,False,1,RETIRO,"ALVEAR, MARCELO T. DE 1312, CABA",-34.597023,-58.385856,,0.0,HTTP://WWW.SALVADOR.EDU.AR/VRID/BIBLIOTECA/,1,7.0,True
462,BIBLIOTECA - UNIVERSIDAD DEL SALVADOR - INSTITUTO LATINOAMERICANO DE INVESTIGACIONES COMPARADAS SOBRE ORIENTE Y OCCIDENTE,BIBLIOTECA,UNIVERSITARIA Y/O CIENTIFICO TECNICA,complementario,False,2,RECOLETA,"CALLAO AV. 853, CABA",-34.599032,-58.392907,,0.0,HTTP://WWW.SALVADOR.EDU.AR/VRID/BIBLIOTECA/,1,67.0,True
463,BIBLIOTECA - UNIVERSIDAD JOHN F. KENNEDY,BIBLIOTECA,UNIVERSITARIA Y/O CIENTIFICO TECNICA,complementario,False,3,BALVANERA,"RIOBAMBA 157, CABA",-34.60756,-58.393469,,0.0,WWW.KENNEDY.EDU.AR,1,71.0,True
465,BIBLIOTECA - UNIVERSIDAD NACIONAL DE GENERAL SAN MARTIN. ESCUELA DE POLITICA Y GOBIERNO,BIBLIOTECA,UNIVERSITARIA Y/O CIENTIFICO TECNICA,complementario,False,1,SAN NICOLAS,"PARANA 145, CABA",-34.607182,-58.387739,,0.0,WWW.UNSAM.EDU.AR/BIBCENTRAL/PRESENTACION.ASP?M=6&S=21,1,73.0,True
466,BIBLIOTECA - UNIVERSIDAD NACIONAL DE LUJAN ESCUELA SUPERIOR LATINOAMERICANA DE INFORMATICA,BIBLIOTECA,UNIVERSITARIA Y/O CIENTIFICO TECNICA,complementario,False,3,BALVANERA,"ECUADOR 873, CABA",-34.600078,-58.406404,,0.0,,1,8.0,True
467,BIBLIOTECA 'DOMINGO FAUSTINO SARMIENTO',BIBLIOTECA,UNIVERSITARIA Y/O CIENTIFICO TECNICA,complementario,False,1,RETIRO,"SANTA FE AV. 1145, CABA",-34.595438,-58.383428,,0.0,WWW.CIENTIFICA.ORG.AR,1,120.0,True
468,BIBLIOTECA 'SIGNOS',BIBLIOTECA,UNIVERSITARIA Y/O CIENTIFICO TECNICA,complementario,False,1,SAN NICOLAS,"RODRIGUEZ PENA 770, CABA",-34.60011,-58.391548,,0.0,WWW.SALVADOR.EDU.AR/VRID/PUBLICACIONES/SIGNOS.HTM,1,61.0,True
469,BIBLIOTECA (CIB) - CENTRO DE INFORMACION BIBLIOGRAFICA- DOCTOR JUAN BAUTISTA ALBERDI,BIBLIOTECA,UNIVERSITARIA Y/O CIENTIFICO TECNICA,complementario,False,1,SAN NICOLAS,"VIAMONTE 1549, CABA",-34.600637,-58.388732,,0.0,HTTP://WWW.CONSEJO.ORG.AR/CIB/CIB.HTM,1,79.0,True
470,BIBLIOTECA AAOT,BIBLIOTECA,UNIVERSITARIA Y/O CIENTIFICO TECNICA,complementario,False,2,RECOLETA,"LOPEZ, VICENTE 1878, CABA",-34.590316,-58.391689,,0.0,HTTP://WWW.AAOT.ORG.AR,1,343.0,False
471,BIBLIOTECA ADMINISTRACION FEDERAL DE INGRESOS PUBLICOS- AFIP. DIRECCION GENERAL IMPOSITIVA.,BIBLIOTECA,ESPECIALIZADA GUBERNAMENTAL,complementario,False,1,MONSERRAT,"DE MAYO AV. 1317, CABA",-34.609302,-58.385077,,0.0,HTP//WWW.AFIP.GOV.AR,1,190.0,False
472,BIBLIOTECA ADMINISTRACION NACIONAL DE LA SEGURIDAD SOCIAL (ANSES),BIBLIOTECA,ESPECIALIZADA GUBERNAMENTAL,complementario,False,1,MONSERRAT,"BALCARCE 610, CABA",-34.614989,-58.370585,,0.0,,1,236.0,False
473,BIBLIOTECA AGUSTIN GONZALEZ,BIBLIOTECA,ESPECIALIZADA EMPRESARIAL,complementario,False,3,BALVANERA,"RIOBAMBA 750, CABA",-34.600277,-58.394304,,0.0,HTTP://WWW.AYSA.COM.AR/INDEX.PHP?ID_CONTENIDO=1213&ID_SECCION=0,1,68.0,True
475,BIBLIOTECA ALEJANDRO BULGHERONI,BIBLIOTECA,ESPECIALIZADA EMPRESARIAL,complementario,False,1,SAN NICOLAS,"MAIPU 645, CABA",-34.600595,-58.376739,,0.0,WWW.IAPG.ORG.AR/SECTORES/BIBLIOTECA/SERVICIOS/LISTADOS/LISTADO_TODOS_LOS_SERVICIOS.HTM,1,247.0,False
477,BIBLIOTECA ALFONSINA STORNI (ANEXO CENTENERA),BIBLIOTECA,DGLB-GCBA,complementario,False,1,MONSERRAT,"REPUBLICA BOLIVARIANA DE VENEZUELA 1538, CABA",-34.614718,-58.388141,,0.0,https://www.buenosaires.gob.ar/cultura/bibliotecas,1,76.0,True
480,BIBLIOTECA AMADEO G. GALLI,BIBLIOTECA,UNIVERSITARIA Y/O CIENTIFICO TECNICA,complementario,False,1,PUERTO MADERO,"MADERO, EDUARDO AV. 399, CABA",-34.603336,-58.368027,,0.0,WWW.ITBA.EDU.AR,1,58.0,True
482,BIBLIOTECA ANMAT,BIBLIOTECA,ESPECIALIZADA GUBERNAMENTAL,complementario,False,1,MONSERRAT,"DE MAYO AV. 869, CABA",-34.608867,-58.378755,,0.0,WWW.ANMAT.GOV.AR,1,40.0,True
483,BIBLIOTECA ANTARTIDA,BIBLIOTECA,ESPECIALIZADA GUBERNAMENTAL,complementario,False,1,RETIRO,"CERRITO 1248, CABA",-34.59364,-58.382923,,0.0,WWW.DNA.GOV.AR,1,75.0,True
485,BIBLIOTECA ARGENTINA DE NEFROLOGIA DR. VICTOR RAUL MIATELLO,BIBLIOTECA,UNIVERSITARIA Y/O CIENTIFICO TECNICA,complementario,False,1,MONSERRAT,"BELGRANO AV. 452, CABA",-34.612604,-58.372828,,0.0,WWW.RENAL.ORG.AR/BIBLIOTECA/BIBLIOTECA.HTM,1,45.0,True
486,BIBLIOTECA ARQ. ALEJANDRO CHRISTOPHERSEN,BIBLIOTECA,UNIVERSITARIA Y/O CIENTIFICO TECNICA,complementario,False,2,RECOLETA,"MONTEVIDEO 938, CABA",-34.598001,-58.389789,,0.0,WWW.SOCEARQ.ORG/INDEX.PHP/BIBLIOTECA/,1,13.0,True
487,BIBLIOTECA ARQ. GRACIELA LERCH,BIBLIOTECA,UNIVERSITARIA Y/O CIENTIFICO TECNICA,complementario,False,1,MONSERRAT,"DE MAYO AV. 1370, CABA",-34.609433,-58.385828,,0.0,WWW.AADAIH.COM.AR/BIBLIOTECA,1,181.0,False
488,BIBLIOTECA ARTURO JAURETCHE,BIBLIOTECA,SINDICAL,complementario,False,1,SAN NICOLAS,"SAN MARTIN 665, CABA",-34.600155,-58.374026,,0.0,HTTP://WWW.SINDICATODELSEGURO.COM/BIBLIOTECA.HTML,1,4.0,True
490,BIBLIOTECA ASOCIACION ARGENTINA DE ACTORES (AAA),BIBLIOTECA,ARTISTICA,complementario,False,1,MONSERRAT,"ALSINA, ADOLFO 1762, CABA",-34.611489,-58.391271,,0.0,HTTP://ACTORES.ORG.AR/BIBLIOTECA,1,5.0,True
491,BIBLIOTECA ASOCIACION ARGENTINA DE CIRUGIA,BIBLIOTECA,UNIVERSITARIA Y/O CIENTIFICO TECNICA,complementario,False,2,RECOLETA,"ALVEAR, MARCELO T. DE 2415, CABA",-34.596185,-58.401878,,0.0,WWW.AAC.ORG.AR,1,4.0,True
492,BIBLIOTECA ASOCIACION ARGENTINA DE DERMATOLOGIA (AAD),BIBLIOTECA,UNIVERSITARIA Y/O CIENTIFICO TECNICA,complementario,False,1,MONSERRAT,"MEXICO 1720, CABA",-34.615681,-58.390722,,0.0,HTTP://AAD.ORG.AR/BIBLIOTECA/,1,126.0,True
493,BIBLIOTECA ASOCIACION ARGENTINA DE ESTUDIOS FISCALES,BIBLIOTECA,UNIVERSITARIA Y/O CIENTIFICO TECNICA,complementario,False,1,MONSERRAT,"ROCA, JULIO A., PRESIDENTE DIAGONAL SUR AV. 751, CABA",-34.612039,-58.376875,,0.0,WWW.AAEF.ORG.AR/WEB/BIBLIOTECA.HTML#,1,172.0,False
494,BIBLIOTECA ASOCIACION ARGENTINA DE MUSICOTERAPIA,BIBLIOTECA,ARTISTICA,complementario,False,14,PALERMO,"GUEMES 4144, CABA",-34.584899,-58.419135,,0.0,WWW.MUSICOTERAPIA.ORG.AR/BIB.PHP,1,344.0,False
496,BIBLIOTECA ASOCIACION ARGENTINA DE PRESUPUESTO Y ADMINISTRACION FINANCIERA PUBLICA,BIBLIOTECA,UNIVERSITARIA Y/O CIENTIFICO TECNICA,complementario,False,1,MONSERRAT,"BELGRANO AV. 1370, CABA",-34.613482,-58.385604,,0.0,HTTP://WWW.ASAP.ORG.AR/,1,268.0,False
497,BIBLIOTECA ASOCIACION ARGENTINA DE TERAPIA OCUPACIONAL,BIBLIOTECA,UNIVERSITARIA Y/O CIENTIFICO TECNICA,complementario,False,1,SAN NICOLAS,"LIBERTAD 370, CABA",-34.60433,-58.383729,,0.0,WWW.TERAPIA-OCUPACIONAL.ORG.AR/BIBLIOTECA/,1,56.0,True
498,BIBLIOTECA ASOCIACION BIBLIOTECA TEOSOFICA ARGENTINA,BIBLIOTECA,UNIVERSITARIA Y/O CIENTIFICO TECNICA,complementario,False,3,BALVANERA,"AGRELO 3050, CABA",-34.61754,-58.408805,,0.0,BIBLIOTECATEOSOFIC.WIXSITE.COM/ABTA/BIBLIOTECA,1,103.0,True
499,BIBLIOTECA ASOCIACION DE MAGISTRADOS Y FUNCIONARIOS DE LA JUSTICIA NACIONAL. CENTRO DE JURISPRUDENCIA Y BIBLIOTECA,BIBLIOTECA,ESPECIALIZADA GUBERNAMENTAL,complementario,False,1,SAN NICOLAS,"LAVALLE 1312, CABA",-34.60277,-58.38544,,0.0,,1,129.0,True
501,BIBLIOTECA ASOCIACION MEDICA ARGENTINA,BIBLIOTECA,UNIVERSITARIA Y/O CIENTIFICO TECNICA,complementario,False,1,RETIRO,"SANTA FE AV. 1171, CABA",-34.595466,-58.383786,,0.0,HTTPS://WWW.AMA-MED.ORG.AR/BIBLIOTECA/,1,120.0,True
502,BIBLIOTECA ASOCIACION ODONTOLOGICA ARGENTINA (AOA),BIBLIOTECA,UNIVERSITARIA Y/O CIENTIFICO TECNICA,complementario,False,2,RECOLETA,"JUNIN 959, CABA",-34.59789,-58.397397,,0.0,WWW.AOA.ORG.AR/BIBLIOTECA,1,72.0,True
503,BIBLIOTECA ASOCIACION TOXICOLOGICA ARGENTINA (ATA),BIBLIOTECA,UNIVERSITARIA Y/O CIENTIFICO TECNICA,complementario,False,1,MONSERRAT,"ALSINA, ADOLFO 1441, CABA",-34.611086,-58.386705,,0.0,WWW.TOXICOLOGIA.ORG.AR/BIBLIOTECA/,1,9.0,True
504,BIBLIOTECA AUDITORIA GENERAL DE LA NACION,BIBLIOTECA,GENERAL,complementario,False,1,MONSERRAT,"YRIGOYEN, HIPOLITO 1236, CABA",-34.609823,-58.383885,,0.0,WWW.AGN.GOV.AR,1,126.0,True
505,BIBLIOTECA AVES ARGENTINAS - ASOCIACION ORNITOLOGICA DEL PLATA,BIBLIOTECA,UNIVERSITARIA Y/O CIENTIFICO TECNICA,complementario,False,3,SAN CRISTOBAL,"MATHEU 1246, CABA",-34.624002,-58.399141,,0.0,WWW.AVESARGENTINAS.ORG.AR/BIBLIOTECA-0,1,348.0,False
507,BIBLIOTECA BANCO DE LA PROVINCIA DE BUENOS AIRES,BIBLIOTECA,ESPECIALIZADA GUBERNAMENTAL,complementario,False,1,SAN NICOLAS,"MITRE, BARTOLOME 457, CABA",-34.606704,-58.373184,,0.0,,1,43.0,True
508,BIBLIOTECA BARTOLOME MITRE,BIBLIOTECA,UNIVERSITARIA Y/O CIENTIFICO TECNICA,complementario,False,3,BALVANERA,"CORRIENTES AV. 1834, CABA",-34.604514,-58.392848,,0.0,WWW.TRADUCTORES.ORG.AR,1,11.0,True
511,BIBLIOTECA C.F.TEODORO CAILLET-BOIS,BIBLIOTECA,ESPECIALIZADA GUBERNAMENTAL,complementario,False,4,BOCA,"BROWN, ALTE. AV. 401, CABA",-34.629591,-58.364827,,0.0,,1,262.0,False
512,BIBLIOTECA CAMARA ARGENTINA DE LA CONSTRUCCION,BIBLIOTECA,ESPECIALIZADA EMPRESARIAL,complementario,False,1,SAN TELMO,"PASEO COLON AV. 823, CABA",-34.617479,-58.369746,,0.0,,1,216.0,False
513,BIBLIOTECA CAMARA ARGENTINA DE LA INDUSTRIA PLASTICA,BIBLIOTECA,ESPECIALIZADA EMPRESARIAL,complementario,False,14,PALERMO,"SALGUERO, JERONIMO 1939, CABA",-34.58774,-58.413963,,0.0,WWW.CAIP.ORG.AR/BIBLIOTECA,1,126.0,True
514,BIBLIOTECA CAMARA NACIONAL ELECTORAL,BIBLIOTECA,ESPECIALIZADA GUBERNAMENTAL,complementario,False,1,SAN NICOLAS,"25 DE MAYO 245, CABA",-34.60502,-58.370931,,0.0,,1,86.0,True
516,BIBLIOTECA CAPITAN DE FRAGATA CARLOS MARIA MOYANO,BIBLIOTECA,ESPECIALIZADA GUBERNAMENTAL,complementario,False,1,RETIRO,"AV.ANTARTIDA ARGENTINA 425, CABA",-34.59404228,-58.36949431,,0.0,HTTP://WWW.ESCM.EDU.AR/,1,11.0,True
517,BIBLIOTECA CARLOS CASSINELLI,BIBLIOTECA,UNIVERSITARIA Y/O CIENTIFICO TECNICA,complementario,False,3,BALVANERA,"BELGRANO AV. 2527, CABA",-34.614378,-58.401861,,0.0,WWW.ATEARGENTINA.ORG.AR/IDEP/CENDOC.HTM,1,241.0,False
518,BIBLIOTECA CARLOS GUIDO Y SPANO,BIBLIOTECA,DGLB-GCBA,complementario,False,14,PALERMO,"GUEMES 4601, CABA",-34.581352,-58.423875,,0.0,https://www.buenosaires.gob.ar/cultura/bibliotecas,1,240.0,False
522,BIBLIOTECA CENTRAL CORTE SUPREMA DE JUSTICIA DE LA NACION,BIBLIOTECA,ESPECIALIZADA GUBERNAMENTAL,complementario,False,1,SAN NICOLAS,"TALCAHUANO 550, CABA",-34.602138,-58.385385,,0.0,,1,62.0,True
523,BIBLIOTECA CENTRAL DE LA UNIVERSIDAD CATOLICA DE SALTA (SUBSEDE DE BUENOS AIRES),BIBLIOTECA,UNIVERSITARIA Y/O CIENTIFICO TECNICA,complementario,False,1,SAN NICOLAS,"SAENZ PENA, ROQUE, PRES. DIAGONAL NORTE AV. 950, CABA",-34.604532,-58.380303,,0.0,WWW.BA.UCSA.EDU.AR,1,81.0,True
524,BIBLIOTECA CENTRAL DE LA UNIVERSIDAD CATOLICA DE SALTA SUBSEDE DE BUENOS AIRES,BIBLIOTECA,ESPECIALIZADA GUBERNAMENTAL,complementario,False,1,MONSERRAT,"PASEO COLON AV. 533, CABA",-34.614269,-58.369553,,0.0,WWW.BA.UCSA.EDU.AR,1,165.0,False
525,BIBLIOTECA CENTRAL DEL CIRCULO DE OFICIALES DE MAR PROFESOR ALFREDO VAZQUEZ,BIBLIOTECA,ESPECIALIZADA GUBERNAMENTAL,complementario,False,3,BALVANERA,"SARMIENTO 1867, CABA",-34.605694,-58.393259,,0.0,WWW.CIRCULOOFMAR.ORG.AR,1,133.0,True
526,BIBLIOTECA CENTRAL DEL EJERCITO GRL. DR. BENJAMIN VICTORICA,BIBLIOTECA,ESPECIALIZADA GUBERNAMENTAL,complementario,False,1,MONSERRAT,"AZOPARDO 350, CABA",-34.61166,-58.367928,,0.0,WWW.BIBLIOTECA.EJERCITO.MIL.AR,1,13.0,True
527,BIBLIOTECA CENTRAL DIRECCION NACIONAL DE VIALIDAD - DNV,BIBLIOTECA,ESPECIALIZADA GUBERNAMENTAL,complementario,False,1,MONSERRAT,"ROCA, JULIO A., PRESIDENTE DIAGONAL SUR AV. 734, CABA",-34.611928,-58.37645,,0.0,WWW.VIALIDAD.GOV.AR/BIBLIOTECA/BIBLIOTECA.HTM,1,162.0,False
528,BIBLIOTECA CENTRAL ESTUDIO JURIDICO CABANELLAS. ETCHEBARNE. KELLY & DELL'ORO MAINI.,BIBLIOTECA,UNIVERSITARIA Y/O CIENTIFICO TECNICA,complementario,False,1,SAN NICOLAS,"SAN MARTIN 323, CABA",-34.604279,-58.373767,,0.0,HTP//WWW.GRIPPO.COM/EMPRESAS,1,10.0,True
530,BIBLIOTECA CENTRAL HOSPITAL DE CLINICAS JOSE DE SAN MARTIN .UNIVERSIDAD DE BUENOS AIRES,BIBLIOTECA,UNIVERSITARIA Y/O CIENTIFICO TECNICA,complementario,False,2,RECOLETA,"CORDOBA AV. 2351, CABA",-34.59945,-58.400643,,0.0,WWW.HOSPITALDECLINICAS.UBA.AR/PROFESIONALES/BIBLIOTECA.PHP,1,15.0,True
531,BIBLIOTECA CENTRAL ING. ENRIQUE BUTTY,BIBLIOTECA,UNIVERSITARIA Y/O CIENTIFICO TECNICA,complementario,False,1,SAN TELMO,"PASEO COLON AV. 850, CABA",-34.617777,-58.368758,,0.0,WWW.FI.UBA.AR/BIBLIOTECA,1,129.0,True
532,BIBLIOTECA CENTRAL JUAN JOSE MONTES DE OCA,BIBLIOTECA,UNIVERSITARIA Y/O CIENTIFICO TECNICA,complementario,False,2,RECOLETA,"PARAGUAY 2155, CABA",-34.598418,-58.398263,,0.0,WWW.FMED.UBA.AR/BIBLIOTECA/INFO.HTM,1,72.0,True
533,BIBLIOTECA CENTRAL LABORATORIOS BAGO SA,BIBLIOTECA,ESPECIALIZADA EMPRESARIAL,complementario,False,1,MONSERRAT,"IRIGOYEN, BERNARDO DE 248, CABA",-34.611283,-58.380525,,0.0,,1,11.0,True
535,BIBLIOTECA CENTRAL MARIANO MORENO,BIBLIOTECA,UNIVERSITARIA Y/O CIENTIFICO TECNICA,complementario,False,1,PUERTO MADERO,"MOREAU DE JUSTO, ALICIA AV. 1500, CABA",-34.615719,-58.365905,,0.0,WWW2.UCA.EDU.AR/ESP/SEC-BIBLIOTECA,1,14.0,True
536,BIBLIOTECA CENTRAL R.P. GUILLERMO FURLONG. S.J.,BIBLIOTECA,UNIVERSITARIA Y/O CIENTIFICO TECNICA,complementario,False,3,BALVANERA,"PERON, JUAN DOMINGO, TTE. GENERAL 1818, CABA",-34.606863,-58.392512,,0.0,WWW.SALVADOR.EDU.AR/VRID/BIBLIOTECA/BIBLIOTECA.HTM,1,11.0,True
537,BIBLIOTECA CENTRAL UNIVERSIDAD ARGENTINA JOHN F. KENNEDY,BIBLIOTECA,UNIVERSITARIA Y/O CIENTIFICO TECNICA,complementario,False,1,CONSTITUCION,"CALVO, CARLOS 1370, CABA",-34.619881,-58.385296,,0.0,WWW.KENNEDY.EDU.AR/SERVICIOS.HTM,1,4.0,True
538,BIBLIOTECA CENTRAL UNIVERSIDAD AUSTRAL,BIBLIOTECA,UNIVERSITARIA Y/O CIENTIFICO TECNICA,complementario,False,1,SAN TELMO,"GARAY, JUAN DE AV. 125, CABA",-34.623967,-58.367344,,0.0,HTTP://WWW.AUSTRAL.EDU.AR/BIBLIOTECA,1,66.0,True
539,BIBLIOTECA CENTRAL UNIVERSIDAD DE AUSTRAL,BIBLIOTECA,UNIVERSITARIA Y/O CIENTIFICO TECNICA,complementario,False,1,RETIRO,"CERRITO 1250, CABA",-34.593508,-58.382929,,0.0,WWW.AUSTRAL.EDU.AR/BIBLIOTECA/BIBLIOTECA-FCB/,1,89.0,True
540,BIBLIOTECA CENTRAL UNIVERSIDAD DE PALERMO,BIBLIOTECA,UNIVERSITARIA Y/O CIENTIFICO TECNICA,complementario,False,14,PALERMO,"BRAVO, MARIO 1050, CABA",-34.597323,-58.415844,,0.0,HTTPS://WWWS.PALERMO.EDU/INTRANET/BIBLIOTECA/INDEX.HTML?,1,61.0,True
543,BIBLIOTECA CENTRO LINCOLN,BIBLIOTECA,COMUNITARIA Y/O EXTRANJERA,complementario,False,1,SAN NICOLAS,"MAIPU 686, CABA",-34.600269,-58.376835,,0.0,WWW.BCL.EDU.AR,1,253.0,False
544,BIBLIOTECA CI-CEDES,BIBLIOTECA,UNIVERSITARIA Y/O CIENTIFICO TECNICA,complementario,False,3,BALVANERA,"SANCHEZ DE BUSTAMANTE 27, CABA",-34.610368,-58.414457,,0.0,WWW.CEDES.ORG,1,137.0,True
545,BIBLIOTECA CIPYP,BIBLIOTECA,UNIVERSITARIA Y/O CIENTIFICO TECNICA,complementario,False,2,RECOLETA,"CORDOBA AV. 2351, CABA",-34.59945,-58.400643,,0.0,HTTP://WWW.CIPYP.NETFIRMS.COM/,1,15.0,True
546,BIBLIOTECA CIRCE (ANEXO GALVEZ),BIBLIOTECA,DGLB-GCBA,complementario,False,1,SAN NICOLAS,"CORDOBA AV. 1558, CABA",-34.599491,-58.389138,,0.0,https://www.buenosaires.gob.ar/cultura/bibliotecas,1,9.0,True
548,BIBLIOTECA CNL MANUEL JOSE OLASCOAGA,BIBLIOTECA,ESPECIALIZADA GUBERNAMENTAL,complementario,False,14,PALERMO,"CABILDO AV. 381, CABA",-34.573165,-58.438589,,0.0,WWW.IGN.GOB.AR/BIBLIO/,1,173.0,False
550,BIBLIOTECA COMISION NACIONAL DE COMERCIO EXTERIOR (CNCE),BIBLIOTECA,ESPECIALIZADA GUBERNAMENTAL,complementario,False,1,MONSERRAT,"PASEO COLON AV. 275, CABA",-34.610899,-58.369831,,0.0,WWW.MECON.GOV.AR/CNCE/BIBLIO/IC_BIBLIO_CENTROINFO.HTM,1,120.0,True
551,BIBLIOTECA COMISION NACIONAL DE DEFENSA DE LA COMPETENCIA,BIBLIOTECA,ESPECIALIZADA GUBERNAMENTAL,complementario,False,1,MONSERRAT,"ROCA, JULIO A., PRESIDENTE DIAGONAL SUR AV. 651, CABA",-34.610975,-58.375718,,0.0,HTTP://WWW.MECON.GOV.AR/CNDC,1,64.0,True
552,BIBLIOTECA CONFEDERACION DE TRABAJADORES DE LA EDUCACION DE LA REPUBLICA ARGENTINA - CTERA EL CENTRO MIEMBRO DE CLACSO ES LA ESCUELA MARINA VILTE FORMACION PEDAGOGICA Y SINDICAL-EMV.,BIBLIOTECA,SINDICAL,complementario,False,1,SAN TELMO,"CHILE 654, CABA",-34.61617,-58.375335,,0.0,HTTP://WWW.CTERA.ORG.AR/A_BIBLIOTECA.SHTML,1,8.0,True
553,BIBLIOTECA CONGRESO DE LA NACION,BIBLIOTECA,GENERAL,complementario,False,1,MONSERRAT,"YRIGOYEN, HIPOLITO AV. 1750, CABA",-34.610301,-58.39093,,0.0,WWW.BCNBIB.GOV.AR,1,125.0,True
554,BIBLIOTECA CONICET - CENTRO ARGENTINO DE ETNOLOGIA AMERICANA,BIBLIOTECA,UNIVERSITARIA Y/O CIENTIFICO TECNICA,complementario,False,1,MONSERRAT,"DE MAYO AV. 1437, CABA",-34.609331,-58.386652,,0.0,HTTP://ABEST.SECYT.GOV.AR/SECYT/ENGLISH/CONICET/CENTROS/_098.HTM,1,198.0,False
555,BIBLIOTECA CONICET - CENTRO DE INVESTIGACIONES Y ESTUDIOS ORTOPEDICOS Y TRAUMATOLOGICOS,BIBLIOTECA,UNIVERSITARIA Y/O CIENTIFICO TECNICA,complementario,False,3,BALVANERA,"PERON, JUAN DOMINGO, TTE. GENERAL 2158, CABA",-34.607246,-58.397291,,0.0,HTTP://WWW.CONICET.GOV.AR/WEBUE/CIIPME/INDEX.HTM,1,12.0,True
556,BIBLIOTECA CPAU,BIBLIOTECA,UNIVERSITARIA Y/O CIENTIFICO TECNICA,complementario,False,1,SAN NICOLAS,"25 DE MAYO 486, CABA",-34.602195,-58.371203,,0.0,WWW.CPAU.ORG. OPCIÃƒâ€˜N SERVICIOS AL MATRICULADO / BIBLIOTECA,1,96.0,True
557,BIBLIOTECA DE CATALOGO LATINDEX,BIBLIOTECA,UNIVERSITARIA Y/O CIENTIFICO TECNICA,complementario,False,3,BALVANERA,"SAAVEDRA 15, CABA",-34.610276,-58.403367,,0.0,HTTP://WWW.CAICYT.GOV.AR/LATINDEX/,1,109.0,True
558,BIBLIOTECA DE CIENCIAS SOCIALES,BIBLIOTECA,UNIVERSITARIA Y/O CIENTIFICO TECNICA,complementario,False,3,BALVANERA,"YRIGOYEN, HIPOLITO 2441, CABA",-34.610906,-58.40082,,0.0,HTTP://WWW.SALVADOR.EDU.AR/VRID/BIBLIOTECA/,1,135.0,True
559,BIBLIOTECA DE LA ACADEMIA NACIONAL DE CIENCIAS EXACTAS FISICAS Y NATURALES,BIBLIOTECA,UNIVERSITARIA Y/O CIENTIFICO TECNICA,complementario,False,2,RECOLETA,"ALVEAR 1711, CABA",-34.588996,-58.387148,,0.0,WWW.ANCEFN.ORG.AR,1,141.0,True
560,BIBLIOTECA DE LA ACADEMIA NACIONAL DE LA HISTORIA,BIBLIOTECA,UNIVERSITARIA Y/O CIENTIFICO TECNICA,complementario,False,1,MONSERRAT,"BALCARCE 139, CABA",-34.609847,-58.370747,,0.0,HTTP://WWW.AN-HISTORIA.ORG.AR,1,25.0,True
561,BIBLIOTECA DE LA ASESORIA JURIDICA DE LA ARMADA,BIBLIOTECA,ESPECIALIZADA GUBERNAMENTAL,complementario,False,1,RETIRO,"PY, COMODORO AV. 2055, CABA",-34.588518,-58.368931,,0.0,,1,323.0,False
562,BIBLIOTECA DE LA DEFENSA GENERALA JUANA AZURDUY,BIBLIOTECA,ESPECIALIZADA GUBERNAMENTAL,complementario,False,1,MONSERRAT,"AZOPARDO 350, CABA",-34.61166,-58.367928,,0.0,,1,13.0,True
563,BIBLIOTECA DE LA DIRECCION DE INVESTIGACION. DESARROLLO Y PRODUCCION,BIBLIOTECA,ESPECIALIZADA GUBERNAMENTAL,complementario,False,1,MONSERRAT,"AZOPARDO 350, CABA",-34.61166,-58.367928,,0.0,,1,13.0,True
564,BIBLIOTECA DE LA DIRECCION DE SANIDAD DEL EJERCITO,BIBLIOTECA,ESPECIALIZADA GUBERNAMENTAL,complementario,False,4,PARQUE PATRICIOS,"15 DE NOVIEMBRE DE 1889 1932, CABA",-34.63179,-58.391736,,0.0,,1,7.0,True
565,BIBLIOTECA DE LA DIRECCION DE UNIDADES NAVALES,BIBLIOTECA,ESPECIALIZADA GUBERNAMENTAL,complementario,False,1,RETIRO,"PY, COMODORO AV. 2055, CABA",-34.588518,-58.368931,,0.0,HTTP://WWW.ARA.MIL.AR/PAG.ASP?IDITEM=440,1,323.0,False
566,BIBLIOTECA DE LA DIRECCION GENERAL DE ASUNTOS JURIDICOS,BIBLIOTECA,ESPECIALIZADA GUBERNAMENTAL,complementario,False,1,MONSERRAT,"BALCARCE 50, CABA",-34.608107,-58.370769,,0.0,,1,200.0,False
567,BIBLIOTECA DE LA DIRECCION NACIONAL DE AERONAVEGABILIDAD,BIBLIOTECA,ESPECIALIZADA GUBERNAMENTAL,complementario,False,2,RECOLETA,"JUNIN 1060, CABA",-34.596443,-58.397519,,0.0,WWW.DNA.ORG.AR,1,86.0,True
568,BIBLIOTECA DE LA ESCUELA DE GUERRA NAVAL,BIBLIOTECA,ESPECIALIZADA GUBERNAMENTAL,complementario,False,1,RETIRO,"ANTARTIDA ARGENTINA AV. 1201, CABA",-34.587109,-58.37166,,0.0,WWW.ESGN.EDU.AR,1,224.0,False
569,BIBLIOTECA DE LA ESCUELA NACIONAL DE INTELIGENCIA,BIBLIOTECA,ESPECIALIZADA GUBERNAMENTAL,complementario,False,1,RETIRO,"LIBERTAD 1235, CABA",-34.593913,-58.384394,,0.0,,1,58.0,True
570,BIBLIOTECA DE LA PROCURACION GENERAL DE LA NACION,BIBLIOTECA,ESPECIALIZADA GUBERNAMENTAL,complementario,False,1,MONSERRAT,"DE MAYO AV. 760, CABA",-34.608838,-58.377185,,0.0,HTTP://WWW.MPF.GOB.AR/BIBLIOTECA/CONSULTA-AL-BIBLIOTECARIO/,1,183.0,False
571,BIBLIOTECA DE LOS RECURSOS HIDRICOS DE LA REPUBLICA ARGENTINA,BIBLIOTECA,ESPECIALIZADA GUBERNAMENTAL,complementario,False,1,SAN NICOLAS,"SAN MARTIN 320, CABA",-34.604221,-58.373841,,0.0,HTTP://WWW.HIDRICOSARGENTINA.GOV.AR/BIBLIOTECA/INDEX.HTML,1,11.0,True
573,BIBLIOTECA DE MUSICA BLAS PARERA,BIBLIOTECA,ARTISTICA,complementario,False,1,SAN NICOLAS,"LAVALLE 1547, CABA",-34.602891,-58.388647,,0.0,WWW.SADAIC.ORG.AR,1,75.0,True
575,BIBLIOTECA DEL ALMA MATER STUDIORUM,BIBLIOTECA,UNIVERSITARIA Y/O CIENTIFICO TECNICA,complementario,False,2,RECOLETA,"RODRIGUEZ PENA 1464, CABA",-34.592844,-58.391233,,0.0,HTTP://WWW.BA.UNIBO.IT/BUENOSAIRES/BIBLIOTECA/INFORMACION/DEFAULT.HTM,1,118.0,True
576,BIBLIOTECA DEL CENTRO ARGENTINO DE DATOS OCEANOGRAFICOS,BIBLIOTECA,ESPECIALIZADA GUBERNAMENTAL,complementario,False,4,BARRACAS,"MONTES DE OCA, MANUEL AV. 2124, CABA",-34.651367,-58.371328,,0.0,WWW.CEADO.GOB.AR/,1,340.0,False
577,BIBLIOTECA DEL CENTRO DE ESTUDIOS LATINOAMERICANOS - CEL,BIBLIOTECA,UNIVERSITARIA Y/O CIENTIFICO TECNICA,complementario,False,1,SAN NICOLAS,"PARANA 145, CABA",-34.607182,-58.387739,,0.0,,1,73.0,True
578,BIBLIOTECA DEL DOCENTE,BIBLIOTECA,ESPECIALIZADA GUBERNAMENTAL,complementario,False,3,SAN CRISTOBAL,"ENTRE RIOS AV. 1349, CABA",-34.624604,-58.391482,,0.0,WWW.BIBLEDUC.GOV.AR/AREAS/EDUCACION/BIBLEDUC/INDEX.PHP,1,71.0,True
579,BIBLIOTECA DEL FUTBOL ARGENTINO,BIBLIOTECA,ARTISTICA,complementario,False,1,SAN NICOLAS,"VIAMONTE 1366, CABA",-34.6006,-58.386246,,0.0,HTTP://BIBLIOTECA.AFA.ORG.AR/BIBLIOTECA.HTML,1,124.0,True
581,BIBLIOTECA DEL IAM ELIAS A. DE CESARE,BIBLIOTECA,UNIVERSITARIA Y/O CIENTIFICO TECNICA,complementario,False,3,BALVANERA,"SAAVEDRA 15, CABA",-34.610276,-58.403367,,0.0,HTTP://WWW.IAM.CONICET.GOV.AR/,1,109.0,True
582,BIBLIOTECA DEL IMHICIHU,BIBLIOTECA,UNIVERSITARIA Y/O CIENTIFICO TECNICA,complementario,False,3,BALVANERA,"SAAVEDRA 15, CABA",-34.610276,-58.403367,,0.0,HTTP://WWW.IMHICIHU-CONICET.GOV.AR/,1,109.0,True
583,BIBLIOTECA DEL INSTITUTO ARGENTINO DEL ENVASE,BIBLIOTECA,ESPECIALIZADA EMPRESARIAL,complementario,False,3,BALVANERA,"JUJUY AV. 425, CABA",-34.61502,-58.404909,,0.0,HTTP://WWW.PACKAGING.COM.AR/HOME/INDEX2.PHP,1,235.0,False
584,BIBLIOTECA DEL INSTITUTO DE ALTOS ESTUDIOS SOCIALES - IDAES,BIBLIOTECA,UNIVERSITARIA Y/O CIENTIFICO TECNICA,complementario,False,1,SAN NICOLAS,"PARANA 145, CABA",-34.607182,-58.387739,,0.0,LÃƒÂ BRYS - BIBLIOTECAS UNSAM,1,73.0,True
587,BIBLIOTECA DEL INSTITUTO DE ECONOMIA - INTA. INSTITUTO DE ECONOMIA,BIBLIOTECA,ESPECIALIZADA GUBERNAMENTAL,complementario,False,1,MONSERRAT,"RIVADAVIA AV. 1250, CABA",-34.608658,-58.384182,,0.0,WWW.INTA.GOV.AR,1,256.0,False
588,BIBLIOTECA DEL INSTITUTO DE ECONOMIA Y SOCIOLOGIA,BIBLIOTECA,ESPECIALIZADA GUBERNAMENTAL,complementario,False,14,PALERMO,"CERVINO AV. 3101, CABA",-34.581752,-58.404511,,0.0,WWW.INTA.GOV.AR/IES,1,65.0,True
589,BIBLIOTECA DEL INSTITUTO DE HISTORIA MILITAR ARGENTINA,BIBLIOTECA,ESPECIALIZADA GUBERNAMENTAL,complementario,False,1,MONSERRAT,"DEFENSA 628, CABA",-34.615241,-58.371738,,0.0,WWW.EJERCITO.MIL.AR/IHMA/INDEX.HTML,1,130.0,True
590,BIBLIOTECA DEL INSTITUTO DE INTELIGENCIA DE LAS FUERZAS ARMADAS,BIBLIOTECA,ESPECIALIZADA GUBERNAMENTAL,complementario,False,14,PALERMO,"CABILDO AV. 381, CABA",-34.573165,-58.438589,,0.0,,1,173.0,False
593,BIBLIOTECA DEL ISER,BIBLIOTECA,ESPECIALIZADA GUBERNAMENTAL,complementario,False,1,RETIRO,"ESMERALDA 1212, CABA",-34.593747,-58.378606,,0.0,,1,39.0,True
595,BIBLIOTECA DEL SERVICIO METEOROLOGICO NACIONAL ARGENTINO,BIBLIOTECA,ESPECIALIZADA GUBERNAMENTAL,complementario,False,1,SAN NICOLAS,"25 DE MAYO 658, CABA",-34.600084,-58.371386,,0.0,WWW.METEOFA.MIL.AR,1,182.0,False
596,BIBLIOTECA DEPARTAMENTO ARTES DRAMATICAS - UNA,BIBLIOTECA,UNIVERSITARIA Y/O CIENTIFICO TECNICA,complementario,False,14,PALERMO,"FRENCH 3614, CABA",-34.583101,-58.411694,,0.0,DRAMATICAS.UNA.EDU.AR/CONTENIDOS/BIBLIOTECA_13016,1,125.0,True
597,BIBLIOTECA DIGITAL DE LOS TRABAJADORES ARGENTINOS,BIBLIOTECA,SINDICAL,complementario,False,1,CONSTITUCION,"PIEDRAS 1065, CABA",-34.620497,-58.377281,,0.0,HTTP://WWW.BIBLIOTECACTA.ORG.AR/,1,127.0,True
598,BIBLIOTECA DIGITAL-CATALOGO IDAES EN UNSAM,BIBLIOTECA,UNIVERSITARIA Y/O CIENTIFICO TECNICA,complementario,False,1,SAN NICOLAS,"SAENZ PENA, ROQUE, PRES. DIAGONAL NORTE AV. 832, CABA",-34.605419,-58.37841,,0.0,HTTP://WWW.BIBLIOTECA.NO-IP.COM/PERGAMO/UNSAM/CGI-BIN/PGOPAC.CGI?FORM?DEFAULT,1,72.0,True
599,BIBLIOTECA DIRECCION GENERAL DE RENTAS. GOBIERNO DE LA CIUDAD DE BUENOS AIRES,BIBLIOTECA,ESPECIALIZADA GUBERNAMENTAL,complementario,False,1,SAN NICOLAS,"VIAMONTE 872, CABA",-34.600153,-58.379278,,0.0,HTTP://WWW.AGIP.GOB.AR/WEB/INDEX.HTM,1,36.0,True
601,BIBLIOTECA DR RAFAEL PAURICI,BIBLIOTECA,UNIVERSITARIA Y/O CIENTIFICO TECNICA,complementario,False,1,MONSERRAT,"MORENO 909, CABA",-34.611716,-58.379214,,0.0,HTTP://WWW.ALERGIA.ORG.AR,1,14.0,True
602,BIBLIOTECA DR. JUAN BIALET MASSE,BIBLIOTECA,ESPECIALIZADA GUBERNAMENTAL,complementario,False,1,SAN NICOLAS,"25 DE MAYO 637, CABA",-34.600347,-58.371279,,0.0,,1,175.0,False
604,BIBLIOTECA DR. JUAN CARLOS FAUVETY,BIBLIOTECA,UNIVERSITARIA Y/O CIENTIFICO TECNICA,complementario,False,2,RECOLETA,"LAS HERAS GENERAL AV. 2900, CABA",-34.583547,-58.402161,,0.0,WWW.CEMIC.EDU.AR,1,176.0,False
605,BIBLIOTECA DR. LAUREANO RIVAS MIGUEZ,BIBLIOTECA,UNIVERSITARIA Y/O CIENTIFICO TECNICA,complementario,False,2,RECOLETA,"GALLO 1330, CABA",-34.594526,-58.410732,,0.0,WWW.GUTI.GOV.AR/BIBLIO/INICIO.HTM,1,76.0,True
607,BIBLIOTECA DR. MARTIN NICANOR GOICOA,BIBLIOTECA,ESPECIALIZADA GUBERNAMENTAL,complementario,False,3,BALVANERA,"RIVADAVIA AV. 1850, CABA",-34.60922,-58.392658,,0.0,HTTP://WWW.BCNBIB.GOV.AR/LEGISLADORES/INDEX.HTM,1,259.0,False
608,BIBLIOTECA DR. RAUL H. CASTAGNINO,BIBLIOTECA,UNIVERSITARIA Y/O CIENTIFICO TECNICA,complementario,False,1,SAN NICOLAS,"25 DE MAYO 217, CABA",-34.60502,-58.370931,,0.0,WWW.FILO.UBA.AR/CONTENIDOS/INVESTIGACION/INSTITUTOS/ARTESP/HOME.HTM,1,86.0,True
610,BIBLIOTECA ELECTONICA DE CIENCIA Y TECNOLOGIA -,BIBLIOTECA,ESPECIALIZADA GUBERNAMENTAL,complementario,False,14,PALERMO,"GODOY CRUZ 2320, CABA",-34.582612,-58.428722,,0.0,,1,1.0,True
611,BIBLIOTECA EMBAJADA ECUADOR,BIBLIOTECA,COMUNITARIA Y/O EXTRANJERA,complementario,False,2,RECOLETA,"QUINTANA, MANUEL, PRES. AV. 585, CABA",-34.587793,-58.390545,,0.0,HTTP://ARGENTINA.EMBAJADA.GOB.EC/ES/,1,305.0,False
612,BIBLIOTECA EMBAJADA EEUU (IRC),BIBLIOTECA,COMUNITARIA Y/O EXTRANJERA,complementario,False,14,PALERMO,"AV. COLOMBIA 4300, CABA",-34.57658015,-58.41866225,,0.0,HTTP://SPANISH.ARGENTINA.USEMBASSY.GOV/RESOURCES.HTML,1,153.0,False
613,BIBLIOTECA EMBAJADOR LEOPOLDO H. TETTAMANTI,BIBLIOTECA,ESPECIALIZADA GUBERNAMENTAL,complementario,False,1,MONSERRAT,"ROCA, JULIO A., PRESIDENTE DIAGONAL SUR AV. 651, CABA",-34.610975,-58.375718,,0.0,WWW.PRODUCCION.GOB.AR/BIBLIOTECA-EMBAJADOR-LEOPOLDO-H-TETTAMANTI,1,64.0,True
614,BIBLIOTECA EMILIO FRERS,BIBLIOTECA,UNIVERSITARIA Y/O CIENTIFICO TECNICA,complementario,False,1,SAN NICOLAS,"CORRIENTES AV. 1723, CABA",-34.604284,-58.391316,,0.0,WWW.UMSA.EDU.AR/SERVICIOS/BIBLIOTECA1.PHP,1,13.0,True
615,BIBLIOTECA ENRIQUE BANCHS (INFANTO JUVENIL),BIBLIOTECA,DGLB-GCBA,complementario,False,4,PARQUE PATRICIOS,"CASEROS AV. 3100, CABA",-34.637518,-58.40743,,0.0,https://www.buenosaires.gob.ar/cultura/bibliotecas,1,131.0,True
616,BIBLIOTECA ENRIQUE PRINS,BIBLIOTECA,UNIVERSITARIA Y/O CIENTIFICO TECNICA,complementario,False,1,PUERTO MADERO,"ESPANA AV. 1701, CABA",-34.618044,-58.356544,,0.0,,1,15.0,True
617,BIBLIOTECA ESCRIBANIA GENERAL DE LA NACION,BIBLIOTECA,ESPECIALIZADA GUBERNAMENTAL,complementario,False,1,SAN NICOLAS,"URUGUAY AV. 637, CABA",-34.6014,-58.386624,,0.0,,1,29.0,True
618,BIBLIOTECA ESCUELA SUPERIOR DE GUERRA TENIENTE GENERAL LUIS M. CAMPOS - EJERCITO NACIONAL - MINISTERIO DE DEFENSA,BIBLIOTECA,ESPECIALIZADA GUBERNAMENTAL,complementario,False,14,PALERMO,"MIGUELETES 560, CABA",-34.567705,-58.432034,,0.0,,1,126.0,True
620,BIBLIOTECA ESTADO MAYOR CONJUNTO DE LAS FUERZAS ARMADAS - MINISTERIO DE DEFENSA,BIBLIOTECA,ESPECIALIZADA GUBERNAMENTAL,complementario,False,1,MONSERRAT,"PASEO COLON AV. 255, CABA",-34.610675,-58.369832,,0.0,WWW.VICYT.CAICYT.GOV.AR,1,102.0,True
622,BIBLIOTECA EVARISTO CARRIEGO,BIBLIOTECA,DGLB-GCBA,complementario,False,14,PALERMO,"HONDURAS AV. 3784, CABA",-34.594145,-58.416114,,0.0,https://www.buenosaires.gob.ar/cultura/bibliotecas,1,157.0,False
623,BIBLIOTECA EZEQUIEL MARTINEZ ESTRADA,BIBLIOTECA,UNIVERSITARIA Y/O CIENTIFICO TECNICA,complementario,False,1,MONSERRAT,"BELGRANO AV. 1720, CABA",-34.613834,-58.390696,,0.0,WWW.FAVALORO.EDU.AR/BEME,1,158.0,False
624,BIBLIOTECA FEDERICO CLERICI,BIBLIOTECA,UNIVERSITARIA Y/O CIENTIFICO TECNICA,complementario,False,2,RECOLETA,"PARAGUAY 1401, CABA",-34.598257,-58.387114,,0.0,WWW.UCES.EDU.AR/BIBLIOTECA,1,117.0,True
625,BIBLIOTECA FINOCHIETTO,BIBLIOTECA,UNIVERSITARIA Y/O CIENTIFICO TECNICA,complementario,False,3,BALVANERA,"TUCUMAN 1845, CABA",-34.601983,-58.39335,,0.0,,1,6.0,True
627,BIBLIOTECA GENERAL BELGRANO,BIBLIOTECA,ESPECIALIZADA GUBERNAMENTAL,complementario,False,14,PALERMO,"CAMPOS, LUIS M. AV. 480, CABA",-34.572138,-58.433827,,0.0,,1,489.0,False
628,BIBLIOTECA GENERAL DE DIVISION JOAQUIN VIEJOBUENO,BIBLIOTECA,ESPECIALIZADA GUBERNAMENTAL,complementario,False,1,MONSERRAT,"MEXICO 350, CABA",-34.614825,-58.371299,,0.0,,1,172.0,False
630,BIBLIOTECA GOETHE INSTITUT BUENOS AIRES,BIBLIOTECA,COMUNITARIA Y/O EXTRANJERA,complementario,False,1,SAN NICOLAS,"CORRIENTES AV. 319, CABA",-34.603005,-58.371602,,0.0,WWW.GOETHE.DE/INS/AR/BUE/WIS/BIB/ESINDEX.HTM,1,10.0,True
631,BIBLIOTECA GRL DIV (R) D JUAN ENRIQUE GUGLIALMELLI,BIBLIOTECA,ESPECIALIZADA GUBERNAMENTAL,complementario,False,1,SAN NICOLAS,"MAIPU 262, CABA",-34.605127,-58.376603,,0.0,WWW.MINDEF.GOV.AR/EDN.HTM,1,52.0,True
632,BIBLIOTECA HEROES DE MALVINAS,BIBLIOTECA,ESPECIALIZADA GUBERNAMENTAL,complementario,False,2,RECOLETA,"PARAGUAY 2652, CABA",-34.597152,-58.40587,,0.0,WWW.MUTUALDELCIRCULO.COM.AR/BIBLIOTECA.HTML,1,63.0,True
634,BIBLIOTECA HORACIO ALONSO,BIBLIOTECA,COMUNITARIA Y/O EXTRANJERA,complementario,False,14,PALERMO,"CABRERA, JOSE A. 6022, CABA",-34.582446,-58.442642,,0.0,,1,132.0,True
635,BIBLIOTECA HORACIO BUTLER,BIBLIOTECA,ARTISTICA,complementario,False,14,PALERMO,"SANCHEZ DE BUSTAMANTE 2663, CABA",-34.582665,-58.401706,,0.0,WWW.ANBA.ORG.AR,1,71.0,True
636,BIBLIOTECA HOSPITAL MILITAR CENTRAL CIRCULAR MILITAR DR. COSME ARGERICH - EJERCITO NACIONAL - MINISTERIO DE DEFENSA,BIBLIOTECA,ESPECIALIZADA GUBERNAMENTAL,complementario,False,14,PALERMO,"CAMPOS, LUIS M. AV. 726, CABA",-34.570405,-58.435688,,0.0,,1,564.0,False
638,BIBLIOTECA ING. LUIS A. HUERGO,BIBLIOTECA,UNIVERSITARIA Y/O CIENTIFICO TECNICA,complementario,False,1,RETIRO,"CERRITO 1250, CABA",-34.593508,-58.382929,,0.0,HTTP://WWW.CAI.ORG.AR/BIBLIOTECA,1,89.0,True
640,BIBLIOTECA INSTITUTO DE INVESTIGACIONES DE HISTORIA DEL DERECHO,BIBLIOTECA,UNIVERSITARIA Y/O CIENTIFICO TECNICA,complementario,False,1,MONSERRAT,"DE MAYO AV. 1480, CABA",-34.609494,-58.386732,,0.0,HTTP://WWW.INHIDE.COM.AR/,1,181.0,False
641,BIBLIOTECA INSTITUTO NACIONAL DE MUSICOLOGIA CARLOS VEGA.,BIBLIOTECA,ARTISTICA,complementario,False,1,MONSERRAT,"MEXICO 564, CABA",-34.614932,-58.374114,,0.0,WWW.INMUVEGA.GOV.AR/INMUVEGA/BIBLIOTE.HTM?,1,85.0,True
643,BIBLIOTECA JOAQUIN V. GONZALEZ (CON ANEXO INFANTIL),BIBLIOTECA,DGLB-GCBA,complementario,False,4,BOCA,"SUAREZ 408, CABA",-34.635421,-58.359043,,0.0,https://www.buenosaires.gob.ar/cultura/bibliotecas,1,133.0,True
644,BIBLIOTECA JOSE A. NEGRI,BIBLIOTECA,UNIVERSITARIA Y/O CIENTIFICO TECNICA,complementario,False,2,RECOLETA,"CALLAO AV. 1542, CABA",-34.591321,-58.391548,,0.0,WWW.COLEGIO-ESCRIBANOS.ORG.AR,1,251.0,False
648,BIBLIOTECA JUAN B. ALBERDI,BIBLIOTECA,UNIVERSITARIA Y/O CIENTIFICO TECNICA,complementario,False,1,SAN NICOLAS,"MONTEVIDEO 640, CABA",-34.601444,-58.389602,,0.0,,1,10.0,True
649,BIBLIOTECA JUAN BAUTISTA ALBERDI,BIBLIOTECA,ESPECIALIZADA GUBERNAMENTAL,complementario,False,1,RETIRO,"MADERO, EDUARDO AV. 1020, CABA",-34.595819,-58.370655,,0.0,WWW.ENRE.GOV.AR/WEB/WEB.NSF,1,143.0,True
650,BIBLIOTECA JUAN MARIA BECCI,BIBLIOTECA,GENERAL,complementario,False,1,MONSERRAT,"DE MAYO AV. 1401, CABA",-34.609311,-58.386366,,0.0,,1,198.0,False
653,BIBLIOTECA JURIDICA,BIBLIOTECA,ESPECIALIZADA GUBERNAMENTAL,complementario,False,1,SAN NICOLAS,"LAVALLE 1554, CABA",-34.603026,-58.388801,,0.0,HTP//WWW.PJN.GOV.AR,1,60.0,True
654,BIBLIOTECA JUSTICIA DE FALTAS. SUBSECRETARIA DE INFORMACION LEGISLATIVA Y JURISPRUDENCIAL,BIBLIOTECA,ESPECIALIZADA GUBERNAMENTAL,complementario,False,1,SAN NICOLAS,"PELLEGRINI, CARLOS 291, CABA",-34.605502,-58.380817,,0.0,,1,65.0,True
655,BIBLIOTECA LA PRENSA,BIBLIOTECA,DGLB-GCBA,complementario,False,4,PARQUE PATRICIOS,"PAZ, JOSE C. 3300, CABA",-34.64484,-58.408253,,0.0,https://www.buenosaires.gob.ar/cultura/bibliotecas,1,129.0,True
657,BIBLIOTECA LABORATORIOS ALCON CARLOS S. DAMEL,BIBLIOTECA,ESPECIALIZADA EMPRESARIAL,complementario,False,1,SAN NICOLAS,"PERON, JUAN DOMINGO, TTE. GENERAL 725, CABA",-34.605813,-58.376865,,0.0,HTTP://WWW.OFTALMOLOGOS.ORG.AR,1,126.0,True
659,BIBLIOTECA MANUEL BELGRANO,BIBLIOTECA,ESPECIALIZADA GUBERNAMENTAL,complementario,False,1,RETIRO,"ANTARTIDA ARGENTINA AV. 1535, CABA",-34.583316,-58.372988,,0.0,WWW.ESCUELADENAUTICA.EDU.AR,1,255.0,False
661,BIBLIOTECA MANUEL GALVEZ,BIBLIOTECA,DGLB-GCBA,complementario,False,1,SAN NICOLAS,"CORDOBA AV. 1558, CABA",-34.599491,-58.389138,,0.0,https://www.buenosaires.gob.ar/cultura/bibliotecas,1,9.0,True
662,BIBLIOTECA MANUEL NICOLAS SAVIO,BIBLIOTECA,ESPECIALIZADA GUBERNAMENTAL,complementario,False,14,PALERMO,"CABILDO AV. 65, CABA",-34.57415,-58.436562,,0.0,WWW.INGENIERIAEST.IESE.EDU.AR,1,194.0,False
664,BIBLIOTECA MARISEL MONTOTO RODRIGUEZ,BIBLIOTECA,UNIVERSITARIA Y/O CIENTIFICO TECNICA,complementario,False,1,MONSERRAT,"DE MAYO AV. 866, CABA",-34.608944,-58.378736,,0.0,WWW.CAECE.EDU.AR/BIBLIOTECA.HTM,1,42.0,True
665,BIBLIOTECA MARTIN DEL BARCO CENTENERA - ANEXO INFANTIL ANTOINE DE SAINT-EXUPURY - ANEXO BIBLIOTECA DE LA MUJER ALFONSINA STORNI,BIBLIOTECA,DGLB-GCBA,complementario,False,1,MONSERRAT,"REPUBLICA BOLIVARIANA DE VENEZUELA 1538, CABA",-34.614718,-58.388141,,0.0,https://www.buenosaires.gob.ar/cultura/bibliotecas,1,76.0,True
666,BIBLIOTECA MARTIN VAZQUEZ VIGO,BIBLIOTECA,UNIVERSITARIA Y/O CIENTIFICO TECNICA,complementario,False,2,RECOLETA,"PACHECO DE MELO, JOSE ANDRES 2034, CABA",-34.590696,-58.395264,,0.0,WWW.MEDMUN.ORG.AR,1,176.0,False
667,BIBLIOTECA MEDICA,BIBLIOTECA,ESPECIALIZADA EMPRESARIAL,complementario,False,4,BARRACAS,"PERDRIEL 74, CABA",-34.63479,-58.38798,,0.0,,1,27.0,True
668,BIBLIOTECA MEDICA DEL HOSPITAL ALEMAN,BIBLIOTECA,UNIVERSITARIA Y/O CIENTIFICO TECNICA,complementario,False,2,RECOLETA,"PUEYRREDON AV. 1640, CABA",-34.591949,-58.401328,,0.0,HTTP://WWW.HOSPITALALEMAN.COM,1,124.0,True
670,BIBLIOTECA MINISTERIO DE CULTURA Y EDUCACION. SECRETARIA DE CULTURA. INSTITUTO NACIONAL DE ESTUDIOS DE TEATRO,BIBLIOTECA,ESPECIALIZADA GUBERNAMENTAL,complementario,False,1,RETIRO,"CORDOBA AV. 1199, CABA",-34.59907,-58.383923,,0.0,,1,14.0,True
671,"BIBLIOTECA MINISTERIO DEL INTERIOR, OBRAS PUBLICAS Y VIVIENDA DE LA NACION",BIBLIOTECA,ESPECIALIZADA GUBERNAMENTAL,complementario,False,1,SAN NICOLAS,"25 DE MAYO 179, CABA",-34.605666,-58.370885,,0.0,,1,156.0,False
672,BIBLIOTECA MINISTERIO PUBLICO DE DEFENSA,BIBLIOTECA,ESPECIALIZADA GUBERNAMENTAL,complementario,False,2,RECOLETA,"CALLAO AV. 970, CABA",-34.597704,-58.393258,,0.0,,1,53.0,True
673,BIBLIOTECA MONSENOR VICENTE F. ZARPE,BIBLIOTECA,ESPECIALIZADA EMPRESARIAL,complementario,False,3,BALVANERA,"RIVADAVIA AV. 2258, CABA",-34.609705,-58.398417,,0.0,HTTP://WWW.UDEMM.EDU.AR/INDEX.PHP?OPTION=COM_CONTENT&TASK=VIEW&ID=76&ITEMID=40,1,76.0,True
674,BIBLIOTECA MUSEO MITRE - MINISTERIO DE CULTURA DE LA NACION,BIBLIOTECA,HISTORICA,complementario,False,1,SAN NICOLAS,"SAN MARTIN 336, CABA",-34.604075,-58.373849,,0.0,WWW.MUSEOMITRE.GOV.AR,1,7.0,True
676,BIBLIOTECA MY EUGENIO AVELINO PADORNO,BIBLIOTECA,ESPECIALIZADA GUBERNAMENTAL,complementario,False,4,NUEVA POMPEYA,"VEGA, VENTURA DE LA 3697, CABA",-34.652977,-58.411912,,0.0,,1,433.0,False
677,BIBLIOTECA NACIONAL DE AERONAUTICA,BIBLIOTECA,ESPECIALIZADA GUBERNAMENTAL,complementario,False,1,RETIRO,"PARAGUAY 748, CABA",-34.597653,-58.377454,,0.0,WWW.BINAE.ORG.AR,1,150.0,True
678,BIBLIOTECA NACIONAL DE MAESTROS,BIBLIOTECA,ESPECIALIZADA GUBERNAMENTAL,complementario,False,2,RECOLETA,"PIZZURNO 953, CABA",-34.597906,-58.391207,,0.0,,1,78.0,True
679,BIBLIOTECA NACIONAL MILITAR,BIBLIOTECA,ESPECIALIZADA GUBERNAMENTAL,complementario,False,1,RETIRO,"SANTA FE AV. 750, CABA",-34.595558,-58.377332,,0.0,WWW.CIRCULOMILITAR.ORG.,1,82.0,True
682,BIBLIOTECA OFICINA DE LA OIT EN ARGENTINA.,BIBLIOTECA,UNIVERSITARIA Y/O CIENTIFICO TECNICA,complementario,False,1,SAN NICOLAS,"CORDOBA AV. 950, CABA",-34.599088,-58.380689,,0.0,WWW.OIT.ORG.AR/PAGINA.PHP?SECCION=120&PAGINA=293,1,9.0,True
683,BIBLIOTECA PARA OBREROS EVA PERON,BIBLIOTECA,SINDICAL,complementario,False,1,SAN TELMO,"AZOPARDO 802, CABA",-34.617106,-58.367304,,0.0,NO TIENE,1,12.0,True
684,BIBLIOTECA PARQUE DE LA ESTACION,BIBLIOTECA,,complementario,False,3,BALVANERA,"PERON, JUAN DOMINGO, TTE. GENERAL 3348, CABA",-34.607403,-58.413703,,0.0,,1,5.0,True
685,BIBLIOTECA PATRICIOS DE BUENOS AIRES,BIBLIOTECA,ESPECIALIZADA GUBERNAMENTAL,complementario,False,14,PALERMO,"BULLRICH, INT. AV. 481, CABA",-34.576522,-58.426151,,0.0,,1,19.0,True
686,BIBLIOTECA PEDIATRICA,BIBLIOTECA,ESPECIALIZADA EMPRESARIAL,complementario,False,1,RETIRO,"PELLEGRINI, CARLOS 887, CABA",-34.598006,-58.381278,,0.0,,1,114.0,True
687,BIBLIOTECA PODER JUDICIAL DE LA CIUDAD AUTONOMA DE BUENOS AIRES,BIBLIOTECA,ESPECIALIZADA GUBERNAMENTAL,complementario,False,1,SAN NICOLAS,"ALEM, LEANDRO N. AV. 684, CABA",-34.599781,-58.371039,,0.0,,1,147.0,True
688,BIBLIOTECA PODER JUDICIAL. NACION. CAMARA FEDERAL CIVIL Y COMERCIAL,BIBLIOTECA,ESPECIALIZADA GUBERNAMENTAL,complementario,False,1,SAN NICOLAS,"TALCAHUANO 550, CABA",-34.602138,-58.385385,,0.0,,1,62.0,True
689,BIBLIOTECA PODER JUDICIAL. NACION. CAMARA NACIONAL DE APELACIONES DEL TRABAJO,BIBLIOTECA,ESPECIALIZADA GUBERNAMENTAL,complementario,False,1,SAN NICOLAS,"LAVALLE 1235, CABA",-34.602648,-58.384286,,0.0,,1,122.0,True
690,BIBLIOTECA PODER JUDICIAL. NACION. CAMARA NACIONAL DE APELACIONES EN LO CIVIL DE LA CAPITAL FEDERAL.,BIBLIOTECA,ESPECIALIZADA GUBERNAMENTAL,complementario,False,1,SAN NICOLAS,"LAVALLE 1220, CABA",-34.602765,-58.384212,,0.0,,1,121.0,True
691,BIBLIOTECA PODER JUDICIAL. NACION. CAMARA NACIONAL DE APELACIONES EN LO CONTENCIOSO ADMINISTRATIVO Y CIVIL Y COMERCIAL.,BIBLIOTECA,ESPECIALIZADA GUBERNAMENTAL,complementario,False,1,SAN NICOLAS,"TALCAHUANO 550, CABA",-34.602138,-58.385385,,0.0,,1,62.0,True
692,BIBLIOTECA PODER JUDICIAL. NACION. CAMARA NACIONAL DE APELACIONES EN LO PENAL ECONOMICO DE LA CAPITAL FEDERAL,BIBLIOTECA,ESPECIALIZADA GUBERNAMENTAL,complementario,False,1,RETIRO,"DE LOS INMIGRANTES AV. 1950, CABA",-34.585867,-58.370596,,0.0,,1,392.0,False
695,BIBLIOTECA POPULAR ADOLFO SALDIAS,BIBLIOTECA,POPULAR,complementario,False,1,SAN NICOLAS,"MONTEVIDEO 641, CABA",-34.601336,-58.389516,,0.0,,1,10.0,True
697,BIBLIOTECA POPULAR ALBERTO GERCHUNOFF,BIBLIOTECA,POPULAR,complementario,False,3,BALVANERA,"SARMIENTO 2233, CABA",-34.606002,-58.398611,,0.0,,1,57.0,True
701,BIBLIOTECA POPULAR CAROLINA MUZILLI,BIBLIOTECA,POPULAR,complementario,False,3,BALVANERA,"CHILE 1940, CABA",-34.617065,-58.393871,,0.0,,1,4.0,True
709,BIBLIOTECA POPULAR DE BARRACAS,BIBLIOTECA,POPULAR,complementario,False,4,BARRACAS,"JOVELLANOS, GASPAR M. DE 1051, CABA",-34.641767,-58.371803,,0.0,,1,342.0,False
711,BIBLIOTECA POPULAR DR. ANGEL A. GIMENEZ,BIBLIOTECA,POPULAR,complementario,False,4,BARRACAS,"SUAREZ 1301, CABA",-34.638106,-58.370759,,0.0,,1,389.0,False
712,BIBLIOTECA POPULAR DR. ANTONIO SAENZ,BIBLIOTECA,POPULAR,complementario,False,4,NUEVA POMPEYA,"SAENZ AV. 871, CABA",-34.650352,-58.416475,,0.0,,1,285.0,False
713,BIBLIOTECA POPULAR DR. ARTURO JAURETCHE,BIBLIOTECA,POPULAR,complementario,False,1,SAN NICOLAS,"PERON, JUAN DOMINGO, TTE. GENERAL 823, CABA",-34.605921,-58.378468,,0.0,,1,78.0,True
724,BIBLIOTECA POPULAR J.M.ESTRADA-A.EX ALUMNOS DE C.AL N.,BIBLIOTECA,POPULAR,complementario,False,1,SAN NICOLAS,"RECONQUISTA 461, CABA",-34.602443,-58.372473,,0.0,,1,78.0,True
725,BIBLIOTECA POPULAR JOAQUIN V. GONZALEZ,BIBLIOTECA,POPULAR,complementario,False,1,SAN NICOLAS,"PERON, JUAN DOMINGO, TTE. GENERAL 1242, CABA",-34.606318,-58.384228,,0.0,,1,7.0,True
729,BIBLIOTECA POPULAR JUAN BAUTISTA ALBERDI,BIBLIOTECA,POPULAR,complementario,False,4,BOCA,"BRANDSEN 805, CABA",-34.636469,-58.36438,,0.0,,1,210.0,False
730,BIBLIOTECA POPULAR JUAN JOSE CASTELLI,BIBLIOTECA,POPULAR,complementario,False,3,BALVANERA,"PASCO 555, CABA",-34.615517,-58.397851,,0.0,,1,158.0,False
733,BIBLIOTECA POPULAR JUANA MANSO,BIBLIOTECA,POPULAR,complementario,False,3,SAN CRISTOBAL,"LA RIOJA 1042, CABA",-34.622605,-58.407243,,0.0,,1,63.0,True
735,BIBLIOTECA POPULAR LA MEMORIA DE NUESTRO PUEBLO,BIBLIOTECA,POPULAR,complementario,False,1,CONSTITUCION,"CALVO, CARLOS 1459, CABA",-34.619876,-58.386689,,0.0,,1,9.0,True
746,BIBLIOTECA POPULAR WILLIAM C.MORRIS,BIBLIOTECA,POPULAR,complementario,False,14,PALERMO,"GUEMES 4621, CABA",-34.581352,-58.423875,,0.0,,1,240.0,False
747,BIBLIOTECA POPULAR Y CENT. CULT. ALFREDO COSTA,BIBLIOTECA,POPULAR,complementario,False,3,BALVANERA,"AZCUENAGA 718, CABA",-34.600767,-58.401051,,0.0,,1,141.0,True
749,BIBLIOTECA PROF WILLY BARAGER,BIBLIOTECA,UNIVERSITARIA Y/O CIENTIFICO TECNICA,complementario,False,2,RECOLETA,"RODRIGUEZ PENA 1674, CABA",-34.591132,-58.389336,,0.0,HTTP://WWW.APA.ORG.AR,1,129.0,True
750,BIBLIOTECA PROF. DR. DAVID SEVLEVER,BIBLIOTECA,UNIVERSITARIA Y/O CIENTIFICO TECNICA,complementario,False,2,RECOLETA,"ALVEAR, MARCELO T. DE 2202, CABA",-34.596986,-58.399635,,0.0,WWW.FMED.UBA.AR/DEPTO/SALUDPUBLICA/MAIN.HTM,1,10.0,True
751,BIBLIOTECA PROF. DR. JOSE ARCE,BIBLIOTECA,UNIVERSITARIA Y/O CIENTIFICO TECNICA,complementario,False,2,RECOLETA,"ALVEAR, MARCELO T. DE 2142, CABA",-34.597192,-58.398067,,0.0,WWW.ODON.UBA.AR/BIBLIOTECA/INDEX.HTM,1,9.0,True
752,BIBLIOTECA PROF. EMERITO ALFREDO L.PALACIOS,BIBLIOTECA,UNIVERSITARIA Y/O CIENTIFICO TECNICA,complementario,False,3,BALVANERA,"CORDOBA AV. 2122, CABA",-34.599824,-58.397929,,0.0,HTTP://WWW.ECON.UBA.AR/WWW/SERVICIOS/BIBLIOTECA/INGRESAR.HTM,1,15.0,True
753,BIBLIOTECA PROF. NORBERTO RODRIGUEZ BUSTAMANTE,BIBLIOTECA,UNIVERSITARIA Y/O CIENTIFICO TECNICA,complementario,False,2,RECOLETA,"ALVEAR, MARCELO T. DE 2230, CABA",-34.596949,-58.399555,,0.0,WWW.FSOC.UBA.AR/MODULES/VERTIBAR/ARTICLE.PHP?STORYID=5,1,6.0,True
754,BIBLIOTECA PUBLICA AGROPECUARIA,BIBLIOTECA,ESPECIALIZADA EMPRESARIAL,complementario,False,1,SAN NICOLAS,"FLORIDA 460, CABA",-34.60274,-58.375306,,0.0,,1,64.0,True
755,BIBLIOTECA RAFAEL HERRERA VEGAS,BIBLIOTECA,UNIVERSITARIA Y/O CIENTIFICO TECNICA,complementario,False,2,RECOLETA,"PACHECO DE MELO, JOSE ANDRES 3081, CABA",-34.584025,-58.405956,,0.0,HTTP://WWW.BIBLIOTECA.ANM.EDU.AR,1,47.0,True
757,BIBLIOTECA RAQUEL EDELMAN,BIBLIOTECA,ARTISTICA,complementario,False,2,RECOLETA,"DEL LIBERTADOR AV. 1473, CABA",-34.583673,-58.394746,,0.0,WWW.MNBA.ORG.AR,1,12.0,True
760,BIBLIOTECA RICARDO GERVASIO BIANCHI,BIBLIOTECA,ESPECIALIZADA GUBERNAMENTAL,complementario,False,4,PARQUE PATRICIOS,"USPALLATA 3400, CABA",-34.63951,-58.411667,,0.0,,1,265.0,False
761,BIBLIOTECA RICARDO GIETZ,BIBLIOTECA,UNIVERSITARIA Y/O CIENTIFICO TECNICA,complementario,False,3,BALVANERA,"SAAVEDRA 15, CABA",-34.610276,-58.403367,,0.0,HTTP://WWW.CAICYT.GOV.AR/BIBLIOTECA-RICARDO-ALBERTO-GIETZ,1,109.0,True
762,BIBLIOTECA RICARDO GUIRALDES,BIBLIOTECA,DGLB-GCBA,complementario,False,1,RETIRO,"TALCAHUANO 1261, CABA",-34.593642,-58.385951,,0.0,https://www.buenosaires.gob.ar/cultura/bibliotecas,1,103.0,True
763,BIBLIOTECA ROBERTO A. WASSNER,BIBLIOTECA,ESPECIALIZADA GUBERNAMENTAL,complementario,False,1,SAN NICOLAS,"LAVALLE 1268, CABA",-34.602783,-58.384662,,0.0,,1,122.0,True
764,BIBLIOTECA ROBERTO MARIO ARATA,BIBLIOTECA,UNIVERSITARIA Y/O CIENTIFICO TECNICA,complementario,False,2,RECOLETA,"GUIDO 1841, CABA",-34.58962,-58.39038,,0.0,WWW.UNAV.EDU.AR,1,315.0,False
765,BIBLIOTECA ROGELIO CALABRESE,BIBLIOTECA,UNIVERSITARIA Y/O CIENTIFICO TECNICA,complementario,False,1,SAN NICOLAS,"VIAMONTE 1592, CABA",-34.600738,-58.38931,,0.0,WWW.CGCE.ORG,1,26.0,True
766,BIBLIOTECA SADOP,BIBLIOTECA,SINDICAL,complementario,False,3,BALVANERA,"PERON, JUAN DOMINGO, TTE. GENERAL 2625, CABA",-34.607513,-58.403872,,0.0,,1,6.0,True
767,BIBLIOTECA SECRETAR?A DE JURISPRUDENCIA DE LA CAMARA NACIONAL DE CASACION PENAL,BIBLIOTECA,ESPECIALIZADA GUBERNAMENTAL,complementario,False,1,RETIRO,"PY, COMODORO AV. 2002, CABA",-34.587821,-58.368683,,0.0,,1,367.0,False
769,BIBLIOTECA SERVICIO GEOLOGICO MINERO ARGENTINO,BIBLIOTECA,ESPECIALIZADA GUBERNAMENTAL,complementario,False,1,MONSERRAT,"ROCA, JULIO A., PRESIDENTE DIAGONAL SUR AV. 651, CABA",-34.610975,-58.375718,,0.0,WWW.SEGEMAR.GOV.AR/BIBLIOTECA/INDEX.HTM,1,64.0,True
770,BIBLIOTECA SERVICIO NACIONAL DE SANIDAD Y CALIDAD AGROALIMENTARIA - SENASA,BIBLIOTECA,ESPECIALIZADA GUBERNAMENTAL,complementario,False,1,MONSERRAT,"PASEO COLON AV. 367, CABA",-34.612039,-58.369799,,0.0,WWW.ORTON.CATIE.AC.CR/SENASA.HTM,1,165.0,False
772,BIBLIOTECA SINDICATURA GENERAL DE LA NACION SIGEN,BIBLIOTECA,ESPECIALIZADA GUBERNAMENTAL,complementario,False,1,SAN NICOLAS,"CORRIENTES AV. 381, CABA",-34.603047,-58.37223,,0.0,WWW.SIGEN.GOV.AR,1,10.0,True
773,BIBLIOTECA SOCIEDAD ARGENTINA DE ANTROPOLOGIA,BIBLIOTECA,UNIVERSITARIA Y/O CIENTIFICO TECNICA,complementario,False,1,MONSERRAT,"MORENO 350, CABA",-34.611289,-58.371202,,0.0,WWW.SAANTROPOLOGIA.COM.AR/BIBLIOTECA/,1,133.0,True
774,BIBLIOTECA SOCIEDAD ARGENTINA DE PEDIATRIA,BIBLIOTECA,UNIVERSITARIA Y/O CIENTIFICO TECNICA,complementario,False,2,RECOLETA,"DIAZ, CNEL. AV. 1971, CABA",-34.588593,-58.409648,,0.0,WWW.SAP.ORG.AR,1,14.0,True
775,BIBLIOTECA SOMAINI,BIBLIOTECA,ESPECIALIZADA EMPRESARIAL,complementario,False,1,SAN NICOLAS,"RIVADAVIA AV. 1615, CABA",-34.609022,-58.389444,,0.0,,1,25.0,True
776,BIBLIOTECA SUBSEC. DE DESARROLLO URBANO Y VIVIENDA- DIREC. NACIONAL DE DESARROLLO URBANO,BIBLIOTECA,ESPECIALIZADA GUBERNAMENTAL,complementario,False,1,SAN NICOLAS,"SARMIENTO 151, CABA",-34.604238,-58.369377,,0.0,,1,17.0,True
777,BIBLIOTECA SUPERONTENDENCIA DE ADMINISTRADORAS DE FONDOS DE JUBILACIONES Y PENSIONES,BIBLIOTECA,ESPECIALIZADA GUBERNAMENTAL,complementario,False,1,SAN NICOLAS,"TUCUMAN 480, CABA",-34.600974,-58.373788,,0.0,,1,19.0,True
778,BIBLIOTECA TALLER TAREA - TT,BIBLIOTECA,UNIVERSITARIA Y/O CIENTIFICO TECNICA,complementario,False,4,BARRACAS,"QUINQUELA MARTIN, BENITO 1784, CABA",-34.643954,-58.37486,,0.0,,1,35.0,True
781,BIBLIOTECA TRIEMPO,BIBLIOTECA,UNIVERSITARIA Y/O CIENTIFICO TECNICA,complementario,False,14,PALERMO,"VIRASORO 2350, CABA",-34.584309,-58.421168,,0.0,,1,167.0,False
782,BIBLIOTECA UADE,BIBLIOTECA,UNIVERSITARIA Y/O CIENTIFICO TECNICA,complementario,False,1,MONSERRAT,"LIMA 717, CABA",-34.617074,-58.381607,,0.0,HTTP://WWW.BIBLIOTECA.UADE.EDU.AR,1,65.0,True
784,BIBLIOTECA UNION INDUSTRIAL ARGENTINA,BIBLIOTECA,ESPECIALIZADA EMPRESARIAL,complementario,False,1,MONSERRAT,"DE MAYO AV. 1147, CABA",-34.609068,-58.3828,,0.0,WWW.VIA.ORG.AR,1,193.0,False
785,BIBLIOTECA UNIVERSIDAD DEL CINE,BIBLIOTECA,UNIVERSITARIA Y/O CIENTIFICO TECNICA,complementario,False,1,SAN TELMO,"GIUFFRA, JOSE M.,DR. 330, CABA",-34.617841,-58.370642,,0.0,HTTP://WWW.UCINE.EDU.AR/,1,220.0,False
786,BIBLIOTECA UNIVERSIDAD METROPOLITANA PARA LA EDUCACION Y EL TRABAJO (UMET),BIBLIOTECA,UNIVERSITARIA Y/O CIENTIFICO TECNICA,complementario,False,3,BALVANERA,"SARMIENTO 2037, CABA",-34.605861,-58.395757,,0.0,UMET.EDU.AR/BIBLIOTECA/,1,137.0,True
787,BIBLIOTECA UTOPIA,BIBLIOTECA,GENERAL,complementario,False,1,SAN NICOLAS,"CORRIENTES AV. 1543, CABA",-34.60415,-58.388541,,0.0,WWW.CENTROCULTURAL.COOP/MODULES/NEWS/INDEX.PHP?STORYTOPIC=31,1,2.0,True
788,BIBLIOTECA VIRTUAL,BIBLIOTECA,UNIVERSITARIA Y/O CIENTIFICO TECNICA,complementario,False,1,SAN NICOLAS,"TUCUMAN 1650, CABA",-34.601888,-58.390305,,0.0,WWW.LPP-BUENOSAIRES.NET,1,5.0,True
789,BIBLIOTECA VIRTUAL,BIBLIOTECA,UNIVERSITARIA Y/O CIENTIFICO TECNICA,complementario,False,1,SAN NICOLAS,"CORRIENTES AV. 1515, CABA",-34.604118,-58.388119,,0.0,HTTP://WWW.FISYP.ORG.AR/MODULES/TINYCONTENT/INDEX.PHP?ID=8,1,11.0,True
790,BIBLIOTECA Y ARCHIVO,BIBLIOTECA,ESPECIALIZADA GUBERNAMENTAL,complementario,False,1,SAN NICOLAS,"ALEM, LEANDRO N. AV. 246, CABA",-34.604801,-58.370551,,0.0,WWW.MININTERIOR.GOV.AR,1,65.0,True
791,BIBLIOTECA Y AREA DE ASESORIA INFORMATICA.,BIBLIOTECA,ESPECIALIZADA EMPRESARIAL,complementario,False,1,SAN NICOLAS,"CERRITO 740, CABA",-34.599983,-58.382527,,0.0,HTP//:WWW.EBV.COM.AR,1,99.0,True
792,BIBLIOTECA Y CENTRO DE DOCUMENTACION E INFORMACION AGROPECUARIA (CDIA),BIBLIOTECA,ESPECIALIZADA GUBERNAMENTAL,complementario,False,1,SAN TELMO,"PASEO COLON AV. 982, CABA",-34.618839,-58.368485,,0.0,WWW.CDI.MECON.GOV.AR/CEDIAP/INDEX.HTM,1,115.0,True
793,BIBLIOTECA Y CENTRO DE DOCUMENTACION E INFORMACION MINISTERIO DE HACIENDA DE LA NACION,BIBLIOTECA,ESPECIALIZADA GUBERNAMENTAL,complementario,False,1,MONSERRAT,"YRIGOYEN, HIPOLITO AV. 250, CABA",-34.608895,-58.370226,,0.0,HTTP://CDI.MECON.GOV.AR/BIBLIOTECA/SOLICITUD-DE-INFORMACION/,1,109.0,True
795,BIBLIOTECA Y CENTRO DE DOCUMENTACION JUAN ANTONIO CARRIZO,BIBLIOTECA,HISTORICA,complementario,False,14,PALERMO,"3 DE FEBRERO 1378, CABA",-34.56629,-58.44615,,0.0,WWW.INAPL.GOV.AR,1,107.0,True
796,"BIBLIOTECA Y CENTRO DE DOCUMENTACION MINISTERIO DE TRABAJO, EMPLEO Y SEGURIDAD SOCIAL DE LA NACION",BIBLIOTECA,ESPECIALIZADA GUBERNAMENTAL,complementario,False,1,SAN NICOLAS,"ALEM, LEANDRO N. AV. 650, CABA",-34.600026,-58.370973,,0.0,,1,144.0,True
797,BIBLIOTECA Y CENTRO DE INFORMACION ING. MARIO N MAINI,BIBLIOTECA,ESPECIALIZADA GUBERNAMENTAL,complementario,False,1,SAN NICOLAS,"SAN MARTIN 451, CABA",-34.602695,-58.373851,,0.0,,1,14.0,True
798,BIBLIOTECA Y CENTRO DOCUMENTACION FRANCISCO P. MORENO,BIBLIOTECA,ESPECIALIZADA GUBERNAMENTAL,complementario,False,1,RETIRO,"SANTA FE AV. 690, CABA",-34.596043,-58.376704,,0.0,WWW.PARQUESNACIONALES.GOV.AR,1,27.0,True
799,BIBLIOTECA Y CENTRO DOCUMENTAL - ATENEO ARGENTINO DE ODONTOLOGIA,BIBLIOTECA,UNIVERSITARIA Y/O CIENTIFICO TECNICA,complementario,False,2,RECOLETA,"ANCHORENA, TOMAS MANUEL DE, DR. 1176, CABA",-34.595734,-58.40694,,0.0,WWW.ATENEO-ODONTOLOGIA.ORG.AR,1,45.0,True
800,BIBLIOTECA Y CENTRO DOCUMENTAL MANUEL BELGRANO,BIBLIOTECA,ESPECIALIZADA GUBERNAMENTAL,complementario,False,1,RETIRO,"SAN MARTIN 871, CABA",-34.597666,-58.374214,,0.0,WWW.CFIRED.ORG.AR/ESP2/INDICES/F_BIBLIO.HTM,1,16.0,True
802,BIBLIOTECA Y MUSEO CRISTOBAL DE AGUIRRE,BIBLIOTECA,ESPECIALIZADA GUBERNAMENTAL,complementario,False,1,MONSERRAT,"AZOPARDO 350, CABA",-34.61166,-58.367928,,0.0,,1,13.0,True
803,BIBLIOTECA Y SERVICIOS DE INFORMACION EN LINEA,BIBLIOTECA,UNIVERSITARIA Y/O CIENTIFICO TECNICA,complementario,False,2,RECOLETA,"SANCHEZ DE BUSTAMANTE 1749, CABA",-34.590808,-58.40933,,0.0,WWW.AQA.ORG.AR/INDEX.PHP/BIBLIOTECA-Y-SIL,1,168.0,False
804,BIBLIOTECA-CENTRO DE DOCUMENTACION CEIL-PIETTE,BIBLIOTECA,UNIVERSITARIA Y/O CIENTIFICO TECNICA,complementario,False,3,BALVANERA,"SAAVEDRA 15, CABA",-34.610276,-58.403367,,0.0,HTTP:// WWW.CEIL-PIETTE.GOV.AR/BIB.HTML,1,109.0,True
805,"BIBLIOTECA, ARCHIVO HISTORICO Y CENTRO DE DOCUMENTACION",BIBLIOTECA,SINDICAL,complementario,False,3,BALVANERA,"MORENO 2480, CABA",-34.61329,-58.401145,,0.0,,1,126.0,True
806,BIBLIOTECA. CENTRO DE DOCUMENTACION E INFORMACION BIBLIOGRAFICA EN TERCERA EDAD,BIBLIOTECA,ESPECIALIZADA GUBERNAMENTAL,complementario,False,1,SAN NICOLAS,"SUIPACHA 23, CABA",-34.607912,-58.379208,,0.0,HTTP://WWW.PAMI.ORG.AR,1,14.0,True
808,BIBLIOTECA. CENTRO DE DOCUMENTACION E INFORMACION DEL IADI,BIBLIOTECA,UNIVERSITARIA Y/O CIENTIFICO TECNICA,complementario,False,1,MONSERRAT,"YRIGOYEN, HIPOLITO AV. 1628, CABA",-34.61014,-58.389271,,0.0,WWW.IADI.EDU.AR/MODELO_BIBLIOTECA.HTM,1,21.0,True
809,BIBLIOTECA. CENTRO DE DOCUMENTACION Y ARCHIVO,BIBLIOTECA,ESPECIALIZADA GUBERNAMENTAL,complementario,False,1,MONSERRAT,"MORENO 1199, CABA",-34.611974,-58.38297,,0.0,WWW.INCAA.GOV.AR,1,119.0,True
811,BIBLIOTECAS RAUL PREBISCH Y TORNQUIST,BIBLIOTECA,ESPECIALIZADA GUBERNAMENTAL,complementario,False,1,SAN NICOLAS,"RECONQUISTA 266, CABA",-34.604764,-58.37241,,0.0,WWW.BCRA.GOV.AR/INSTITUCIONAL/IN050100.ASP,1,45.0,True
813,BIBLOTECA Y CENTRO DE DOCUMENTACION LEGISLATURA DE LA CIUDAD AUTONOMA DE BUENOS AIRES,BIBLIOTECA,GENERAL,complementario,False,1,MONSERRAT,"YRIGOYEN, HIPOLITO 502, CABA",-34.60919,-58.373634,,0.0,WWW.CEDOM.GOV.AR/,1,16.0,True
814,BILBIOTECA VCOM JUAN RAWSON BUSTAMANTE,BIBLIOTECA,ESPECIALIZADA GUBERNAMENTAL,complementario,False,1,RETIRO,"ZANNI PEDRO COMODORO 250, CABA",-34.584299,-58.370388,,0.0,,1,468.0,False
817,CENTRO CULTURAL E INFORMATIVO DE LA EMBAJADA DEL JAPON,BIBLIOTECA,COMUNITARIA Y/O EXTRANJERA,complementario,False,1,SAN NICOLAS,"BOUCHARD 547, CABA",-34.60147,-58.369143,,0.0,https://www.ar.emb-japan.go.jp/Contenido/05.CentroCultural.htm,1,8.0,True
818,CENTRO CULTURAL Y BIBLIOTECA POPULAR CARLOS SANCHEZ VIAMONTE,BIBLIOTECA,POPULAR,complementario,False,2,RECOLETA,"AUSTRIA 2156, CABA",-34.587601,-58.403552,,0.0,,1,66.0,True
819,CENTRO DE ADMINISTRACION DOCUMENTAL SECRETARIA DE PROGRAMACION PARA LA PREVENCION DE LA DROGADICCION,BIBLIOTECA,ESPECIALIZADA GUBERNAMENTAL,complementario,False,1,SAN NICOLAS,"SARMIENTO 546, CABA",-34.604548,-58.374571,,0.0,WWW.SEDRONAR.GOV.AR,1,14.0,True
820,CENTRO DE DOCUMENTACION COMISION ECONOMICA PARA AMERICA LATINA Y EL CARIBE CEPAL,BIBLIOTECA,UNIVERSITARIA Y/O CIENTIFICO TECNICA,complementario,False,1,RETIRO,"PARAGUAY 1178, CABA",-34.598092,-58.38374,,0.0,WWW.CEPAL.ORG,1,117.0,True
821,CENTRO DE DOCUMENTACION DE RELACIONES INTERNACIONALES,BIBLIOTECA,UNIVERSITARIA Y/O CIENTIFICO TECNICA,complementario,False,3,BALVANERA,"AYACUCHO 551, CABA",-34.602679,-58.395444,,0.0,WWW.FLACSO.ORG.AR/BIBLIOTECA_CONTENIDOS.PHP?ID=7,1,58.0,True
822,CENTRO DE DOCUMENTACION DELEGACION DE LA COMISION EUROPEA EN LA REPUBLICA ARGENTINA,BIBLIOTECA,ESPECIALIZADA GUBERNAMENTAL,complementario,False,2,RECOLETA,"AYACUCHO 1537, CABA",-34.591467,-58.393462,,0.0,WWW.DELARG.CEC.EU.INT/ES/DELEGACION/DOCUMENTACION.HTM,1,249.0,False
823,CENTRO DE DOCUMENTACION E INFORMACION - DIRECCION DE DOCUMENTACION E INFORMACION,BIBLIOTECA,ESPECIALIZADA GUBERNAMENTAL,complementario,False,1,SAN NICOLAS,"SAENZ PENA, ROQUE, PRES. DIAGONAL NORTE AV. 511, CABA",-34.607644,-58.373943,,0.0,WWW.SGP.GOV.AR/CONTENIDOS/INAP/DOCUMENTACION/PAGINAS/CEDIAP.HTML,1,32.0,True
825,CENTRO DE DOCUMENTACION E INFORMACION DE ENERGIA,BIBLIOTECA,ESPECIALIZADA GUBERNAMENTAL,complementario,False,1,MONSERRAT,"PASEO COLON AV. 171, CABA",-34.609276,-58.369712,,0.0,,1,50.0,True
826,CENTRO DE DOCUMENTACION E INFORMACION DE ENERGIA - CEDIE,BIBLIOTECA,ESPECIALIZADA GUBERNAMENTAL,complementario,False,1,SAN TELMO,"COCHABAMBA 54, CABA",-34.622717,-58.366345,,0.0,HTTP://WWW.ENERGIA.GOV.AR,1,39.0,True
827,CENTRO DE DOCUMENTACION E INFORMACION DE LA OFICINA IICA EN ARGENTINA,BIBLIOTECA,UNIVERSITARIA Y/O CIENTIFICO TECNICA,complementario,False,1,MONSERRAT,"IRIGOYEN, BERNARDO DE 88, CABA",-34.609384,-58.380621,,0.0,HTTP://WWW.IICA.INT/ESP/REGIONES/SUR/ARGENTINA/PAGINAS/PUBLICACIONES.ASPX,1,10.0,True
828,CENTRO DE DOCUMENTACION E INFORMACION FORESTAL LUCAS TORTORELLI,BIBLIOTECA,ESPECIALIZADA GUBERNAMENTAL,complementario,False,1,SAN TELMO,"PASEO COLON AV. 982, CABA",-34.618839,-58.368485,,0.0,WWW.MINAGRI.GOB.AR,1,115.0,True
829,CENTRO DE DOCUMENTACION E INFORMACION SUPERONTENDENCIA DE SEGUROS DE LA NACION.,BIBLIOTECA,ESPECIALIZADA GUBERNAMENTAL,complementario,False,1,MONSERRAT,"ROCA, JULIO A., PRESIDENTE DIAGONAL SUR AV. 721, CABA",-34.611835,-58.376655,,0.0,HTTP://WWW.SSN.GOV.AR/FWCM/INDEX.ASP?PAGE=MODULES/CENTRALSITE/CENTRAL_SITE.ASP&URL=../STORAGE/ORIENTACION/BIBLIOTECA%20SSN.HTM,1,150.0,True
830,CENTRO DE DOCUMENTACION E INFORMACION UNIVERSIDAD DE BUENOS AIRES - INSTITUTO DE INVESTIGACIONES GINO GERMANI,BIBLIOTECA,UNIVERSITARIA Y/O CIENTIFICO TECNICA,complementario,False,2,RECOLETA,"URIBURU JOSE E., PRES. 950, CABA",-34.597581,-58.398999,,0.0,HTTP://WWW.IIGG.FSOC.UBA.AR,1,5.0,True
831,CENTRO DE DOCUMENTACION E INVESTIGACION DE LA ARQUITECTURA PUBLICA,BIBLIOTECA,ESPECIALIZADA GUBERNAMENTAL,complementario,False,1,MONSERRAT,"PASEO COLON AV. 171, CABA",-34.609276,-58.369712,,0.0,HTTP://CDI.MECON.GOV.AR,1,50.0,True
833,CENTRO DE DOCUMENTACION FEDERACION IBEROAMERICANA DE BOLSAS FIAB,BIBLIOTECA,UNIVERSITARIA Y/O CIENTIFICO TECNICA,complementario,False,1,RETIRO,"CERRITO 1266, CABA",-34.593362,-58.382936,,0.0,WWW.FIABNET.ORG/ES/CATEGORIA.ASP?ID_CATEGORIA=42,1,105.0,True
834,CENTRO DE DOCUMENTACION FUNDACION ESPIGAS,BIBLIOTECA,UNIVERSITARIA Y/O CIENTIFICO TECNICA,complementario,False,3,BALVANERA,"SARMIENTO 1853, CABA",-34.605677,-58.393043,,0.0,WWW.ESPIGAS.ORG.AR,1,132.0,True
835,CENTRO DE DOCUMENTACION FUNDACION ESPIGAS,BIBLIOTECA,UNIVERSITARIA Y/O CIENTIFICO TECNICA,complementario,False,2,RECOLETA,"SANTA FE AV. 1769, CABA",-34.59577,-58.392777,,0.0,WWW.ESPIGAS.ORG.AR/SP/BDD/BDD.HTML,1,162.0,False
836,CENTRO DE DOCUMENTACION FUNDACION OFTALMOLOGICA ARGENTINA,BIBLIOTECA,UNIVERSITARIA Y/O CIENTIFICO TECNICA,complementario,False,1,RETIRO,"PARERA 164, CABA",-34.590818,-58.385358,,0.0,,1,113.0,True
837,CENTRO DE DOCUMENTACION ING. ALDO MENNELLA,BIBLIOTECA,ESPECIALIZADA GUBERNAMENTAL,complementario,False,4,NUEVA POMPEYA,"ALCORTA, AMANCIO AV. 3000, CABA",-34.647539,-58.40312,,0.0,WWW.CEAMSE.GOV.AR/ABRE-HOME.HTML,1,530.0,False
838,CENTRO DE DOCUMENTACION INSTITUTO DE INVESTIGACIONES EUROPEO LATINOAMERICANAS,BIBLIOTECA,UNIVERSITARIA Y/O CIENTIFICO TECNICA,complementario,False,3,BALVANERA,"CORRIENTES AV. 2554, CABA",-34.604812,-58.402859,,0.0,,1,14.0,True
839,CENTRO DE DOCUMENTACION INTAL,BIBLIOTECA,UNIVERSITARIA Y/O CIENTIFICO TECNICA,complementario,False,1,SAN NICOLAS,"ESMERALDA 130, CABA",-34.606789,-58.377925,,0.0,WWW.IADB.ORG/INTAL/DETALLE_ARTICULO.ASP?IDIOMA=ESP&AID=375&CID=235,1,125.0,True
840,CENTRO DE DOCUMENTACION MAESTRIA EN SALUD PUBLICA. UNIVERSIDAD DE BUENOS AIRES.,BIBLIOTECA,UNIVERSITARIA Y/O CIENTIFICO TECNICA,complementario,False,2,RECOLETA,"URIBURU JOSE E., PRES. 950, CABA",-34.597581,-58.398999,,0.0,WWW.FMED.UBA.AR/DEPTO/SALUDPUBLICA/INDEX.HTM,1,5.0,True
842,CENTRO DE DOCUMENTACION NESTOR RODRIGUEZ CAMPOAMOR,BIBLIOTECA,UNIVERSITARIA Y/O CIENTIFICO TECNICA,complementario,False,1,MONSERRAT,"REPUBLICA BOLIVARIANA DE VENEZUELA 931, CABA",-34.614097,-58.379454,,0.0,WWW.ISALUD.ORG,1,43.0,True
843,CENTRO DE DOCUMENTACION Y ATENCION AL USUARIO DIRECCION GENERAL DE ESTADISTICAS Y CENSOS - GOBIERNO DE LA CIUDAD DE BUENOS AIRES,BIBLIOTECA,ESPECIALIZADA GUBERNAMENTAL,complementario,False,1,CONSTITUCION,"SAN JUAN AV. 1340, CABA",-34.622433,-58.385148,,0.0,WWW.BUENOSAIRES.GOV.AR/AREAS/HACIENDA/SIS_ESTADISTICO/BIBLIOTECA/INDEX.PHP?MENU_ID=17552,1,170.0,False
844,CENTRO DE DOCUMENTACION Y REFERENCIA BIBLIOGRAFICA ARQ. FEDERICO ORTIZ,BIBLIOTECA,HISTORICA,complementario,False,1,MONSERRAT,"PERU 272, CABA",-34.6109,-58.374793,,0.0,HTTP://BIBLIOCICOP.BLOGSPOT.COM,1,62.0,True
845,CENTRO DE DOCUMENTACION. BIBLIOTECA Y SERVICIOS DE INFORMACION DOCUMENTAL,BIBLIOTECA,UNIVERSITARIA Y/O CIENTIFICO TECNICA,complementario,False,3,BALVANERA,"CORRIENTES AV. 2565, CABA",-34.604652,-58.403013,,0.0,HTTP://WWW.CPS.ORG.AR/_IDIS_COMPLETO/IDIS_AREAS_DOCUMENTACION.HTM,1,9.0,True
846,CENTRO DE INFORMACION - BIBLIOTECA GILDA LAMARQUE DE ROMERO BREST,BIBLIOTECA,UNIVERSITARIA Y/O CIENTIFICO TECNICA,complementario,False,2,RECOLETA,"PACHECO DE MELO, JOSE ANDRES 2084, CABA",-34.590364,-58.395656,,0.0,WWW.ACAEDU.EDU.AR,1,127.0,True
847,CENTRO DE INFORMACION BIBLIOGRAFICA MY D.JUAN CARLOS LEONETTI,BIBLIOTECA,ESPECIALIZADA GUBERNAMENTAL,complementario,False,1,MONSERRAT,"AZOPARDO 350, CABA",-34.61166,-58.367928,,0.0,,1,13.0,True
848,CENTRO DE INFORMACION DE LA ORGANIZACION TECHINT,BIBLIOTECA,ESPECIALIZADA EMPRESARIAL,complementario,False,1,SAN NICOLAS,"CORDOBA AV. 320, CABA",-34.598523,-58.371806,,0.0,,1,217.0,False
849,CENTRO DE INFORMACION DOCUMENTAL EDUCATIVA.,BIBLIOTECA,ESPECIALIZADA GUBERNAMENTAL,complementario,False,1,SAN NICOLAS,"ESMERALDA 55, CABA",-34.607533,-58.377807,,0.0,WWW.BUENOSAIRES.GOV.AR/EDUCACION/PLANEAMIENTO/CINDE.ASP,1,132.0,True
850,CENTRO DE INFORMACION T?CNICA,BIBLIOTECA,UNIVERSITARIA Y/O CIENTIFICO TECNICA,complementario,False,2,RECOLETA,"JUNIN 1940, CABA",-34.586496,-58.391578,,0.0,WWW.UNIC.ORG.AR/BIBLIOTECA1.HTM,1,172.0,False
851,CENTRO DE INFORMACION TECNICA,BIBLIOTECA,ESPECIALIZADA GUBERNAMENTAL,complementario,False,1,MONSERRAT,"PERU 103, CABA",-34.609385,-58.374965,,0.0,WWW.CNC.GOV.AR/CIT/INDEX.ASP,1,96.0,True
852,CENTRO DE INFORMACION TECNICA - COMISION NACIONAL DE COMUNICACIONES (CNC),BIBLIOTECA,ESPECIALIZADA GUBERNAMENTAL,complementario,False,1,MONSERRAT,"MEXICO 571, CABA",-34.614872,-58.374186,,0.0,WWW.CNC.GOV.AR/CIT/INDEX.ASP,1,91.0,True
853,CENTRO DE INFORMACION Y DOCUMENTACION ASOCIACION DE BANCOS ARGENTINOS (ADEBA),BIBLIOTECA,ESPECIALIZADA EMPRESARIAL,complementario,False,1,SAN NICOLAS,"SAN MARTIN 229, CABA",-34.60524,-58.373707,,0.0,,1,8.0,True
854,CENTRO DE INFORMACION Y DOCUMENTACION CENTRO DE GESTON DEL CONOCIMIENTO OPS/OMS ARGENTINA,BIBLIOTECA,UNIVERSITARIA Y/O CIENTIFICO TECNICA,complementario,False,1,RETIRO,"ALVEAR, MARCELO T. DE 684, CABA",-34.596303,-58.376552,,0.0,//NEW.PAHO.ORG/ARG/,1,6.0,True
855,CENTRO DE INFORMACION Y DOCUMENTACION CENTRO LATINOAMERICANO DE DOCUMENTACION INFORMATICA Y ELECTRONICA,BIBLIOTECA,UNIVERSITARIA Y/O CIENTIFICO TECNICA,complementario,False,1,SAN NICOLAS,"URUGUAY 252, CABA",-34.605925,-58.386457,,0.0,WWW.SADIO.ORG.AR,1,57.0,True
856,CENTRO DE INFORMACION Y DOCUMENTACION ESPACIO VIRREY LINIERS MINISTERIO DE CULTURA - DIRECCION GENERAL DE PATRIMONIO E INSTITUTO HISTORICO,BIBLIOTECA,HISTORICA,complementario,False,1,MONSERRAT,"REPUBLICA BOLIVARIANA DE VENEZUELA 469, CABA",-34.613655,-58.372822,,0.0,http://www.buenosaires.gov.ar/areas/cultura/patrimonio_instituto_historico/?menu_id=29468,1,40.0,True
858,CENTRO DE INFORMACION Y DOCUMENTACION INSTITUTO BIBLIOGRAFICO ANTONIO ZINNY - CONSEJO NACIONAL DE INVESTIGACIONES CIENTIFICAS Y TECNICAS (CONICET),BIBLIOTECA,UNIVERSITARIA Y/O CIENTIFICO TECNICA,complementario,False,3,BALVANERA,"TUCUMAN 1958, CABA",-34.602164,-58.394978,,0.0,HTTP://WWW.INSTITUTOZINNY.COM.AR/,1,10.0,True
860,CENTRO DE INFORMACION Y DOCUMENTACION INSTITUTO DEL CEMENTO PORTLAND ARGENTINO,BIBLIOTECA,ESPECIALIZADA EMPRESARIAL,complementario,False,1,RETIRO,"SAN MARTIN 1137, CABA",-34.594466,-58.374366,,0.0,,1,66.0,True
861,"CENTRO DE INFORMACION Y DOCUMENTACION INSTITUTO DR. JORGE EDUARDO COLL - SECRETARIA NACIONAL DE LA NINEZ, ADOLESCENCIA Y FAMILIA - MINISTERIO DE DESARROLLO SOCIAL",BIBLIOTECA,ESPECIALIZADA GUBERNAMENTAL,complementario,False,1,SAN NICOLAS,"PERON, JUAN DOMINGO, TTE. GENERAL 524, CABA",-34.605684,-58.374187,,0.0,HTTP://WWW.DESARROLLOSOCIAL.GOB.AR/,1,43.0,True
862,"CENTRO DE INFORMACION Y DOCUMENTACION INSTITUTO NACIONAL DE ALIMENTOS - ADMINISTRACION NACIONAL DE MEDICAMENTOS, ALIMENTOS Y TECNOLOGIA MEDICA. MINISTERIO DE SALUD.",BIBLIOTECA,ESPECIALIZADA GUBERNAMENTAL,complementario,False,1,SAN TELMO,"ESTADOS UNIDOS 25, CABA",-34.618096,-58.366905,,0.0,HTTP://WWW.ANMAT.GOV.AR/PRINCIPAL.ASP,1,11.0,True
863,CENTRO DE INFORMACION Y DOCUMENTACION INSTITUTO ONCOLOGICO,BIBLIOTECA,UNIVERSITARIA Y/O CIENTIFICO TECNICA,complementario,False,1,SAN NICOLAS,"TUCUMAN 731, CABA",-34.601122,-58.377186,,0.0,WWW.ASARCA.ORG.AR,1,220.0,False
864,CENTRO ESTADISTICO DE SERVICIOS (CES),BIBLIOTECA,ESPECIALIZADA GUBERNAMENTAL,complementario,False,1,MONSERRAT,"ROCA, JULIO A., PRESIDENTE DIAGONAL SUR AV. 615, CABA",-34.610285,-58.374959,,0.0,WWW.INDEC.MECON.GOV.AR/CONTACTO/SERVICIO_CES.ASP,1,2.0,True
865,CENTRO FRANCES DE DOCUMENTACION TECNICA CENTRO DE CIENTIFICOS Y TECNICOS ARGENTINO FRANCES,BIBLIOTECA,COMUNITARIA Y/O EXTRANJERA,complementario,False,1,SAN NICOLAS,"RIVADAVIA AV. 1367, CABA",-34.608724,-58.385818,,0.0,HTTP://WWW.CECTAF.ORG.AR,1,257.0,False
866,CENTRO NACIONAL DE INFORMACION Y DOCUMENTACION EDUCATIVA,BIBLIOTECA,ESPECIALIZADA GUBERNAMENTAL,complementario,False,2,RECOLETA,"PIZZURNO 953, CABA",-34.597906,-58.391207,,0.0,WWW.BNM.ME.GOV.AR/I/CENTRO_DOC/INTRO.PHP,1,78.0,True
867,CENTRO NAVAL,BIBLIOTECA,ESPECIALIZADA GUBERNAMENTAL,complementario,False,1,RETIRO,"FLORIDA 801, CABA",-34.598507,-58.375328,,0.0,WWW.CENTRONAVAL.ORG.AR,1,102.0,True
868,CENTRO VICTORIA OCAMPO,BIBLIOTECA,HISTORICA,complementario,False,2,RECOLETA,"AGUERO 2502, CABA",-34.584762,-58.397754,,0.0,,1,191.0,False
870,COORDINACION DEL PLAN ESTRATEGICO,BIBLIOTECA,ESPECIALIZADA GUBERNAMENTAL,complementario,False,1,MONSERRAT,"BOLIVAR 191, CABA",-34.610119,-58.373529,,0.0,,1,14.0,True
871,DEPARTAMENTO DE BIBLIOTECA Y CENTRO DE DOCUMENTACION,BIBLIOTECA,ESPECIALIZADA GUBERNAMENTAL,complementario,False,1,SAN NICOLAS,"SARMIENTO 329, CABA",-34.604247,-58.371429,,0.0,HTTP://WWW.JUS.GOB.AR/CONTACTO.ASPX,1,3.0,True
872,DEPARTAMENTO DE DOCUMENTACION E INFORMACION BIBLIOGRAFICA,BIBLIOTECA,ESPECIALIZADA GUBERNAMENTAL,complementario,False,1,SAN TELMO,"CHILE 460, CABA",-34.616056,-58.372495,,0.0,WWW.INTA.GOV.AR/INFO/BIBLIO/BIBCENTRO.HTM,1,58.0,True
873,DEPARTAMENTO DE PUBLICACIONES Y BIBLIOTECA,BIBLIOTECA,ESPECIALIZADA GUBERNAMENTAL,complementario,False,2,RECOLETA,"POSADAS 1641, CABA",-34.58661,-58.388582,,0.0,,1,120.0,True
876,DIRECCION DE ESTUDIOS HISTORICOS,BIBLIOTECA,ESPECIALIZADA GUBERNAMENTAL,complementario,False,1,SAN NICOLAS,"VIAMONTE 153, CABA",-34.599415,-58.370332,,0.0,,1,79.0,True
877,DIRECCION DE INFORMACION PARLAMENTARIA,BIBLIOTECA,ESPECIALIZADA GUBERNAMENTAL,complementario,False,3,BALVANERA,"RIVADAVIA AV. 1864, CABA",-34.609235,-58.39286,,0.0,WWW.DIPUTADOS.GOV.AR,1,259.0,False
878,DIRECCION DE REFERENCIA LEGISLATIVA,BIBLIOTECA,ESPECIALIZADA GUBERNAMENTAL,complementario,False,1,SAN NICOLAS,"VIAMONTE 1147, CABA",-34.600327,-58.383331,,0.0,HTP//WWW.PJN.GOV.AR,1,133.0,True
879,DIRECCION GENERAL DE BASES DE DATOS JURIDICAS (SAIJ),BIBLIOTECA,ESPECIALIZADA GUBERNAMENTAL,complementario,False,1,MONSERRAT,"MORENO 1228, CABA",-34.6121,-58.383772,,0.0,WWW.SAIJ.JUS.GOV.AR/HTMLDOCS/SISTEMA/RG,1,128.0,True
880,"DIRECCION NACIONAL DE COMUNICACION, INFORMACION Y DIFUSI?N",BIBLIOTECA,ESPECIALIZADA GUBERNAMENTAL,complementario,False,1,MONSERRAT,"PASEO COLON AV. 275, CABA",-34.610899,-58.369831,,0.0,WWW.CNM.GOV.AR,1,120.0,True
882,GERENCIA DE PLANIFICACION DEL CONTROL,BIBLIOTECA,ESPECIALIZADA GUBERNAMENTAL,complementario,False,1,SAN NICOLAS,"MITRE, BARTOLOME 760, CABA",-34.607039,-58.377264,,0.0,WWW.ENTEDELACIUDAD.GOV.AR,1,184.0,False
883,INFOLEG,BIBLIOTECA,GENERAL,complementario,False,1,MONSERRAT,"YRIGOYEN, HIPOLITO AV. 1750, CABA",-34.610301,-58.39093,,0.0,HTTP://WWW.BCNBIB.GOV.AR/,1,125.0,True
884,INFORMACION Y BIBLIOTECA,BIBLIOTECA,ESPECIALIZADA GUBERNAMENTAL,complementario,False,1,SAN NICOLAS,"SUIPACHA 636, CABA",-34.600902,-58.379664,,0.0,WWW.ENARGAS.GOV.AR,1,6.0,True
886,ISTITUTO ITALIANO DI CULTURA DI BUENOS AIRES,BIBLIOTECA,COMUNITARIA Y/O EXTRANJERA,complementario,False,1,RETIRO,"ALVEAR, MARCELO T. DE 1119, CABA",-34.596804,-58.383242,,0.0,HTTP://WWW.IICBUENOSAIRES.ESTERI.IT/IIC_BUENOSAIRES/ES/ISTITUTO,1,7.0,True
887,LABORATORIO DE INVESTIGACIONES SENSORIALES,BIBLIOTECA,UNIVERSITARIA Y/O CIENTIFICO TECNICA,complementario,False,2,RECOLETA,"CORDOBA AV. 2351, CABA",-34.59945,-58.400643,,0.0,HTTP://WWW.LIS.SECYT.GOV.AR,1,15.0,True
888,MEDIATECA DE PATRIMONIO,BIBLIOTECA,ESPECIALIZADA GUBERNAMENTAL,complementario,False,1,MONSERRAT,"DE MAYO AV. 575, CABA",-34.608487,-58.374405,,0.0,HTTP://BUENOSAIRES.GOB.AR/BIBLIOTECAS,1,82.0,True
889,MEDIATHEQUE,BIBLIOTECA,COMUNITARIA Y/O EXTRANJERA,complementario,False,1,SAN NICOLAS,"CORDOBA AV. 946, CABA",-34.599076,-58.380367,,0.0,HTTP://WWW.ALIANZAFRANCESA.ORG.AR/MEDIATECA,1,9.0,True
890,MEMORIA ABIERTA - PROYECTO TRATAMIENTO DOCUMENTAL,BIBLIOTECA,UNIVERSITARIA Y/O CIENTIFICO TECNICA,complementario,False,1,SAN NICOLAS,"CALLAO AV. 569, CABA",-34.602455,-58.392416,,0.0,,1,55.0,True
891,PROBISAM. RED DE BIBLIOTECAS DE INFORMACION EN SALUD MENTAL,BIBLIOTECA,ESPECIALIZADA GUBERNAMENTAL,complementario,False,3,BALVANERA,"CORDOBA AV. 3120, CABA",-34.598141,-58.410927,,0.0,WWW.BUENOSAIRES.GOV.AR/AREAS/SALUD/S_MENTAL/SALUDMENTAL_BIBLIO.PHP?MENU_ID=17862,1,10.0,True
892,SECRETARIA ACADEMICA,BIBLIOTECA,UNIVERSITARIA Y/O CIENTIFICO TECNICA,complementario,False,1,RETIRO,"URUGUAY 1037, CABA",-34.596636,-58.387043,,0.0,WWW.CARI1.ORG.AR/PUBLICACIONES.HTML,1,46.0,True
893,SECRETARIA DE CARRERA ADMINISTRATIVA,BIBLIOTECA,SINDICAL,complementario,False,3,BALVANERA,"MISIONES 55, CABA",-34.610733,-58.404578,,0.0,WWW.UPCN.ORG.AR,1,5.0,True
894,SEMINARIO DE EDICION Y CRITICA TEXTUAL,BIBLIOTECA,UNIVERSITARIA Y/O CIENTIFICO TECNICA,complementario,False,2,RECOLETA,"ALVEAR, MARCELO T. DE 1694, CABA",-34.597244,-58.390936,,0.0,HTTP://WWW.CONICET.GOV.AR/WEBUE/SECRIT/,1,10.0,True
895,SERVICIO DE DOCUMENTACION E INFORMACION LEGAL-GERENCIA DE ASUNTOS JURIDICOS,BIBLIOTECA,UNIVERSITARIA Y/O CIENTIFICO TECNICA,complementario,False,3,BALVANERA,"AYACUCHO 555, CABA",-34.602679,-58.395444,,0.0,WWW.FLACSO.ORG.AR/BIBLIOTECA.PHP,1,58.0,True
896,SERVICIO DE INFORMACION PUBLICA Y BIBLIOTECA,BIBLIOTECA,ESPECIALIZADA GUBERNAMENTAL,complementario,False,1,MONSERRAT,"BALCARCE 186, CABA",-34.60984,-58.370617,,0.0,CDI.MECON.GOV.AR/JURIDICOS/HOME.HTM,1,25.0,True
897,SERVICIO DE INFORMACION Y DOCUMENTACION HOSPITAL NACIONAL DE PEDIATRIA PROF DR JUAN P GARRAHAN,BIBLIOTECA,UNIVERSITARIA Y/O CIENTIFICO TECNICA,complementario,False,4,PARQUE PATRICIOS,"COMBATE DE LOS POZOS 1881, CABA",-34.630835,-58.391528,,0.0,HTTP://WWW.GARRAHAN.GOB.AR/INICIO/,1,12.0,True
898,SISTEMA DE BIBLIOTECAS VANEDUC - UAI,BIBLIOTECA,UNIVERSITARIA Y/O CIENTIFICO TECNICA,complementario,False,4,BARRACAS,"MONTES DE OCA, MANUEL AV. 745, CABA",-34.636714,-58.375057,,0.0,BIBLIOTECA.VANEDUC.EDU.AR,1,141.0,True
900,UNIDAD INVESTIGACIONES CONTABLES,BIBLIOTECA,ESPECIALIZADA GUBERNAMENTAL,complementario,False,1,MONSERRAT,"YRIGOYEN, HIPOLITO AV. 250, CABA",-34.608895,-58.370226,,0.0,WWW.MECON.GOV.AR/HACIENDA/CGN/DEFAULT1.HTM,1,109.0,True
901,UNIVERSIDAD NACIONAL DE GENERAL SAN MARTIN. LICENCIATURA EN ADMINISTRACION PUBLICA,BIBLIOTECA,UNIVERSITARIA Y/O CIENTIFICO TECNICA,complementario,False,1,SAN NICOLAS,"VIAMONTE 869, CABA",-34.600088,-58.379234,,0.0,,1,40.0,True
903,CALESITA DE DON PEPE,CALESITA,,complementario,False,4,BARRACAS,"HERRERA, CABA",-34.63796084,-58.37746479,,0.0,,1,26.0,True
908,CALESITA DE LA PLAZA CAMPANA DEL DESIERTO,CALESITA,,complementario,False,14,PALERMO,"MALABIA, CABA",-34.58894964,-58.42453231,,0.0,,1,340.0,False
911,CALESITA DE LA PLAZA MARTIN FIERRO,CALESITA,,complementario,False,3,SAN CRISTOBAL,"BARCALA, CABA",-34.62575784,-58.40858964,,0.0,,1,270.0,False
914,CALESITA DE LA PLAZA UNION LATINOAMERICANA,CALESITA,,complementario,False,14,PALERMO,"COSTA RICA, CABA",-34.59178457,-58.41947823,,0.0,,1,100.0,True
916,CALESITA DE PARQUE LEZAMA,CALESITA,,complementario,False,1,SAN TELMO,"DEFENSA, CABA",-34.62811263,-58.37050397,,0.0,,1,89.0,True
918,CALESITA DEL JARDIN ZOOLOGICO,CALESITA,,complementario,False,14,PALERMO,"DEL LIBERTADOR AV., CABA",-34.57580341,-58.41431549,,0.0,,1,18.0,True
919,CALESITA DEL PARQUE 3 DE FEBRERO,CALESITA,,complementario,False,14,PALERMO,"DEL LIBERTADOR AV., CABA",-34.575248,-58.41230898,,0.0,,1,91.0,True
922,CALESITA DEL SPINETTO,CALESITA,,complementario,False,3,BALVANERA,"ALSINA. ADOLFO, CABA",-34.61219498,-58.40009454,,0.0,,1,16.0,True
925,CALESITA EL PATO,CALESITA,,complementario,False,1,CONSTITUCION,"ENTRE RIOS AV. 1056, CABA",-34.62116001,-58.3914247,,0.0,,1,106.0,True
929,CALESITA JUAN CARLOS DE LA PLAZA REPUBLICA DE BOLIVIA,CALESITA,,complementario,False,14,PALERMO,"DEL LIBERTADOR AV., CABA",-34.56286045,-58.43698318,,0.0,,1,49.0,True
931,CALESITA PEDRITO DE LA PLAZA POMPEYA,CALESITA,,complementario,False,4,NUEVA POMPEYA,"TRAFUL, CABA",-34.65211963,-58.41607667,,0.0,,1,484.0,False
935,CARROUSEL CLASICO,CALESITA,,complementario,False,1,RETIRO,"POSADAS, CABA",-34.58887542,-58.38399285,,0.0,,1,74.0,True
936,CARROUSEL DE LOS NINOS DE LA PLAZA DEL CONGRESO,CALESITA,,complementario,False,1,MONSERRAT,"YRIGOYEN. HIPOLITO, CABA",-34.60990673,-58.38784936,,0.0,,1,111.0,True
938,LA CALESITA DE ANTONIO,CALESITA,,complementario,False,4,BARRACAS,"IRIARTE. GRAL. AV., CABA",-34.65121328,-58.38776935,,0.0,,1,766.0,False
941,LA CALESITA DE DANIEL DE LA PLAZA TTE. GRAL. EMILIO MITRE,CALESITA,,complementario,False,2,RECOLETA,"CANTILO, CABA",-34.5885376,-58.39740312,,0.0,,1,118.0,True
944,LA CALESITA DE LA PLAZA 1 DE MAYO,CALESITA,,complementario,False,3,BALVANERA,"YRIGOYEN. HIPOLITO, CABA",-34.61183845,-58.3985128,,0.0,,1,17.0,True
947,LA CALESITA DE PARQUE PATRICIOS,CALESITA,,complementario,False,4,PARQUE PATRICIOS,"CASEROS AV., CABA",-34.63796868,-58.40967236,,0.0,,1,128.0,True
949,LA CALESITA DE PEDRITO DE PARQUE LAS HERAS,CALESITA,,complementario,False,14,PALERMO,"DIAZ. CNEL. AV., CABA",-34.58410153,-58.40779825,,0.0,,1,95.0,True
953,ALIANZA FRANCESA,CENTRO CULTURAL,,exhibicion,True,14,PALERMO,"11 DE SEPTIEMBRE DE 1888 950, CABA",-34.569067,-58.441709,,0.0,WWW.ALIANZAFRANCESA.ORG.AR,1,258.0,False
954,ALIANZA FRANCESA,CENTRO CULTURAL,,exhibicion,True,1,SAN NICOLAS,"CORDOBA AV. 946, CABA",-34.599076,-58.380367,1.0,178.0,WWW.ALIANZAFRANCESA.ORG.AR,1,9.0,True
955,ALQUIMIA ESPACIO CULTURAL,CENTRO CULTURAL,,exhibicion,True,14,PALERMO,"RAVIGNANI, EMILIO, DR. 1408, CABA",-34.5842416,-58.4425332,,,,1,155.0,False
957,AMATA.3,CENTRO CULTURAL,,exhibicion,True,4,BARRACAS,"GUALEGUAY 1290, CABA",-34.63283,-58.37101,,,,1,263.0,False
960,AREPERA MISS VENEZUELA TEATRO BAR,CENTRO CULTURAL,,exhibicion,True,14,PALERMO,"HUMBOLDT 2341, CABA",-34.57988,-58.42959,,,,1,188.0,False
964,ASOC. CIVIL LA BOMBOCOVA,CENTRO CULTURAL,,exhibicion,True,4,BARRACAS,"PERDRIEL 449, CABA",-34.638479,-58.386662,,0.0,http://labombocova.com/equipo/,1,161.0,False
966,ASOCIACION CENTRO BETANZOS,CENTRO CULTURAL,,exhibicion,True,1,MONSERRAT,"REPUBLICA BOLIVARIANA DE VENEZUELA 1534, CABA",-34.614717,-58.388003,,0.0,,1,88.0,True
967,ASOCIACION CULTURAL ARMENIA,CENTRO CULTURAL,,exhibicion,True,14,PALERMO,"ARMENIA 1366, CABA",-34.591661,-58.430751,,0.0,www.acaculturalarmenia.org.ar,1,173.0,False
969,ASOCIACION DANTE ALIGHIERI,CENTRO CULTURAL,,exhibicion,True,4,BARRACAS,"MONTES DE OCA, MANUEL AV. 501, CABA",-34.634267,-58.375557,,0.0,,1,115.0,True
970,ASOCIACION DANTE ALIGHIERI,CENTRO CULTURAL,,exhibicion,True,1,SAN NICOLAS,"TUCUMAN 1646, CABA",-34.601881,-58.390189,,0.0,WWW.DANTE.EDU.AR,1,9.0,True
972,ASOCIACION UCRANIA DE CULTURA PROVISTA EN LA REPUBLICA ARGENTINA,CENTRO CULTURAL,,exhibicion,True,14,PALERMO,"SOLER 5039, CABA",-34.584354,-58.428113,1.0,150.0,WWW.PROSVITA.ORG.AR,1,158.0,False
974,BALCARCE ESPACIO CULTURAL,CENTRO CULTURAL,,exhibicion,True,1,SAN TELMO,"BALCARCE 1090, CABA",-34.6204811,-58.3699307,,,,1,199.0,False
975,BARRAKESH ESPACIO CULTURAL,CENTRO CULTURAL,,exhibicion,True,4,BARRACAS,"CALIFORNIA 1672, CABA",-34.64662,-58.37273,,,,1,149.0,True
979,BATACAZO DE ARTE,CENTRO CULTURAL,,exhibicion,True,4,BARRACAS,"SUAREZ 1502, CABA",-34.63846,-58.37252,,,,1,321.0,False
981,BOLIVAR 852,CENTRO CULTURAL,,exhibicion,True,1,SAN TELMO,"BOLIVAR 852, CABA",-34.617798,-58.37303,1.0,120.0,,1,12.0,True
982,BRITISH ART CENTRE,CENTRO CULTURAL,,exhibicion,True,1,RETIRO,"SUIPACHA 1333, CABA",-34.592179,-58.380072,,0.0,WWW.BRITISHARTCENTRE.ORG.AR,1,6.0,True
983,BUENOS AIRES DANCE CLUB,CENTRO CULTURAL,,exhibicion,True,1,SAN NICOLAS,"FLORIDA 550, CABA",-34.601692,-58.375358,1.0,150.0,,1,129.0,True
989,CASA COLOMBO,CENTRO CULTURAL,,exhibicion,True,3,BALVANERA,"GALLO 557, CABA",-34.602772,-58.412806,1.0,800.0,,1,54.0,True
993,CASA CULTURAL PEPA NOIA,CENTRO CULTURAL,,exhibicion,True,1,SAN TELMO,"BRASIL 444, CABA",-34.625453,-58.371813,1.0,300.0,,1,74.0,True
994,CASA CULTURAL VICTOR JARA,CENTRO CULTURAL,,exhibicion,True,4,PARQUE PATRICIOS,"24 DE NOVIEMBRE 2273, CABA",-34.637302,-58.409148,1.0,80.0,,1,67.0,True
996,CASA DE CULTURA Y POLITICA SOFIA YUSSEN - CASA SOFIA,CENTRO CULTURAL,,exhibicion,True,14,PALERMO,"FITZ ROY 1327, CABA",-34.587321,-58.439791,1.0,80.0,http://casasofia.org.ar/,1,46.0,True
997,CASA DE LA CULTURA,CENTRO CULTURAL,,exhibicion,True,1,MONSERRAT,"DE MAYO AV. 575, CABA",-34.608487,-58.374405,,0.0,HTTP://WWW.BUENOSAIRES.GOV.AR/AREAS/CULTURA/CASA_CULTURA/,1,82.0,True
998,CASA DE LA CULTURA BARRIO MUGICA,CENTRO CULTURAL,,exhibicion,True,1,RETIRO,"FLOR DE OTONO 676, CABA",-34.5848736,-58.3801798,,,,1,288.0,False
1001,CASA DE LA CULTURA LOS COMPADRES DEL HORIZONTE,CENTRO CULTURAL,,exhibicion,True,4,PARQUE PATRICIOS,"COMBATE DE LOS POZOS 1936, CABA",-34.631037,-58.391371,,0.0,WWW.CASADELACULTURACOMPADRESDELHORIZONTE.BLOGSPOT.COM,1,15.0,True
1002,CASA DE LA PROVINCIA DE BUENOS AIRES,CENTRO CULTURAL,,exhibicion,True,1,SAN NICOLAS,"CALLAO AV. 237, CABA",-34.606324,-58.392051,,0.0,,1,51.0,True
1003,CASA DEL BICENTENARIO,CENTRO CULTURAL,,exhibicion,True,2,RECOLETA,"RIOBAMBA 985, CABA",-34.597653,-58.394671,,0.0,WWW.CASADELBICENTENARIO.GOV.AR,1,43.0,True
1005,CASA EL MATE,CENTRO CULTURAL,,exhibicion,True,1,MONSERRAT,"SANTIAGO DEL ESTERO 638, CABA",-34.61592,-58.384417,1.0,50.0,,1,80.0,True
1010,CASA RODOLFO WALSH,CENTRO CULTURAL,,exhibicion,True,14,PALERMO,"NICARAGUA 4441, CABA",-34.589366,-58.423603,1.0,150.0,,1,257.0,False
1012,CASONA PLURINACIONAL DE LA CULTURA,CENTRO CULTURAL,,exhibicion,True,1,SAN TELMO,"CALVO, CARLOS 242, CABA",-34.61932,-58.36952,,,,1,214.0,False
1013,CC AMIGOS DE ELADIA BLASQUEZ,CENTRO CULTURAL,,exhibicion,True,14,PALERMO,"SANTA FE AV. 5362, CABA",-34.575379,-58.435169,1.0,150.0,-,1,144.0,True
1015,CDCA,CENTRO CULTURAL,,exhibicion,True,1,SAN TELMO,"ESTADOS UNIDOS 425, CABA",-34.618453,-58.371904,,,,1,102.0,True
1016,CECAM - CENTRO CULTURAL DE LAS ARTES DEL MOVIMIENTO,CENTRO CULTURAL,,exhibicion,True,3,BALVANERA,"CHILE 2958, CABA",-34.6189374,-58.407335,,,,1,81.0,True
1017,CENTRAL DE CREACION,CENTRO CULTURAL,,exhibicion,True,3,SAN CRISTOBAL,"CALVO, CARLOS 2241, CABA",-34.62071,-58.39775,,,,1,7.0,True
1018,CENTRO ARZUANO MELLIDENSE - CAM -,CENTRO CULTURAL,,exhibicion,True,3,SAN CRISTOBAL,"COCHABAMBA 3245, CABA",-34.62635,-58.411099,,0.0,https://sites.google.com/site/centroarzuanomellidense/?fbclid=IwAR2fg3c2gE7k5azBtRhYQTC2G7D_cKL74SvBBQx3UqWJzS8WCCsloe3va1A,1,284.0,False
1019,CENTRO BARRIAL Y SOCIAL INDEPENDENCIA,CENTRO CULTURAL,,exhibicion,True,3,BALVANERA,"INDEPENDENCIA AV. 2781, CABA",-34.61899,-58.40468,,,,1,160.0,False
1026,CENTRO CULTURAL ALFONSINA STORNI,CENTRO CULTURAL,ESPACIO DE FORMACION DEL PCB,exhibicion,True,3,BALVANERA,"TUCUMAN 3233, CABA",-34.600328,-58.411616,,0.0,HTTP://WWW.BUENOSAIRES.GOB.AR/AREAS/CULTURA/CEN_CULTURALES/PROG_BARRIOS.PHP,1,5.0,True
1027,CENTRO CULTURAL AMERINDIA,CENTRO CULTURAL,,exhibicion,True,3,BALVANERA,"LA RIOJA 641, CABA",-34.6178215,-58.4081767,,,,1,53.0,True
1028,CENTRO CULTURAL ANIBAL TROILO,CENTRO CULTURAL,ESPACIO DE FORMACION DEL PCB,exhibicion,True,14,PALERMO,"GORRITI 5740, CABA",-34.583805,-58.438771,,0.0,HTTP://WWW.BUENOSAIRES.GOB.AR/AREAS/CULTURA/CEN_CULTURALES/PROG_BARRIOS.PHP,1,14.0,True
1031,CENTRO CULTURAL ARGENTINO CROATA DE SAN TELMO,CENTRO CULTURAL,,exhibicion,True,1,SAN TELMO,"BOLIVAR 1556, CABA",-34.62603,-58.37255,,,,1,7.0,True
1040,CENTRO CULTURAL BONPLAND,CENTRO CULTURAL,,exhibicion,True,14,PALERMO,"BONPLAND 1660, CABA",-34.5835219,-58.4380696,,,,1,62.0,True
1041,CENTRO CULTURAL BORGES,CENTRO CULTURAL,,exhibicion,True,1,SAN NICOLAS,"VIAMONTE 525, CABA",-34.599801,-58.374699,1.0,160.0,WWW.CCBORGES.ORG.AR,1,56.0,True
1042,CENTRO CULTURAL BUDA BAR,CENTRO CULTURAL,,exhibicion,True,14,PALERMO,"COSTA RICA 4659, CABA",-34.588321,-58.426697,1.0,500.0,,1,163.0,False
1043,CENTRO CULTURAL CARAS Y CARETAS,CENTRO CULTURAL,,exhibicion,True,1,MONSERRAT,"REPUBLICA BOLIVARIANA DE VENEZUELA 330, CABA",-34.61361,-58.37096,,0.0,WWW.CARASYCARETAS.ORG,1,209.0,False
1044,CENTRO CULTURAL CASIOPEA,CENTRO CULTURAL,,exhibicion,True,4,PARQUE PATRICIOS,"ZAVALETA 443, CABA",-34.64229,-58.40262,,,,1,345.0,False
1047,CENTRO CULTURAL COFA,CENTRO CULTURAL,,exhibicion,True,1,RETIRO,"QUINTANA, MANUEL, PRES. 161, CABA",-34.59106,-58.38657,,,,1,45.0,True
1049,CENTRO CULTURAL COREANO,CENTRO CULTURAL,,exhibicion,True,1,RETIRO,"MAIPU 972, CABA",-34.596661,-58.376987,,0.0,http://argentina.korean-culture.org/,1,42.0,True
1051,CENTRO CULTURAL DE ESPANA EN BUENOS AIRES,CENTRO CULTURAL,,exhibicion,True,2,RECOLETA,"PARANA 1159, CABA",-34.595287,-58.388443,,0.0,WWW.CCEBA.ORG.AR,1,68.0,True
1052,CENTRO CULTURAL DE LA CIENCIA,CENTRO CULTURAL,,exhibicion,True,14,PALERMO,"GODOY CRUZ 2270, CABA",-34.582983,-58.429047,,0.0,http://ccciencia.gob.ar/,1,15.0,True
1053,CENTRO CULTURAL DE LA COOPERACION FLOREAL GORINI,CENTRO CULTURAL,,exhibicion,True,1,SAN NICOLAS,"CORRIENTES AV. 1543, CABA",-34.60415,-58.388541,6.0,771.0,WWW.CENTROCULTURAL.COOP,1,2.0,True
1054,CENTRO CULTURAL DE LA INDIA GUNGUR,CENTRO CULTURAL,,exhibicion,True,14,PALERMO,"CABRERA, JOSE A. 4175, CABA",-34.595701,-58.424526,,,,1,128.0,True
1056,CENTRO CULTURAL DE LA REPUBLICA DEL PARAGUAY,CENTRO CULTURAL,,exhibicion,True,3,BALVANERA,"TUCUMAN 1833, CABA",-34.6019193,-58.3930927,,,,1,10.0,True
1057,CENTRO CULTURAL DE LOS ARTISTAS,CENTRO CULTURAL,,exhibicion,True,4,BOCA,"MAGALLANES 859, CABA",-34.639671,-58.362675,,0.0,,1,81.0,True
1059,CENTRO CULTURAL DEL BAJO FLORES,CENTRO CULTURAL,ESPACIO DE FORMACION DEL PCB,exhibicion,True,4,NUEVA POMPEYA,"RIESTRA AV. 1650, CABA",-34.645388,-58.432802,,0.0,HTTP://WWW.BUENOSAIRES.GOB.AR/AREAS/CULTURA/CEN_CULTURALES/PROG_BARRIOS.PHP,1,1403.0,False
1060,CENTRO CULTURAL DEL PARTIDO DE LA ESTRADA,CENTRO CULTURAL,,exhibicion,True,3,BALVANERA,"MEXICO 2849, CABA",-34.617615,-58.406092,,0.0,,1,7.0,True
1063,CENTRO CULTURAL E INFORMATIVO DE LA EMBAJADA DE JAPON,CENTRO CULTURAL,,exhibicion,True,1,SAN NICOLAS,"BOUCHARD 547, CABA",-34.60147,-58.369143,,0.0,WWW.AR.EMB-JAPAN.GO.JP,1,8.0,True
1064,CENTRO CULTURAL EL CANTARO,CENTRO CULTURAL,,exhibicion,True,4,PARQUE PATRICIOS,"CASEROS AV. 2516, CABA",-34.635758,-58.397696,,0.0,,1,27.0,True
1065,CENTRO CULTURAL EL DESEO,CENTRO CULTURAL,,exhibicion,True,3,BALVANERA,"SAAVEDRA 569, CABA",-34.61634,-58.402809,2.0,60.0,,1,46.0,True
1067,CENTRO CULTURAL EL SUENERO,CENTRO CULTURAL,,exhibicion,True,4,BOCA,"LIBERTI, TOMAS 1133, CABA",-34.6316,-58.369571,1.0,60.0,http://elsueniero.org.ar,1,132.0,True
1072,CENTRO CULTURAL FORTUNATO LACAMERA,CENTRO CULTURAL,ESPACIO DE FORMACION DEL PCB,exhibicion,True,1,SAN TELMO,"SAN JUAN AV. 353, CABA",-34.621695,-58.370297,,0.0,HTTP://WWW.BUENOSAIRES.GOB.AR/AREAS/CULTURA/CEN_CULTURALES/PROG_BARRIOS.PHP,1,180.0,False
1073,CENTRO CULTURAL HOMERO MANZI,CENTRO CULTURAL,ESPACIO DE FORMACION DEL PCB,exhibicion,True,4,NUEVA POMPEYA,"TILCARA 3365, CABA",-34.654745,-58.420409,,0.0,HTTP://WWW.BUENOSAIRES.GOB.AR/AREAS/CULTURA/CEN_CULTURALES/PROG_BARRIOS.PHP,1,223.0,False
1074,CENTRO CULTURAL ISLAMICO,CENTRO CULTURAL,,exhibicion,True,14,PALERMO,"BULLRICH, INT. AV. 55, CABA",-34.573125,-58.424409,,0.0,WWW.CCISLAMICOREYFAHD.ORG.AR,1,15.0,True
1077,CENTRO CULTURAL KIRCHNER - CCK,CENTRO CULTURAL,,exhibicion,True,1,SAN NICOLAS,"SARMIENTO 151, CABA",-34.604238,-58.369377,,0.0,HTTP://WWW.CULTURALKIRCHNER.GOB.AR/,1,17.0,True
1078,CENTRO CULTURAL LA BOCA DEL RIACHUELO,CENTRO CULTURAL,,exhibicion,True,4,BOCA,"CABOTO 593, CABA",-34.6293098,-58.3587193,,,,1,14.0,True
1080,CENTRO CULTURAL LA CASONA DE ARENA,CENTRO CULTURAL,,exhibicion,True,4,NUEVA POMPEYA,"ALMAFUERTE AV. 735, CABA",-34.64605,-58.41484,,,,1,233.0,False
1082,CENTRO CULTURAL LA USINA,CENTRO CULTURAL,ESPACIO DE FORMACION DEL PCB,exhibicion,True,4,BARRACAS,"SANTO DOMINGO 2752, CABA",-34.653559,-58.385351,,0.0,HTTP://WWW.BUENOSAIRES.GOB.AR/AREAS/CULTURA/CEN_CULTURALES/PROG_BARRIOS.PHP,1,453.0,False
1083,CENTRO CULTURAL LEOPOLDO GONZALEZ,CENTRO CULTURAL,,exhibicion,True,1,SAN TELMO,"INDEPENDENCIA AV. 446, CABA",-34.617272,-58.372328,,0.0,,1,70.0,True
1086,CENTRO CULTURAL LITO CRUZ,CENTRO CULTURAL,,exhibicion,True,1,SAN NICOLAS,"PARANA 628, CABA",-34.6013381,-58.3882311,,,,1,45.0,True
1092,CENTRO CULTURAL MATTA - EMBAJADA DE CHILE,CENTRO CULTURAL,,exhibicion,True,14,PALERMO,"TAGLE 2772, CABA",-34.5812,-58.39849,,,,1,12.0,True
1093,CENTRO CULTURAL MIGUEL MIRANDA,CENTRO CULTURAL,,exhibicion,True,4,PARQUE PATRICIOS,"LUCA, ESTEBAN DE 2270, CABA",-34.63605,-58.40217,,,,1,100.0,True
1097,CENTRO CULTURAL NUESTRA TIERRA,CENTRO CULTURAL,ESPACIO DE FORMACION DEL PCB,exhibicion,True,4,BARRACAS,"IRIARTE, GRAL. AV. 3500, CABA",-34.65143,-58.39662,,0.0,WWW.BUENOSAIRES.GOB.AR/AREAS/CULTURA/CEN_CULTURALES/PROG_BARRIOS.PHP,1,974.0,False
1099,CENTRO CULTURAL PACO URONDO,CENTRO CULTURAL,,exhibicion,True,1,SAN NICOLAS,"25 DE MAYO 201, CABA",-34.605306,-58.370908,,0.0,WWW.PACOURONDO.FILO.UBA.AR,1,118.0,True
1100,CENTRO CULTURAL PKR,CENTRO CULTURAL,,exhibicion,True,2,RECOLETA,"SANTA FE AV. 2520, CABA",-34.594489,-58.402618,,,,1,102.0,True
1103,CENTRO CULTURAL RECOLETA,CENTRO CULTURAL,,exhibicion,True,2,RECOLETA,"JUNIN 1930, CABA",-34.586496,-58.391578,,100.0,WWW.CENTROCULTURALRECOLETA.ORG,1,172.0,False
1104,CENTRO CULTURAL RICARDO ROJAS,CENTRO CULTURAL,,exhibicion,True,3,BALVANERA,"CORRIENTES AV. 2038, CABA",-34.604591,-58.395865,,0.0,http://www.rojas.uba.ar/,1,12.0,True
1105,CENTRO CULTURAL RICHARDS,CENTRO CULTURAL,,exhibicion,True,14,PALERMO,"HONDURAS 5272, CABA",-34.587078,-58.432686,,0.0,https://ccrichards.com,1,33.0,True
1108,CENTRO CULTURAL SAN MARTIN,CENTRO CULTURAL,,exhibicion,True,1,SAN NICOLAS,"SARMIENTO 1551, CABA",-34.605371,-58.388586,,0.0,HTTP://WWW.CENTROCULTURALSANMARTIN.COM,1,69.0,True
1113,CENTRO CULTURAL TATO BORES,CENTRO CULTURAL,ESPACIO DE FORMACION DEL PCB,exhibicion,True,14,PALERMO,"SOLER 3929, CABA",-34.591856,-58.417256,,0.0,HTTP://WWW.BUENOSAIRES.GOB.AR/AREAS/CULTURA/CEN_CULTURALES/PROG_BARRIOS.PHP,1,224.0,False
1114,CENTRO CULTURAL THAMES,CENTRO CULTURAL,,exhibicion,True,14,PALERMO,"THAMES 1426, CABA",-34.58912,-58.43283,,,,1,68.0,True
1118,CENTRO CULTURAL Y DE CAPACITACION PROF. DR. RAMON CARRILLO,CENTRO CULTURAL,,exhibicion,True,1,MONSERRAT,"REPUBLICA BOLIVARIANA DE VENEZUELA 1283, CABA",-34.61443,-58.38426,,,,1,243.0,False
1121,CENTRO KULTURAL TRIVENCHI,CENTRO CULTURAL,,exhibicion,True,4,BARRACAS,"CASEROS AV. 1712, CABA",-34.633184,-58.386369,1.0,200.0,,1,82.0,True
1123,CENTRO OKINAWENSE,CENTRO CULTURAL,,exhibicion,True,3,SAN CRISTOBAL,"SAN JUAN AV. 2651, CABA",-34.62364,-58.40176,,,,1,286.0,False
1124,CENTRO POLITICO CULTURAL EL HORMIGUERO,CENTRO CULTURAL,,exhibicion,True,1,MONSERRAT,"YRIGOYEN, HIPOLITO 1440, CABA",-34.610026,-58.386843,1.0,150.0,,1,123.0,True
1125,CENTRO SALAMANCA RECREATIVO CULTURAL Y S,CENTRO CULTURAL,,exhibicion,True,3,SAN CRISTOBAL,"INDEPENDENCIA AV. 2540, CABA",-34.6189172,-58.4015542,,,,1,199.0,False
1126,CENTRO SOCIAL Y CULTURAL CASA CAMBALACHE,CENTRO CULTURAL,,exhibicion,True,1,SAN TELMO,"DEFENSA 1179, CABA",-34.62158,-58.3714,,,,1,129.0,True
1127,CHELA,CENTRO CULTURAL,,exhibicion,True,4,PARQUE PATRICIOS,"IGUAZU 451, CABA",-34.642937,-58.405996,,0.0,http://chela.org.ar/,1,302.0,False
1130,CIUDAD CULTURAL KONEX,CENTRO CULTURAL,,exhibicion,True,3,BALVANERA,"SARMIENTO 3125, CABA",-34.606634,-58.410398,3.0,878.0,WWW.CCKONEX.ORG,1,144.0,True
1131,CLASICO FERNANDEZ,CENTRO CULTURAL,,exhibicion,True,1,SAN TELMO,"PIEDRAS 1020, CABA",-34.619969,-58.37723,1.0,72.0,WWW.CLASICOFERNANDEZ.COM.AR,1,133.0,True
1134,CLUB CULTURAL FAUNA,CENTRO CULTURAL,,exhibicion,True,1,MONSERRAT,"RIVADAVIA AV. 1134, CABA",-34.608652,-58.3825559,,,,1,169.0,False
1135,CLUB CULTURAL MARES,CENTRO CULTURAL,,exhibicion,True,14,PALERMO,"EL SALVADOR 5958, CABA",-34.58044,-58.43902,,,,1,75.0,True
1139,COMPADRES DEL HORIZONTE,CENTRO CULTURAL,,exhibicion,True,4,PARQUE PATRICIOS,"COMBATE DE LOS POZOS 1986, CABA",-34.63144,-58.39129,,,,1,6.0,True
1141,COMPLEJO CULTURAL SANIDAD,CENTRO CULTURAL,,exhibicion,True,3,BALVANERA,"REPUBLICA BOLIVARIANA DE VENEZUELA 2255, CABA",-34.614978,-58.398672,,0.0,https://www.atsa.org.ar/ccs/,1,216.0,False
1142,CONCEPTO AMARANTE,CENTRO CULTURAL,,exhibicion,True,4,NUEVA POMPEYA,"USPALLATA 3838, CABA",-34.64178,-58.41694,,,,1,93.0,True
1143,CONGO,CENTRO CULTURAL,,exhibicion,True,14,PALERMO,"HONDURAS 5329, CABA",-34.586565,-58.43316,1.0,150.0,https://congoclubcultural.com.ar,1,38.0,True
1145,CONVENTILLO CENTRO CULTURAL DE NELLY,CENTRO CULTURAL,,exhibicion,True,4,BOCA,"SUAREZ 557, CABA",-34.63618,-58.36113,,,,1,75.0,True
1150,CULTURA FARO,CENTRO CULTURAL,,exhibicion,True,1,SAN NICOLAS,"SUIPACHA 119, CABA",-34.60689,-58.37926,,,,1,5.0,True
1154,CULTURAL PICHINCHA 1080,CENTRO CULTURAL,,exhibicion,True,3,SAN CRISTOBAL,"PICHINCHA 1080, CABA",-34.6216042,-58.3981807,,,,1,91.0,True
1156,CULTURAL VIVVO,CENTRO CULTURAL,,exhibicion,True,14,PALERMO,"NICARAGUA 4462, CABA",-34.58927,-58.4239,,,,1,283.0,False
1160,DRAGON,CENTRO CULTURAL,,exhibicion,True,14,PALERMO,"BONPLAND 1690, CABA",-34.583481,-58.437574,,0.0,,1,94.0,True
1161,DUMONT,CENTRO CULTURAL,,exhibicion,True,2,RECOLETA,"AYACUCHO 920, CABA",-34.598388,-58.395981,1.0,220.0,,1,121.0,True
1163,E.C.U ESPACIO CULTURAL UOCRA,CENTRO CULTURAL,,exhibicion,True,3,BALVANERA,"BELGRANO AV. 1870, CABA",-34.613973,-58.392679,,0.0,http://ecu.uocra.org/,1,267.0,False
1164,EL ARBOL CULTURAL (SAS) / LA CASA DEL ARBOL,CENTRO CULTURAL,,exhibicion,True,14,PALERMO,"CORDOBA AV. 5217, CABA",-34.58998,-58.43641,1.0,94.0,https://www.casadelarbol.com.ar/,1,12.0,True
1165,EL BORDE,CENTRO CULTURAL,,exhibicion,True,4,BOCA,"NECOCHEA 549, CABA",-34.62926,-58.36284,,,,1,158.0,False
1169,EL DONN,CENTRO CULTURAL,,exhibicion,True,14,PALERMO,"GUEMES 3825, CABA",-34.58712,-58.41592,,,,1,35.0,True
1170,EL EMERGENTE ABASTO,CENTRO CULTURAL,,exhibicion,True,3,BALVANERA,"GALLO 333, CABA",-34.604713,-58.413265,1.0,150.0,http://elemergente.com.ar/,1,64.0,True
1171,EL GALPON,CENTRO CULTURAL,,exhibicion,True,14,PALERMO,"VEGA, NICETO, CNEL. AV. 5976, CABA",-34.583991,-58.44339,,0.0,,1,127.0,True
1177,EL SABATO ESPACIO CULTURAL,CENTRO CULTURAL,,exhibicion,True,3,BALVANERA,"URIBURU JOSE E., PRES. 763, CABA",-34.6003207,-58.3985658,,,,1,14.0,True
1178,EL TALLER DE JACINTO ESPACIO DE ARTE,CENTRO CULTURAL,,exhibicion,True,4,BOCA,"QUINQUELA MARTIN, BENITO 1201, CABA",-34.642704,-58.367322,1.0,150.0,,1,349.0,False
1181,EL TIPOGRAFICO,CENTRO CULTURAL,,exhibicion,True,3,SAN CRISTOBAL,"SAN JUAN AV. 3246, CABA",-34.624942,-58.41115,1.0,150.0,http://eltipografico.com.ar/,1,232.0,False
1182,EL ZORZAL ESQUINA CULTURAL,CENTRO CULTURAL,,exhibicion,True,3,BALVANERA,"JAURES, JEAN 690, CABA",-34.6020822,-58.4082477,,,,1,101.0,True
1185,ENCUPULA,CENTRO CULTURAL,,exhibicion,True,1,RETIRO,"CORDOBA AV. 807, CABA",-34.59883,-58.37842,,,,1,122.0,True
1193,ESPACIO CULTURAL BOLAVAR,CENTRO CULTURAL,,exhibicion,True,1,SAN TELMO,"BOLIVAR 1019, CABA",-34.6198437,-58.3730662,,,,1,13.0,True
1197,ESPACIO CULTURAL DEL SUR,CENTRO CULTURAL,,exhibicion,True,4,BARRACAS,"CASEROS AV. 1750, CABA",-34.633312,-58.386816,,0.0,HTTP://WWW.BUENOSAIRES.GOB.AR/CULTURA/PROMOCION/ESPACIOSCULTURALES/DELSUR,1,40.0,True
1198,ESPACIO CULTURAL DOBLAR EL VIENTO,CENTRO CULTURAL,,exhibicion,True,1,SAN NICOLAS,"MONTEVIDEO 236, CABA",-34.60621927,-58.38945445,,,,1,18.0,True
1199,ESPACIO CULTURAL EMBAJADA DEL BRASIL,CENTRO CULTURAL,,exhibicion,True,1,RETIRO,"ARROYO 1138, CABA",-34.591582,-58.383568,,0.0,WWW.BUENOSAIRES.ITAMARATY.GOV.AR,1,293.0,False
1200,ESPACIO CULTURAL EUREKA,CENTRO CULTURAL,,exhibicion,True,14,PALERMO,"CHARCAS 4335, CABA",-34.583442,-58.42337,1.0,50.0,http://www.centroenjambre.com.ar/,1,42.0,True
1206,ESPACIO CULTURAL JUAN RODO,CENTRO CULTURAL,,exhibicion,True,14,PALERMO,"GODOY CRUZ 2655, CABA",-34.579259,-58.425708,2.0,80.0,www.escuelajuanrodo.com.ar,1,11.0,True
1207,ESPACIO CULTURAL JULIAN CENTEYA,CENTRO CULTURAL,,exhibicion,True,3,SAN CRISTOBAL,"SAN JUAN AV. 3255, CABA",-34.624795,-58.411335,,0.0,HTTP://WWW.BUENOSAIRES.GOB.AR/CULTURA/PROMOCION/ESPACIOSCULTURALES/CENTEYA,1,212.0,False
1212,ESPACIO CULTURAL OEI,CENTRO CULTURAL,,exhibicion,True,2,RECOLETA,"PARAGUAY 1514, CABA",-34.5985667,-58.3884343,,,,1,90.0,True
1214,ESPACIO CULTURAL SAN ANDRES,CENTRO CULTURAL,,exhibicion,True,1,MONSERRAT,"PERU 352, CABA",-34.612211,-58.374714,,0.0,http://www.sanandres.org.ar/,1,125.0,True
1215,ESPACIO CULTURAL SOMA,CENTRO CULTURAL,,exhibicion,True,3,BALVANERA,"ZELAYA 3122, CABA",-34.6017908,-58.4099572,,,,1,118.0,True
1218,ESPACIO EL ZONKO,CENTRO CULTURAL,,exhibicion,True,3,SAN CRISTOBAL,"PAVON 2552, CABA",-34.62743,-58.40073,,,,1,362.0,False
1233,ESPACIO VALEU,CENTRO CULTURAL,,exhibicion,True,14,PALERMO,"COSTA RICA 4929, CABA",-34.586496,-58.429428,1.0,150.0,,1,151.0,False
1234,ESPACIO37,CENTRO CULTURAL,,exhibicion,True,14,PALERMO,"EL SALVADOR 4607, CABA",-34.590006,-58.426129,1.0,140.0,,1,232.0,False
1235,ESQUINA REBELDE CENTRO CULTURAL,CENTRO CULTURAL,,exhibicion,True,3,BALVANERA,"GALLO 769, CABA",-34.600763,-58.412339,1.0,100.0,,1,58.0,True
1237,EXPRESO IMAGINARIO,CENTRO CULTURAL,,exhibicion,True,4,BOCA,"OLAVARRIA 664, CABA",-34.63767,-58.36208,,,,1,95.0,True
1239,FACULTAD DE PSICOLOGIA - UBA,CENTRO CULTURAL,,exhibicion,True,3,BALVANERA,"INDEPENDENCIA AV. 3065, CABA",-34.619829,-58.408762,,0.0,,1,136.0,True
1240,FEDRO,CENTRO CULTURAL,,exhibicion,True,1,SAN TELMO,"CALVO, CARLOS 578, CABA",-34.619687,-58.374044,1.0,100.0,HTTP://FEDROSANTELMO.WORDPRESS.COM,1,101.0,True
1241,FEELING MULTIESPACIO,CENTRO CULTURAL,,exhibicion,True,14,PALERMO,"HONDURAS 4648, CABA",-34.591217,-58.426469,1.0,150.0,,1,107.0,True
1242,FELIZA CULTURA ARCOIRIS,CENTRO CULTURAL,,exhibicion,True,2,RECOLETA,"CORDOBA AV. 3271, CABA",-34.597876,-58.412845,1.0,300.0,,1,16.0,True
1247,FUNDACION HASTINAPURA,CENTRO CULTURAL,,exhibicion,True,2,RECOLETA,"GUEMES 2981, CABA",-34.591966,-58.408611,1.0,25.0,,1,246.0,False
1248,FUNDACION MERCEDES SOSA,CENTRO CULTURAL,,exhibicion,True,1,SAN TELMO,"HUMBERTO 1 378, CABA",-34.620698,-58.371153,,0.0,http://www.mercedessosa.org/centro-cultural/,1,155.0,False
1249,FUNDACION NAUM KNOP,CENTRO CULTURAL,,exhibicion,True,4,PARQUE PATRICIOS,"CATAMARCA 1747, CABA",-34.630787,-58.402216,,,,1,243.0,False
1251,GALPON BAIGORRI,CENTRO CULTURAL,,exhibicion,True,4,BARRACAS,"BAIGORRI 191, CABA",-34.63564,-58.38585,,,,1,12.0,True
1256,GALPON FACE,CENTRO CULTURAL,,exhibicion,True,4,PARQUE PATRICIOS,"DEAN FUNES 2142, CABA",-34.636199,-58.403852,,,,1,11.0,True
1257,GATO AZUL,CENTRO CULTURAL,,exhibicion,True,4,PARQUE PATRICIOS,"VELEZ SARSFIELD AV. 95, CABA",-34.635323,-58.390369,1.0,50.0,,1,132.0,True
1258,GORRITI ART CENTER,CENTRO CULTURAL,,exhibicion,True,14,PALERMO,"JUSTO, JUAN B. AV. 1617, CABA",-34.586103,-58.435948,1.0,421.0,,1,23.0,True
1259,GRUPO DE TEATRO COMUNITARIO DE POMPEYA,CENTRO CULTURAL,,exhibicion,True,4,NUEVA POMPEYA,"CHILAVERT, MARTINIANO, CORONEL 1136, CABA",-34.642087,-58.424355,,0.0,WWW.GTCPOMPEYA.BLOGSPOT.COM,1,573.0,False
1266,JACIENTO OVIEDO,CENTRO CULTURAL,,exhibicion,True,3,BALVANERA,"RIOBAMBA 434, CABA",-34.604059,-58.393951,,0.0,http://aluvionciudadano.blogspot.com,1,45.0,True
1267,JJ CIRCUITO CULTURAL,CENTRO CULTURAL,,exhibicion,True,3,BALVANERA,"JAURES, JEAN 347, CABA",-34.605987,-58.409635,1.0,250.0,,1,102.0,True
1270,LA ABADIA. CENTRO DE ARTE Y ESTUDIOS LATINOAMERICANOS,CENTRO CULTURAL,,exhibicion,True,14,PALERMO,"GOROSTIAGA 1908, CABA",-34.567897,-58.438716,,0.0,WWW.LAABADIA.ORG,1,402.0,False
1271,LA BISAGRA,CENTRO CULTURAL,,exhibicion,True,3,SAN CRISTOBAL,"SAN JUAN AV. 1826, CABA",-34.622841,-58.391955,,0.0,http://www.seamoslibresmp.com.ar/?fbclid=IwAR1gz4z7YSrcmXnDWoA3FURBVpfREUT2L0iyxL5S1mRIXecy_U4w6wBIdpA,1,268.0,False
1273,LA CASA DE LUCA PRODAN,CENTRO CULTURAL,,exhibicion,True,1,MONSERRAT,"ALSINA, ADOLFO 451, CABA",-34.610154,-58.372633,,0.0,,1,12.0,True
1282,LA ESCALERA ESPACIO DE ARTE,CENTRO CULTURAL,,exhibicion,True,14,PALERMO,"JUSTO, JUAN B. AV. 889, CABA",-34.580703,-58.428924,1.0,50.0,WWW.ESPACIOLAESCALERA.COM.AR,1,139.0,True
1285,LA GRIETA,CENTRO CULTURAL,,exhibicion,True,3,BALVANERA,"ALSINA, ADOLFO 2143, CABA",-34.61178,-58.39667,,,,1,13.0,True
1289,LA PAZ ARRIBA,CENTRO CULTURAL,,exhibicion,True,1,SAN NICOLAS,"MONTEVIDEO 421, CABA",-34.603984,-58.389366,,0.0,,1,9.0,True
1292,LA RONDA ESPACIO CULTURAL,CENTRO CULTURAL,,exhibicion,True,1,SAN NICOLAS,"VIAMONTE 1730, CABA",-34.6008507,-58.3917969,,,,1,121.0,True
1294,LA SCALA DE SAN TELMO,CENTRO CULTURAL,,exhibicion,True,1,SAN TELMO,"GIUFFRA, JOSE M.,DR. 371, CABA",-34.61781,-58.371215,2.0,102.0,WWW.LASCALA.ORG.AR,1,168.0,False
1295,LA TANGENTE,CENTRO CULTURAL,,exhibicion,True,14,PALERMO,"HONDURAS 5317, CABA",-34.586619,-58.433092,1.0,150.0,WWW.LATANGENTE.COM.AR,1,30.0,True
1299,LA VIDRIERA DE LA DGEART,CENTRO CULTURAL,,exhibicion,True,1,MONSERRAT,"PERU 374, CABA",-34.612253,-58.374711,,0.0,https://www.buenosaires.gob.ar/cultura/ensenanzaartistica/la-vidriera,1,125.0,True
1301,LABORATORIO DE FESTIVAL,CENTRO CULTURAL,,exhibicion,True,14,PALERMO,"GORRITI 5741, CABA",-34.583818,-58.438664,,0.0,,1,7.0,True
1307,LEON LEON,CENTRO CULTURAL,,exhibicion,True,14,PALERMO,"NICARAGUA 4432, CABA",-34.589495,-58.423614,1.0,60.0,,1,247.0,False
1308,LIBARIO,CENTRO CULTURAL,,exhibicion,True,14,PALERMO,"ALVAREZ, JULIAN 1315, CABA",-34.594125,-58.426013,1.0,150.0,-,1,6.0,True
1309,LOS POMPAS,CENTRO CULTURAL,,exhibicion,True,4,PARQUE PATRICIOS,"BRASIL 2640, CABA",-34.63193,-58.40119,,,,1,309.0,False
1310,LUZURIAGA CLUB SOCIAL,CENTRO CULTURAL,,exhibicion,True,4,BARRACAS,"LUZURIAGA 348, CABA",-34.638294,-58.38846,1.0,90.0,,1,227.0,False
1311,MAQUINAL ESPACIO CULTURAL,CENTRO CULTURAL,,exhibicion,True,3,BALVANERA,"ANCHORENA, TOMAS MANUEL DE, DR. 364, CABA",-34.6057032,-58.4114511,,,,1,181.0,False
1312,MI CASA,CENTRO CULTURAL,ESPECIALIZADA,exhibicion,True,3,BALVANERA,"AGUERO 793, CABA",-34.600745,-58.410866,1.0,150.0,http://www.libreriamicasa.com.ar/,1,24.0,True
1317,MORRIS,CENTRO CULTURAL,,exhibicion,True,14,PALERMO,"VEGA, NICETO, CNEL. AV. 5642, CABA",-34.586482,-58.43982,1.0,200.0,,1,116.0,True
1319,MU TRINCHER BOUTIQUE,CENTRO CULTURAL,,exhibicion,True,3,BALVANERA,"RIOBAMBA 143, CABA",-34.607656,-58.39346,1.0,150.0,https://mutrincheraboutique.org/,1,82.0,True
1320,MULTIESPACIO JXI,CENTRO CULTURAL,,exhibicion,True,14,PALERMO,"GASCON 1474, CABA",-34.59333,-58.422818,1.0,50.0,,1,126.0,True
1321,MULTIESPACIO KOROVA,CENTRO CULTURAL,,exhibicion,True,14,PALERMO,"PARAGUAY 4667, CABA",-34.583417,-58.425783,1.0,80.0,,1,198.0,False
1323,MULTIESPACIO PASCO,CENTRO CULTURAL,,exhibicion,True,3,BALVANERA,"PASCO 689, CABA",-34.617151,-58.397693,,0.0,https://multiespacio-pasco.blogspot.com/,1,20.0,True
1324,MUNAR,CENTRO CULTURAL,,exhibicion,True,4,BOCA,"DON PEDRO DE MENDOZA AV. 1555, CABA",-34.637532,-58.356733,,0.0,http://artemunar.com.ar/,1,242.0,False
1325,NUEVA CALEDONIA,CENTRO CULTURAL,,exhibicion,True,4,BARRACAS,"MONTES DE OCA, MANUEL AV. 971, CABA",-34.63954,-58.37454,1.0,300.0,,1,116.0,True
1326,NUEVA URIARTE,CENTRO CULTURAL,,exhibicion,True,14,PALERMO,"URIARTE 1289, CABA",-34.589729,-58.435387,1.0,130.0,http://ccnuevauriarte.com.ar/,1,90.0,True
1332,PANDA ROJO ESPACIO CULTURAL,CENTRO CULTURAL,,exhibicion,True,3,BALVANERA,"SARMIENTO 3096, CABA",-34.606752,-58.409914,1.0,80.0,http://pandarojo.com.ar/contacto/,1,99.0,True
1333,PAPRIKA,CENTRO CULTURAL,,exhibicion,True,14,PALERMO,"BULNES 1757, CABA",-34.591359,-58.414677,1.0,50.0,,1,29.0,True
1340,POLO BANDONEON,CENTRO CULTURAL,,exhibicion,True,4,NUEVA POMPEYA,"SAENZ AV. 1480, CABA",-34.658231,-58.416058,,0.0,,1,79.0,True
1342,PUERTA 18,CENTRO CULTURAL,,exhibicion,True,3,BALVANERA,"ZELAYA 3118, CABA",-34.60167,-58.4097,,,,1,100.0,True
1343,PUERTA ADENTRO,CENTRO CULTURAL,,exhibicion,True,3,SAN CRISTOBAL,"SAN JUAN AV. 1836, CABA",-34.62285,-58.39205,,,,1,263.0,False
1344,PUNTO DE PARTIDA,CENTRO CULTURAL,,exhibicion,True,4,PARQUE PATRICIOS,"LA RIOJA 1828, CABA",-34.63218,-58.40613,,,,1,130.0,True
1347,RINCON CASA CULTURAL,CENTRO CULTURAL,,exhibicion,True,3,SAN CRISTOBAL,"RINCON 1330, CABA",-34.624576,-58.394685,1.0,80.0,http://rinconcasacultural.com.ar/,1,9.0,True
1348,"RINGO, CASA CULTURAL",CENTRO CULTURAL,,exhibicion,True,4,PARQUE PATRICIOS,"LUNA 382, CABA",-34.6407466,-58.3982753,,,,1,273.0,False
1352,SALDIAS POLO CULTURAL,CENTRO CULTURAL,,exhibicion,True,2,RECOLETA,"SAN PEDRO DE JUJUY (NO OFICIAL), CABA, CABA",-34.5743652,-58.400907,,0.0,-,1,610.0,False
1357,SHAMBALA,CENTRO CULTURAL,,exhibicion,True,14,PALERMO,"COSTA RICA 5673, CABA",-34.582096,-58.43532,,0.0,,1,296.0,False
1359,SOCIEDAD LUZ,CENTRO CULTURAL,,exhibicion,True,4,BARRACAS,"SUAREZ 1301, CABA",-34.638106,-58.370759,1.0,0.0,WWW.SOCIEDADLUZ.ORG.AR,1,389.0,False
1360,SORIA,CENTRO CULTURAL,,exhibicion,True,14,PALERMO,"SORIA 5148, CABA",-34.588176,-58.432337,,0.0,,1,43.0,True
1364,TACHELES POLO DE CULTURA EMERGENTE,CENTRO CULTURAL,,exhibicion,True,1,MONSERRAT,"ALSINA, ADOLFO 1475, CABA",-34.61112,-58.38714,,,,1,6.0,True
1365,TACUARI TANGO,CENTRO CULTURAL,,exhibicion,True,1,CONSTITUCION,"TACUARI 1557, CABA",-34.626245,-58.377687,,,,1,14.0,True
1368,"TEATRO MACONDO CENTRO CULTURAL ""EL JOY""",CENTRO CULTURAL,,exhibicion,True,4,BARRACAS,"IRIARTE, GRAL. AV. 2374, CABA",-34.6495778,-58.3799968,,,,1,475.0,False
1369,TEATRO MANDRIL,CENTRO CULTURAL,,exhibicion,True,3,SAN CRISTOBAL,"HUMBERTO 1 2758, CABA",-34.622631,-58.403422,1.0,240.0,WWW.TEATROMANDRIL.COM,1,148.0,True
1372,THE MONKEYS,CENTRO CULTURAL,,exhibicion,True,14,PALERMO,"GUATEMALA 4462, CABA",-34.588107,-58.422266,,0.0,,1,285.0,False
1373,TIERRA VIOLETA,CENTRO CULTURAL,,exhibicion,True,1,MONSERRAT,"TACUARI 538, CABA",-34.6145,-58.378928,1.0,30.0,WWW.TIERRA-VIOLETA.COM.AR,1,3.0,True
1376,UNIVERSIDAD CATOLICA DE BUENOS AIRES,CENTRO CULTURAL,,exhibicion,True,1,PUERTO MADERO,"MOREAU DE JUSTO, ALICIA AV. 1500, CABA",-34.615719,-58.365905,,0.0,WWW.UCA.EDU.AR,1,14.0,True
1379,USINA DEL ARTE,CENTRO CULTURAL,,exhibicion,True,4,BOCA,"CAFFARENA, AGUSTIN R. 2, CABA",-34.629144,-58.356388,,0.0,HTTP://WWW.BUENOSAIRES.GOB.AR/USINADELARTE,1,137.0,True
1382,VUELA EL PEZ,CENTRO CULTURAL,,exhibicion,True,14,PALERMO,"CORDOBA AV. 4379, CABA",-34.595594,-58.427785,1.0,168.0,,1,10.0,True
1383,"WALSH, CENTRO CULTURAL",CENTRO CULTURAL,,exhibicion,True,1,MONSERRAT,"CHILE 413, CABA",-34.61599,-58.37198,,,,1,105.0,True
1385,WOKI TOKI,CENTRO CULTURAL,,exhibicion,True,1,CONSTITUCION,"TACUARI 905, CABA",-34.61867,-58.37878,,,,1,12.0,True
1386,WORK,CENTRO CULTURAL,,exhibicion,True,14,PALERMO,"GURRUCHAGA 1830, CABA",-34.587848,-58.42702,1.0,350.0,,1,103.0,True
1387,BAR CAFE LA DAMA DE BOLLINI,CLUB DE MUSICA EN VIVO,,escenico,True,2,RECOLETA,"BOLLINI 2281, CABA",-34.586198,-58.402977,,0.0,WWW.LADAMA.SGB.NET,1,223.0,False
1388,BAR VIRASORO,CLUB DE MUSICA EN VIVO,,escenico,True,14,PALERMO,"GUATEMALA 4328, CABA",-34.588902,-58.420721,1.0,48.0,WWW.VIRASOROBAR.COM.AR,1,131.0,True
1389,BEATFLOW,CLUB DE MUSICA EN VIVO,,escenico,True,14,PALERMO,"CORDOBA AV. 5509, CABA",-34.587947,-58.43947,,,,1,16.0,True
1390,BEBOP,CLUB DE MUSICA EN VIVO,,escenico,True,1,MONSERRAT,"MORENO 364, CABA",-34.611306,-58.371534,,0.0,https://bebopclub.com.ar/,1,133.0,True
1392,BORGES 1975,CLUB DE MUSICA EN VIVO,,escenico,True,14,PALERMO,"BORGES, JORGE LUIS 1975, CABA",-34.586268,-58.426321,,0.0,http://www.borges1975.com.ar/?fbclid=IwAR03RLPlk05iUxJu9ls3TuosCzkiBCFXTJprVb46-ZWxyyrGxKYmnGEh4eU,1,7.0,True
1393,BORIS CLUB DE JAZZ,CLUB DE MUSICA EN VIVO,,escenico,True,14,PALERMO,"GORRITI 5568, CABA",-34.585209,-58.436898,,0.0,WWW.BORISCLUB.COM.AR,1,10.0,True
1394,BUENOS AYRES CLUB,CLUB DE MUSICA EN VIVO,,escenico,True,1,MONSERRAT,"PERU 571, CABA",-34.614624,-58.374656,1.0,300.0,,1,132.0,True
1395,CAFE VINILO,CLUB DE MUSICA EN VIVO,,escenico,True,14,PALERMO,"GORRITI 3780, CABA",-34.595532,-58.418163,1.0,100.0,WWW.CAFEVINILO.COM.AR,1,8.0,True
1399,CLUB PLASMA,CLUB DE MUSICA EN VIVO,,escenico,True,4,BARRACAS,"PIEDRAS 1856, CABA",-34.629993,-58.373182,1.0,150.0,,1,47.0,True
1401,CONVENTILLO CULTURAL ABASTO,CLUB DE MUSICA EN VIVO,,escenico,True,3,BALVANERA,"ANCHORENA, TOMAS MANUEL DE, DR. 575, CABA",-34.602841,-58.409856,,0.0,http://www.conventilloabasto.com.ar,1,134.0,True
1405,FUNDACION BEETHOVEN,CLUB DE MUSICA EN VIVO,,escenico,True,2,RECOLETA,"SANTA FE AV. 1452, CABA",-34.59583,-58.387836,,0.0,WWW.FUNDACIONBEETHOVEN.COM.AR,1,130.0,True
1407,GALPON B,CLUB DE MUSICA EN VIVO,,escenico,True,3,SAN CRISTOBAL,"COCHABAMBA 2536, CABA",-34.625036,-58.400839,1.0,220.0,WWW.GALPONB.COM,1,440.0,False
1409,GRAN REX,CLUB DE MUSICA EN VIVO,,escenico,True,1,SAN NICOLAS,"CORRIENTES AV. 857, CABA",-34.603454,-58.378882,1.0,3200.0,WWW.TEATRO-GRANREX.COM.AR,1,10.0,True
1411,GROOVE,CLUB DE MUSICA EN VIVO,,escenico,True,14,PALERMO,"SANTA FE AV. 4389, CABA",-34.579654,-58.423242,,0.0,HTTP://PALERMOGROOVE.COM,1,214.0,False
1412,LA BIBLIOTECA CAFE,CLUB DE MUSICA EN VIVO,,escenico,True,1,RETIRO,"ALVEAR, MARCELO T. DE 1155, CABA",-34.596815,-58.383563,1.0,50.0,WWW.LABIBLIOTECACAFE.COM.AR,1,6.0,True
1417,LA TRASTIENDA,CLUB DE MUSICA EN VIVO,,escenico,True,1,MONSERRAT,"BALCARCE 460, CABA",-34.613091,-58.370677,1.0,700.0,WWW.LATRASTIENDA.COM,1,238.0,False
1418,LIVERPOOL,CLUB DE MUSICA EN VIVO,,escenico,True,14,PALERMO,"AREVALO 1376, CABA",-34.584045,-58.444009,1.0,146.0,,1,87.0,True
1419,LUCILLE,CLUB DE MUSICA EN VIVO,,escenico,True,14,PALERMO,"GORRITI 5520, CABA",-34.585475,-58.436544,1.0,167.0,WWW.VELMACAFE.COM.AR,1,16.0,True
1420,LUNA PARK,CLUB DE MUSICA EN VIVO,,escenico,True,1,SAN NICOLAS,"BOUCHARD 465, CABA",-34.602347,-58.369025,2.0,13200.0,WWW.LUNAPARK.COM.AR,1,15.0,True
1421,MAKENA,CLUB DE MUSICA EN VIVO,,escenico,True,14,PALERMO,"FITZ ROY 1519, CABA",-34.585567,-58.437849,1.0,120.0,,1,93.0,True
1422,MELONIO BAR,CLUB DE MUSICA EN VIVO,,escenico,True,1,SAN NICOLAS,"MONTEVIDEO 175, CABA",-34.606846,-58.389271,1.0,150.0,,1,14.0,True
1424,NICETO CLUB,CLUB DE MUSICA EN VIVO,,escenico,True,14,PALERMO,"VEGA, NICETO, CNEL. AV. 5510, CABA",-34.587241,-58.438732,,0.0,WWW.NICETOCLUB.COM,1,21.0,True
1425,NOTORIUS,CLUB DE MUSICA EN VIVO,,escenico,True,2,RECOLETA,"CALLAO AV. 966, CABA",-34.597783,-58.39325,1.0,80.0,WWW.NOTORIOUS.COM.AR,1,61.0,True
1426,OBELISCO TANGO,CLUB DE MUSICA EN VIVO,,escenico,True,1,CONSTITUCION,"ENTRE RIOS AV. 1060, CABA",-34.621043,-58.391489,1.0,210.0,,1,92.0,True
1427,PISTA URBANA,CLUB DE MUSICA EN VIVO,,escenico,True,1,SAN TELMO,"CHACABUCO 874, CABA",-34.618279,-58.375838,1.0,50.0,,1,229.0,False
1428,ROY BAR,CLUB DE MUSICA EN VIVO,,escenico,True,14,PALERMO,"CABRERA, JOSE A. 5600, CABA",-34.58584,-58.43804,,0.0,,1,102.0,True
1429,SALON PUEYRREDON,CLUB DE MUSICA EN VIVO,,escenico,True,14,PALERMO,"SANTA FE AV. 4560, CABA",-34.578985,-58.425026,1.0,250.0,http://salonpueyrredon.blogspot.com/,1,40.0,True
1430,STRUMMER BAR,CLUB DE MUSICA EN VIVO,,escenico,True,14,PALERMO,"GODOY CRUZ 1631, CABA",-34.587883,-58.434472,,0.0,,1,64.0,True
1431,TEMPLE BAR,CLUB DE MUSICA EN VIVO,,escenico,True,1,RETIRO,"ALVEAR, MARCELO T. DE 945, CABA",-34.596554,-58.380566,,,,1,6.0,True
1432,THE ROXY LIVE,CLUB DE MUSICA EN VIVO,,escenico,True,14,PALERMO,"VEGA, NICETO, CNEL. AV. 5542, CABA",-34.587098,-58.438938,,0.0,WWW.THEROXYBAR.COM.AR,1,45.0,True
1433,THELONIUS CLUB,CLUB DE MUSICA EN VIVO,,escenico,True,14,PALERMO,"NICARAGUA 5549, CABA",-34.581993,-58.433021,1.0,250.0,WWW.THELONIOUS.COM.AR,1,131.0,True
1434,UNICLUB,CLUB DE MUSICA EN VIVO,,escenico,True,3,BALVANERA,"GUARDIA VIEJA 3360, CABA",-34.602712,-58.41223,,0.0,,1,73.0,True
1436,MOSCU ESPACIO CULTURAL,CLUB DE MUSICA EN VIVO - NUEVO,,escenico,True,14,PALERMO,"CORDOBA AV. 4335, CABA",-34.5956146,-58.427278,,,,1,36.0,True
1437,ANDREA L. CABRERA,DISQUERIA,,complementario,False,2,RECOLETA,"SANTA FE AV. 1670, CABA",-34.595911,-58.391358,,0.0,,1,144.0,True
1438,ANTHOLOGY,DISQUERIA,,complementario,False,2,RECOLETA,"SANTA FE AV. 1670, CABA",-34.595911,-58.391358,,0.0,,1,144.0,True
1439,AXEL DISCOS,DISQUERIA,,complementario,False,1,MONSERRAT,"RIVADAVIA AV. 450, CABA",-34.608036,-58.372223,,0.0,,1,118.0,True
1440,BRANCA JORGE D,DISQUERIA,,complementario,False,1,SAN NICOLAS,"LAVALLE 914, CABA",-34.602507,-58.379714,,0.0,,1,17.0,True
1441,CALVO Y RODRIGUEZ JOSE ANTONIO,DISQUERIA,,complementario,False,1,SAN NICOLAS,"LAVALLE 809, CABA",-34.602341,-58.378306,,0.0,,1,113.0,True
1442,CANTACLARO,DISQUERIA,,complementario,False,1,SAN NICOLAS,"CORRIENTES AV. 1217, CABA",-34.60376,-58.383993,,0.0,,1,9.0,True
1443,CARLOS CORONATI,DISQUERIA,,complementario,False,1,SAN NICOLAS,"CORRIENTES AV. 1644, CABA",-34.604347,-58.38999,,0.0,,1,9.0,True
1445,CASA PISCITELLI,DISQUERIA,,complementario,False,1,SAN NICOLAS,"SAN MARTIN 450, CABA",-34.602771,-58.373918,,0.0,WWW.PISCITELLI.COM,1,6.0,True
1446,CASA ROBIMAR,DISQUERIA,,complementario,False,4,NUEVA POMPEYA,"SAENZ AV. 61, CABA",-34.639828,-58.416204,,0.0,,1,205.0,False
1447,CD DISQUERIA,DISQUERIA,,complementario,False,1,SAN NICOLAS,"CORRIENTES AV. 1274, CABA",-34.603973,-58.3848,,0.0,,1,10.0,True
1448,CENTOMAR S.A.,DISQUERIA,,complementario,False,1,RETIRO,"LIBERTAD 877, CABA",-34.59837,-58.384039,,0.0,,1,88.0,True
1449,CLUB DE TANGO,DISQUERIA,,complementario,False,1,SAN NICOLAS,"PARANA 123, CABA",-34.607522,-58.387716,,0.0,,1,111.0,True
1452,COOL MUSIC,DISQUERIA,,complementario,False,1,SAN NICOLAS,"CALLAO AV. 687, CABA",-34.601113,-58.392627,,0.0,,1,97.0,True
1453,CUATRO DISQUERIAS,DISQUERIA,,complementario,False,1,SAN NICOLAS,"LAVALLE 985, CABA",-34.602451,-58.380645,,0.0,,1,100.0,True
1454,DANIEL E. CASARIEGO,DISQUERIA,,complementario,False,1,MONSERRAT,"RIVADAVIA AV. 440, CABA",-34.608036,-58.372223,,0.0,,1,118.0,True
1455,DANIEL H. GONZALEZ,DISQUERIA,,complementario,False,1,RETIRO,"FLORIDA 971, CABA",-34.596701,-58.37533,,0.0,,1,50.0,True
1458,DISCOVER,DISQUERIA,,complementario,False,1,SAN NICOLAS,"FLORIDA 537, CABA",-34.601406,-58.375261,,0.0,WWW.MELLOTRONWEB.COM.AR/DISCOVERSTORE1.HTM,1,119.0,True
1459,DISQUERIA BRUNELLI,DISQUERIA,,complementario,False,4,PARQUE PATRICIOS,"DEAN FUNES 2193, CABA",-34.636607,-58.403887,,0.0,,1,9.0,True
1460,DISQUERIA KILI,DISQUERIA,,complementario,False,1,CONSTITUCION,"BRASIL 1225, CABA",-34.627923,-58.383334,,0.0,,1,148.0,True
1462,DOS MUSIC SHOP,DISQUERIA,,complementario,False,3,BALVANERA,"RIVADAVIA AV. 2517, CABA",-34.609832,-58.402222,,0.0,,1,216.0,False
1463,DVD PRODUCCIONES FONOGRAFICAS S.A:,DISQUERIA,,complementario,False,14,PALERMO,"CERVINO AV. 3375, CABA",-34.580942,-58.406756,,0.0,,1,158.0,False
1464,EL AGUJERITO,DISQUERIA,,complementario,False,1,RETIRO,"MAIPU 971, CABA",-34.596711,-58.376907,,0.0,,1,48.0,True
1465,EL COLECCIONISTA. TIENDA DE MUSICA,DISQUERIA,,complementario,False,1,SAN NICOLAS,"ESMERALDA 562, CABA",-34.60167,-58.378196,,0.0,WWW.ELCOLECCIONISTACD.COM.AR,1,126.0,True
1466,ELVIS SHOP,DISQUERIA,,complementario,False,1,SAN NICOLAS,"FLORIDA 520, CABA",-34.602049,-58.375339,,0.0,,1,129.0,True
1467,ESPECIAL RECORD S.H.,DISQUERIA,,complementario,False,1,SAN NICOLAS,"RODRIGUEZ PENA 122, CABA",-34.607575,-58.390746,,0.0,,1,97.0,True
1468,ETILUX SRL,DISQUERIA,,complementario,False,14,PALERMO,"LA PAMPA 44, CABA",-34.551081,-58.428973,,0.0,,1,213.0,False
1469,FABELA DISCOS,DISQUERIA,,complementario,False,1,SAN NICOLAS,"PELLEGRINI, CARLOS 155, CABA",-34.606539,-58.380771,,0.0,,1,4.0,True
1470,FASICARO GUSTAVO,DISQUERIA,,complementario,False,14,PALERMO,"ARENALES 3337, CABA",-34.58766,-58.410253,,0.0,,1,91.0,True
1472,GERSZTEIN GUILLERMO D.,DISQUERIA,,complementario,False,3,SAN CRISTOBAL,"ENTRE RIOS AV. 879, CABA",-34.618874,-58.391779,,0.0,,1,150.0,True
1475,IOVANETTI OSCAR M.,DISQUERIA,,complementario,False,1,SAN NICOLAS,"CORRIENTES AV. 1246, CABA",-34.603946,-58.384346,,0.0,,1,11.0,True
1476,JAZZ DISQUERIA,DISQUERIA,,complementario,False,1,SAN NICOLAS,"LAVALLE 809, CABA",-34.602341,-58.378306,,0.0,,1,113.0,True
1477,JUAN ALBERTO COIFFEUR,DISQUERIA,,complementario,False,2,RECOLETA,"GUIDO 1998, CABA",-34.588501,-58.391886,,0.0,,1,295.0,False
1478,JUAN C. CIGARROA,DISQUERIA,,complementario,False,1,SAN NICOLAS,"FLORIDA 537, CABA",-34.601406,-58.375261,,0.0,,1,119.0,True
1480,LA CUEVA MUSICAL,DISQUERIA,,complementario,False,1,SAN NICOLAS,"LAVALLE 744, CABA",-34.602379,-58.377277,,0.0,,1,118.0,True
1481,LASER COMPACT DISC,DISQUERIA,,complementario,False,1,SAN NICOLAS,"CORRIENTES AV. 753, CABA",-34.603368,-58.377415,,0.0,,1,13.0,True
1485,MILES DISCOS,DISQUERIA,,complementario,False,14,PALERMO,"HONDURAS 4912, CABA",-34.589271,-58.429448,,0.0,WWW.MILESDISCOS.COM.AR,1,64.0,True
1486,PICCOLO Y SAXO,DISQUERIA,,complementario,False,14,PALERMO,"SANTA FE AV. 3591, CABA",-34.585851,-58.414742,,0.0,,1,87.0,True
1487,RATS RECORDS TATOO,DISQUERIA,,complementario,False,1,SAN NICOLAS,"LAVALLE 669, CABA",-34.602227,-58.3762,,0.0,,1,127.0,True
1489,ROCK AND BILLY,DISQUERIA,,complementario,False,1,SAN NICOLAS,"SARMIENTO 1249, CABA",-34.605111,-58.384362,,0.0,,1,131.0,True
1492,SEGUI VINIENDO DISCOS,DISQUERIA,,complementario,False,1,MONSERRAT,"BALCARCE 260, CABA",-34.610763,-58.370586,,0.0,HTTP://SEGUIVINIENDO.MERCADOSHOPS.COM.AR/,1,78.0,True
1493,SILBANDO DISCOS COMPACTOS,DISQUERIA,,complementario,False,1,SAN NICOLAS,"CORRIENTES AV. 1543, CABA",-34.60415,-58.388541,,0.0,,1,2.0,True
1494,SON DE AZUCAR,DISQUERIA,,complementario,False,3,BALVANERA,"GALLO 251, CABA",-34.605525,-58.413452,,0.0,,1,156.0,False
1496,TEMPO DISQUERIA,DISQUERIA,,complementario,False,14,PALERMO,"BORGES, JORGE LUIS 1666, CABA",-34.58825,-58.429565,,0.0,,1,15.0,True
1497,THOR RECORDS,DISQUERIA,,complementario,False,2,RECOLETA,"SANTA FE AV. 1670, CABA",-34.595911,-58.391358,,0.0,WWW.THOR-RECORDS.COM.AR,1,144.0,True
1498,WORLD MUSIC,DISQUERIA,,complementario,False,1,SAN NICOLAS,"PARANA 525, CABA",-34.602648,-58.387924,,0.0,,1,104.0,True
1500,ABM,ESPACIO DE FORMACION,,complementario,False,1,RETIRO,"ALVEAR, MARCELO T. DE 1157, CABA",-34.596816,-58.383581,,0.0,WWW.ABM.EDU.AR,1,6.0,True
1502,ACADEMIA PORTENA DEL LUNFARDO,ESPACIO DE FORMACION,,complementario,False,1,CONSTITUCION,"ESTADOS UNIDOS 1379, CABA",-34.618625,-58.385475,,0.0,HTTP://WWW.TODOTANGO.COM/ALUNFARDO/,1,136.0,True
1505,ASOCIACION ITALIANA DE MUTUALIDAD E INSTRUCCION UNIONE E BENEVOLENZA,ESPACIO DE FORMACION,,complementario,False,1,SAN NICOLAS,"PERON, JUAN DOMINGO, TTE. GENERAL 1362, CABA",-34.606432,-58.385826,,0.0,WWW.UNIONEEBENEVOLENZA.COM.AR,1,7.0,True
1506,ASOCIACION PROFESIONALES DE MEDIOS,ESPACIO DE FORMACION,,complementario,False,1,SAN NICOLAS,"SAN MARTIN 491, CABA",-34.602246,-58.373872,,0.0,WWW.APMONLINE.COM.AR,1,3.0,True
1508,"BACHILLERATO CON ORIENTACION ARTISTICA N 4 DE 6 ""XUL SOLAR""",ESPACIO DE FORMACION,,complementario,False,3,BALVANERA,"JUJUY AV. 150, CABA",-34.611856,-58.405606,,0.0,,1,63.0,True
1509,BIBLIOTECA - FUNDACION DE ALTOS ESTUDIOS EN CIENCIAS COMERCIALES,ESPACIO DE FORMACION,,complementario,False,1,SAN NICOLAS,"URUGUAY 57, CABA",-34.608122,-58.386266,,0.0,LAFUNDACION.EDU.AR,1,187.0,False
1510,BOTICA DEL ANGEL,ESPACIO DE FORMACION,,complementario,False,1,MONSERRAT,"SAENZ PENA, LUIS, PRES. 541, CABA",-34.615038,-58.387533,1.0,350.0,BOTICADELANGEL.USAL.EDU.AR,1,132.0,True
1511,BUENOS AIRES COMUNICACION,ESPACIO DE FORMACION,,complementario,False,14,PALERMO,"BULNES 1350, CABA",-34.595991,-58.416911,,0.0,WWW.BAC.EDU.AR,1,52.0,True
1512,CASA DEL NINO Y EL ADOLESCENTE,ESPACIO DE FORMACION,,complementario,False,4,NUEVA POMPEYA,"JANER, ANA MARIA 1889, CABA",-34.64657,-58.43444,,0.0,WWW.ELBLOGDELASCASAS.BLOGSPOT.COM,1,1550.0,False
1513,CASA SUIZA DE LA BOCA,ESPACIO DE FORMACION,RESIDENCIA,complementario,False,4,BOCA,"CAFFARENA, AGUSTIN R. 192, CABA",-34.630543,-58.357748,,0.0,https://skk-cvc.ch/fr/Info/Ateliers/Buenos_Aires,1,61.0,True
1514,CENTRO ARGENTINO DE ESTUDIO DE MODAS (CAEM),ESPACIO DE FORMACION,,complementario,False,14,PALERMO,"ALVAREZ, JULIAN 1605, CABA",-34.592139,-58.423145,,0.0,WWW.CAEMOD.COM.AR,1,15.0,True
1516,CENTRO DE ARTES ESCENICAS UADE,ESPACIO DE FORMACION,,complementario,False,1,MONSERRAT,"LIMA 717, CABA",-34.617074,-58.381607,,0.0,WWW.UADE.EDU.AR,1,65.0,True
1519,CENTRO DE INVESTIGACION Y EXPERIMENTACION EN VIDEO Y CINE (CIEVYC),ESPACIO DE FORMACION,,complementario,False,1,CONSTITUCION,"COCHABAMBA 868, CABA",-34.623615,-58.378147,,0.0,WWW.CINECIEVYC.COM.AR,1,40.0,True
1520,CENTRO DE INVESTIGACIONES CINEMATOGRAFICAS (CIC),ESPACIO DE FORMACION,,complementario,False,14,PALERMO,"MATIENZO, BENJAMIN, TENIENTE 2571, CABA",-34.574141,-58.441147,,0.0,WWW.CIC.EDU.AR,1,60.0,True
1521,CENTRO DE ORGANIZADORES DE EVENTOS (COE),ESPACIO DE FORMACION,,complementario,False,2,RECOLETA,"PARAGUAY 1589, CABA",-34.598426,-58.389563,,0.0,WWW.COE.EDU.AR,1,16.0,True
1523,CENTRO METROPOLITANO DE DISENO (CMD),ESPACIO DE FORMACION,,complementario,False,4,BARRACAS,"ALGARROBO 1041, CABA",-34.654755,-58.379342,,0.0,HTTP://WWW.BUENOSAIRES.GOB.AR/CMD,1,292.0,False
1524,CLUB ALEMAN,ESPACIO DE FORMACION,,complementario,False,1,SAN NICOLAS,"CORRIENTES AV. 327, CABA",-34.603005,-58.371602,,0.0,WWW.CLUBALEMAN.COM.AR,1,10.0,True
1529,CONSERVATORIO SUPERIOR DE MUSICA MANUEL DE FALLA,ESPACIO DE FORMACION,,complementario,False,1,SAN NICOLAS,"SUIPACHA 443, CABA",-34.603039,-58.379475,,0.0,,1,5.0,True
1530,"CONSUDEC - PROFESORADOS ""SEPTIMO WALSH""",ESPACIO DE FORMACION,,complementario,False,1,SAN NICOLAS,"ESMERALDA 759, CABA",-34.599376,-58.378219,,0.0,WWW.PROFESORADOCONSUDEC.EDU.AR,1,136.0,True
1532,DIRECCION GENERAL DE ENSENANZA ARTISTICA,ESPACIO DE FORMACION,,complementario,False,1,MONSERRAT,"PERU 372, CABA",-34.612253,-58.374711,,0.0,https://www.buenosaires.gob.ar/cultura/institucional-subsecretaria-de-politicas-culturales-y-nuevas-audiencias/dg-ensenanza-artistica,1,125.0,True
1535,ESCUELA ARGENTINA DE TANGO,ESPACIO DE FORMACION,,complementario,False,1,SAN NICOLAS,"VIAMONTE 501, CABA",-34.599767,-58.374206,,0.0,WWW.EATANGO.ORG,1,11.0,True
1536,ESCUELA ARGENTINA DE TANGO,ESPACIO DE FORMACION,,complementario,False,1,RETIRO,"TALCAHUANO 1052, CABA",-34.596414,-58.385759,,0.0,WWW.EATANGO.ORG,1,63.0,True
1537,ESCUELA DA VINCI - ESCUELA DE ARTE MULTIMEDIA,ESPACIO DE FORMACION,,complementario,False,3,BALVANERA,"CORRIENTES AV. 2037, CABA",-34.604428,-58.395925,,0.0,WWW.ESCUELADAVINCI.NET,1,10.0,True
1539,"ESCUELA DE BELLAS ARTES DE N4 ""MANUEL BELGRANO"" ESCUELA MEDIA",ESPACIO DE FORMACION,,complementario,False,4,BARRACAS,"VILLAFANE, WENCESLAO 1342, CABA",-34.634834,-58.371734,,0.0,,1,391.0,False
1543,"ESCUELA DE DANZAS N1 ""AIDA VICTORIA MASTRAZZI""",ESPACIO DE FORMACION,,complementario,False,1,SAN NICOLAS,"ESMERALDA 285, CABA",-34.604952,-58.377966,,0.0,,1,23.0,True
1547,ESCUELA DE FORMACION ACTORAL EFA,ESPACIO DE FORMACION,,complementario,False,1,SAN TELMO,"COCHABAMBA 370, CABA",-34.623046,-58.370844,,0.0,WWW.EFACTUACION.COM.AR,1,172.0,False
1548,"ESCUELA DE FOTOGRAFIA CREATIVA ""ANDY GOLDSTEIN""",ESPACIO DE FORMACION,,complementario,False,2,RECOLETA,"GALLO 1215, CABA",-34.596089,-58.41147,,0.0,WWW.ANDYGOLDSTEIN.EDU.AR,1,215.0,False
1550,ESCUELA DE PERIODISMO DEL CIRCULO DE PRENSA,ESPACIO DE FORMACION,,complementario,False,1,MONSERRAT,"PERU 358, CABA",-34.612253,-58.374711,,0.0,WWW.ESCUELADEPERIODISMO.EDU.AR,1,125.0,True
1555,ESCUELA METROPOLITANA DE ARTE DRAMATICA,ESPACIO DE FORMACION,,complementario,False,3,BALVANERA,"SARMIENTO 2573, CABA",-34.6063,-58.403141,,0.0,HTTP://WWW.BUENOSAIRES.GOV.AR/AREAS/CULTURA/DG_ENS_ART/ESC_METROP_ART_DRAM.PHP,1,135.0,True
1557,ESCUELA NACIONAL DE EXPERIMENTACION Y REALIZACION CINEMATOGRAFICA (E.N.E.R.C.),ESPACIO DE FORMACION,,complementario,False,1,MONSERRAT,"MORENO 99, CABA",-34.611096,-58.368176,,0.0,WWW.ENERC.GOB.AR,1,2.0,True
1558,ESCUELA NACIONAL DE MUSEOLOGIA,ESPACIO DE FORMACION,,complementario,False,1,MONSERRAT,"MORENO 7, CABA",-34.611003,-58.367325,,0.0,,1,81.0,True
1562,ESCUELA SUPERIOR DE PUBLICIDAD COMUNICACION Y ARTES VISUALES,ESPACIO DE FORMACION,,complementario,False,2,RECOLETA,"PARAGUAY 1896, CABA",-34.59875,-58.394376,,0.0,WWW.ESSP.COM.AR,1,103.0,True
1567,ESTUDIO DUKAH,ESPACIO DE FORMACION,,complementario,False,1,SAN NICOLAS,"URUGUAY 194, CABA",-34.606621,-58.386413,,0.0,WWW.ESTUDIODUKAH.COM,1,21.0,True
1569,ESTUDIO ROBERTO SAIZ,ESPACIO DE FORMACION,,complementario,False,1,MONSERRAT,"DE MAYO AV. 1430, CABA",-34.609494,-58.386732,,0.0,WWW.DOUCHEZ.NET/ROBERTOSAIZ,1,181.0,False
1572,"ETRA, INFANCIA Y ARTE MODERNO",ESPACIO DE FORMACION,,complementario,False,14,PALERMO,"HONDURAS AV. 3888, CABA",-34.594175,-58.417986,,,,1,147.0,True
1574,FACULTAD DE DERECHO Y CIENCIAS SOCIALES - UBA,ESPACIO DE FORMACION,,complementario,False,1,CONSTITUCION,"SANTIAGO DEL ESTERO 1029, CABA",-34.620242,-58.384407,,0.0,WWW.SOCIALES.UBA.AR,1,5.0,True
1576,FACULTAD DE FILOSOFIA Y LETRAS - UBA,ESPACIO DE FORMACION,,complementario,False,1,SAN NICOLAS,"25 DE MAYO 217, CABA",-34.60502,-58.370931,,0.0,WWW.FILO.UBA.AR/CONTENIDOS/INVESTIGACION/INSTITUTOS/HISTART/HOMEHISTART.HTM,1,86.0,True
1577,FUERA DE EJE,ESPACIO DE FORMACION,,complementario,False,14,PALERMO,"SALGUERO, JERONIMO 1708, CABA",-34.5901,-58.41687,,0.0,WWW.ESTUDIOFUERADEEJE.COM.AR,1,50.0,True
1578,FUNDACION AUGUSTO Y LEON FERRARI ARTE Y ACERVO,ESPACIO DE FORMACION,,complementario,False,3,SAN CRISTOBAL,"PICHINCHA 849, CABA",-34.619003,-58.398982,,0.0,,1,173.0,False
1580,FUNDACION KONRAD ADENAUER,ESPACIO DE FORMACION,,complementario,False,1,SAN NICOLAS,"SUIPACHA 75, CABA",-34.607414,-58.379235,,0.0,WWW.KAS.ORG.AR,1,12.0,True
1581,FUNDACION LEBENSOHN,ESPACIO DE FORMACION,,complementario,False,4,BARRACAS,"HORNOS, GRAL. 238, CABA",-34.630974,-58.378362,,0.0,WWW.FUNDACIONLEBENSOHN.ORG.AR,1,11.0,True
1582,FUNDECUA,ESPACIO DE FORMACION,,complementario,False,3,BALVANERA,"PUEYRREDON AV. 848, CABA",-34.60045,-58.404466,,,,1,157.0,False
1584,IMAGEN CAMPUS,ESPACIO DE FORMACION,,complementario,False,1,MONSERRAT,"SALTA 239, CABA",-34.611358,-58.383386,,0.0,WWW.IMAGECAMPUS.COM.AR,1,48.0,True
1586,INSTITUTO CATOLICO DE ESTUDIOS SOCIALES,ESPACIO DE FORMACION,,complementario,False,2,RECOLETA,"JUNIN 1063, CABA",-34.596321,-58.397413,,0.0,WWW.ICESOCIALES.EDU.AR,1,101.0,True
1587,"INSTITUTO DE BELLAS ARTES ""BEATO ANGELICO""",ESPACIO DE FORMACION,,complementario,False,1,SAN TELMO,"ESTADOS UNIDOS 53, CABA",-34.618099,-58.366938,,0.0,,1,14.0,True
1589,INSTITUTO DE FORMACION TECNICA SUPERIOR N12 - IFTS,ESPACIO DE FORMACION,,complementario,False,1,SAN NICOLAS,"VIAMONTE 869, CABA",-34.600088,-58.379234,,0.0,,1,40.0,True
1591,INSTITUTO DE INVESTIGACION EN ETNOMUSICOLOGIA,ESPACIO DE FORMACION,,complementario,False,1,MONSERRAT,"BOLIVAR 191, CABA",-34.61012,-58.37353,,0.0,HTTP://WWW.BUENOSAIRES.GOV.AR/AREAS/CULTURA/DG_ENS_ART/ETNOMUSICOLOGIA,1,15.0,True
1592,INSTITUTO DE INVESTIGACION Y PERFECCIONAMIENTO IDIP,ESPACIO DE FORMACION,,complementario,False,1,SAN NICOLAS,"URUGUAY 345, CABA",-34.604708,-58.38647,,0.0,WWW.INSTITUTOIDIP.COM,1,80.0,True
1593,INSTITUTO DE LA ASOCIACION ARGENTINA DE AGENCIAS DE PUBLICIDAD,ESPACIO DE FORMACION,,complementario,False,1,RETIRO,"SUIPACHA 1333, CABA",-34.592179,-58.380072,,0.0,WWW.AAAP.ORG.AR,1,6.0,True
1594,INSTITUTO DE LA MASCARA,ESPACIO DE FORMACION,,complementario,False,14,PALERMO,"URIARTE 2322, CABA",-34.582097,-58.424608,,0.0,WWW.MASCARAINSTITUTO.COM.AR,1,227.0,False
1595,"INSTITUTO DE TEORIA E HISTORIA DEL ARTE ""JULIO E. PAYRO"" - CENTRO DE INVESTIGACION",ESPACIO DE FORMACION,,complementario,False,1,SAN NICOLAS,"25 DE MAYO 217, CABA",-34.60502,-58.370931,,0.0,WWW.FILO.UBA.AR/CONTENIDOS/INVESTIGACION/INSTITUTOS/PAYRO/1PAGINAS/01AUTORIDADES.HTM,1,86.0,True
1596,INSTITUTO EDUCATIVO ARGENTINO,ESPACIO DE FORMACION,,complementario,False,1,MONSERRAT,"RIVADAVIA AV. 444, CABA",-34.608036,-58.372223,,0.0,WWW.INSTITUTOIEA@HOTMAIL.COM,1,118.0,True
1597,INSTITUTO GRAFOTECNICO,ESPACIO DE FORMACION,,complementario,False,1,SAN NICOLAS,"MAIPU 742, CABA",-34.599592,-58.376858,,0.0,WWW.GRAFOTECNICO.EDU.AR,1,250.0,False
1598,INSTITUTO SUPERIOR DE ARTE TEATRO COLON,ESPACIO DE FORMACION,,complementario,False,1,SAN NICOLAS,"CORRIENTES AV. 1681, CABA",-34.604224,-58.390502,,0.0,WWW.TEATROCOLON.COM.AR,1,10.0,True
1599,INSTITUTO SUPERIOR DE ENSENANZA RADIOFONICA (I.S.E.R.),ESPACIO DE FORMACION,,complementario,False,1,RETIRO,"RAMOS MEJIA, JOSE MARIA, DR. AV. 1398, CABA",-34.591197,-58.374274,,0.0,WWW.ISER.GOB.AR,1,15.0,True
1601,"INSTITUTO SUPERIOR DE FORMACION ARTISTICA DE ARTES VISUALES ""MANUEL BELGRANO""",ESPACIO DE FORMACION,,complementario,False,4,BARRACAS,"VILLAFANE, WENCESLAO 1342, CABA",-34.634834,-58.371734,,0.0,,1,391.0,False
1608,INSTITUTO SUPERIOR OCTUBRE ISO (SUTERH),ESPACIO DE FORMACION,,complementario,False,1,MONSERRAT,"REPUBLICA BOLIVARIANA DE VENEZUELA 356, CABA",-34.613626,-58.371344,,0.0,WWW.ISO.EDU.AR,1,174.0,False
1611,INSTITUTO UNIVERSITARIO ESEADE,ESPACIO DE FORMACION,,complementario,False,14,PALERMO,"URIARTE 2472, CABA",-34.580878,-58.423072,,0.0,WWW.ESEADE.EDU.AR,1,226.0,False
1613,INSTITUTO VOCACIONAL DE ARTE MANUEL JOSE DE LABARDEN,ESPACIO DE FORMACION,,complementario,False,1,CONSTITUCION,"GARAY, JUAN DE AV. 1684, CABA",-34.627274,-58.389142,,0.0,HTTP://WWW.BUENOSAIRES.GOV.AR/AREAS/CULTURA/DG_ENS_ART/LABARDEN.PHP,1,78.0,True
1616,ISEC,ESPACIO DE FORMACION,,complementario,False,3,BALVANERA,"VIAMONTE 2020, CABA",-34.600992,-58.396071,,0.0,,1,131.0,True
1617,ISPRA INSTITUTO SUPERIOR DE PROTOCOLO DE LA REPUBLICA ARGENTINA,ESPACIO DE FORMACION,,complementario,False,2,RECOLETA,"RIOBAMBA 1059, CABA",-34.596438,-58.394692,,0.0,WWW.ISPRA.EDU.AR,1,92.0,True
1619,LA ESTACION. CASA DE ARTE,ESPACIO DE FORMACION,,complementario,False,3,BALVANERA,"ZELAYA 3175, CABA",-34.601377,-58.41054,,0.0,HTTP://LAESTACIONCASADEARTE.BLOGSPOT.COM.AR,1,85.0,True
1620,LA IRA DE DIOS,ESPACIO DE FORMACION,RESIDENCIA,complementario,False,4,PARQUE PATRICIOS,"IGUAZU 451, CABA",-34.642937,-58.405996,,,http://lairadedios.com.ar/,1,302.0,False
1623,LA SALITA ESPACIO CULTURAL,ESPACIO DE FORMACION,,complementario,False,1,MONSERRAT,"YRIGOYEN, HIPOLITO 1362, CABA",-34.609947,-58.385654,,0.0,WWW.FACEBOOK.COM/LASALITAESPACIOCULTURAL,1,123.0,True
1624,LA SUISSE-CEPEC,ESPACIO DE FORMACION,,complementario,False,3,BALVANERA,"CORRIENTES AV. 1996, CABA",-34.604571,-58.39512,,0.0,,1,14.0,True
1625,LA UNIVERSIDAD DEL TANGO,ESPACIO DE FORMACION,,complementario,False,3,BALVANERA,"AGRELO 3231, CABA",-34.617888,-58.411717,,0.0,HTTP://CETBA-UNI.BLOGSPOT.COM.AR,1,141.0,True
1626,LYF LUZ Y FUERZA,ESPACIO DE FORMACION,,complementario,False,1,SAN TELMO,"PERU 823, CABA",-34.617638,-58.374457,1.0,420.0,WWW.LUZYFUERZACAPITAL.COM.AR,1,127.0,True
1627,MORA GODOY TANGO EVENTOS,ESPACIO DE FORMACION,,complementario,False,2,RECOLETA,"PUEYRREDON AV. 1090, CABA",-34.597667,-58.40356,,0.0,HTTP://MORAGODOY.COM,1,82.0,True
1628,MUSICARTE XXI,ESPACIO DE FORMACION,,complementario,False,14,PALERMO,"11 DE SEPTIEMBRE DE 1888 988, CABA",-34.5689,-58.441922,,0.0,,1,231.0,False
1630,NUEVA ESCUELA,ESPACIO DE FORMACION,,complementario,False,1,SAN NICOLAS,"CALLAO AV. 67, CABA",-34.608247,-58.391925,,0.0,WWW.NUEVAESCUELA.NET,1,163.0,False
1634,PROYECTO PAC / GACHI PRIETO,ESPACIO DE FORMACION,RESIDENCIA,complementario,False,14,PALERMO,"URIARTE 1374, CABA",-34.588918,-58.434385,,0.0,https://www.gachiprieto.com/ www.proyectopac.com,1,140.0,True
1635,RADIO TEA,ESPACIO DE FORMACION,,complementario,False,3,BALVANERA,"LAVALLE 2258, CABA",-34.603361,-58.399012,,0.0,WWW.RADIOTEA.COM.AR,1,58.0,True
1637,TALLER DE ARTES Y OFICIOS,ESPACIO DE FORMACION,,complementario,False,4,BOCA,"BRASIL AV. 200, CABA",-34.625256,-58.367565,,0.0,,1,12.0,True
1638,TALLER DE DANZA CONTEMPORANEA / COMPLEJO TEATRAL DE BUENOS AIRES,ESPACIO DE FORMACION,,complementario,False,2,RECOLETA,"SANTA FE AV. 1440, CABA",-34.595825,-58.387682,,0.0,,1,129.0,True
1639,TALLER IMAGEN,ESPACIO DE FORMACION,,complementario,False,3,BALVANERA,"SARMIENTO 2210, CABA",-34.606057,-58.398145,,0.0,WWW.TALLERIMAGEN.COM.AR,1,16.0,True
1640,TEA IMAGEN,ESPACIO DE FORMACION,,complementario,False,3,BALVANERA,"URIBURU JOSE E., PRES. 353, CABA",-34.605351,-58.398051,,0.0,WWW.RADIOTEA.COM.AR,1,10.0,True
1641,TEATRO MARIO SOFFICI,ESPACIO DE FORMACION,,complementario,False,1,SAN NICOLAS,"MITRE, BARTOLOME 1149, CABA",-34.607373,-58.382965,,0.0,WWW.GEBA.ORG.AR/XXI/CULTURA/TEATRO-FORMACION-ACTUACION/,1,131.0,True
1642,UADE,ESPACIO DE FORMACION,,complementario,False,1,MONSERRAT,"LIMA 775, CABA",-34.617072,-58.381604,,0.0,WWW.UADE.EDU.AR,1,65.0,True
1644,UNIVERSIDAD ABIERTA INTERAMERICANA,ESPACIO DE FORMACION,,complementario,False,1,MONSERRAT,"CHACABUCO 90, CABA",-34.609119,-58.376314,,0.0,WWW.UAI.EDU.AR,1,148.0,True
1645,UNIVERSIDAD ARGENTINA JOHN F. KENNEDY,ESPACIO DE FORMACION,,complementario,False,1,SAN NICOLAS,"MITRE, BARTOLOME 1409, CABA",-34.607592,-58.386505,,0.0,WWW.KENNEDY.EDU.AR,1,128.0,True
1646,UNIVERSIDAD DE CIENCIAS EMPRESARIALES Y SOCIALES,ESPACIO DE FORMACION,,complementario,False,2,RECOLETA,"PARAGUAY 1401, CABA",-34.598257,-58.387114,,0.0,WWW.UCES.EDU.AR,1,117.0,True
1648,UNIVERSIDAD DE LA MARINA MERCANTE,ESPACIO DE FORMACION,,complementario,False,3,BALVANERA,"RIVADAVIA AV. 2258, CABA",-34.609705,-58.398417,,0.0,WWW.UDEMM.EDU.AR,1,76.0,True
1649,UNIVERSIDAD DE PALERMO,ESPACIO DE FORMACION,,complementario,False,14,PALERMO,"CORDOBA AV. 3501, CABA",-34.597765,-58.416105,,0.0,WWW.PALERMO.EDU,1,11.0,True
1650,UNIVERSIDAD DEL CINE,ESPACIO DE FORMACION,,complementario,False,1,SAN TELMO,"GIUFFRA, JOSE M.,DR. 330, CABA",-34.617841,-58.370642,,0.0,WWW.UCINE.EDU.AR,1,220.0,False
1651,UNIVERSIDAD DEL MUSEO SOCIAL ARGENTINO,ESPACIO DE FORMACION,,complementario,False,1,SAN NICOLAS,"CORRIENTES AV. 1723, CABA",-34.604284,-58.391316,,0.0,WWW.UMSA.EDU.AR,1,13.0,True
1652,UNIVERSIDAD DEL MUSEO SOCIAL ARGENTINO,ESPACIO DE FORMACION,,complementario,False,1,SAN NICOLAS,"SARMIENTO 1565, CABA",-34.605386,-58.388833,,0.0,WWW.UMSA.EDU.AR,1,46.0,True
1653,UNIVERSIDAD DEL SALVADOR,ESPACIO DE FORMACION,,complementario,False,1,SAN NICOLAS,"RODRIGUEZ PENA 670, CABA",-34.601174,-58.391433,,0.0,,1,83.0,True
1654,UNIVERSIDAD DEL SALVADOR,ESPACIO DE FORMACION,,complementario,False,2,RECOLETA,"CALLAO AV. 835, CABA",-34.599197,-58.39289,,0.0,WWW.SALVADOR.EDU.AR,1,49.0,True
1655,UNIVERSIDAD DEL SALVADOR,ESPACIO DE FORMACION,,complementario,False,1,RETIRO,"ALVEAR, MARCELO T. DE 1335, CABA",-34.596957,-58.386208,,0.0,WWW.SALVADOR.EDU.AR,1,12.0,True
1659,UNIVERSIDAD NACIONAL DE LAS ARTES,ESPACIO DE FORMACION,,complementario,False,3,BALVANERA,"REPUBLICA BOLIVARIANA DE VENEZUELA 2587, CABA",-34.615622,-58.403851,,0.0,WWW.DRAMATICAS.UNA.EDU.AR,1,146.0,True
1660,UNIVERSIDAD NACIONAL DE LAS ARTES,ESPACIO DE FORMACION,,complementario,False,3,BALVANERA,"AZCUENAGA 29, CABA",-34.609369,-58.400456,,0.0,WWW.IUNA.EDU.AR,1,220.0,False
1661,UNIVERSIDAD NACIONAL DE LAS ARTES - DEPARTAMENTO ARTES DRAMATICAS,ESPACIO DE FORMACION,,complementario,False,14,PALERMO,"FRENCH 3614, CABA",-34.583101,-58.411694,,0.0,WWW.IUNA.EDU.AR,1,125.0,True
1662,UNIVERSIDAD NACIONAL DE LAS ARTES - DEPARTAMENTO ARTES VISUALES,ESPACIO DE FORMACION,,complementario,False,3,BALVANERA,"MITRE, BARTOLOME 1869, CABA",-34.607998,-58.393019,,0.0,WWW.VISUALES.IUNA.EDU.AR,1,124.0,True
1663,UNIVERSIDAD NACIONAL DE LAS ARTES - DEPARTAMENTO CRITICA DE ARTE,ESPACIO DE FORMACION,,complementario,False,3,BALVANERA,"MITRE, BARTOLOME 1869, CABA",-34.607998,-58.393019,,0.0,WWW.IUNA.EDU.AR,1,124.0,True
1664,UNIVERSIDAD NACIONAL DE SAN MARTIN,ESPACIO DE FORMACION,,complementario,False,1,SAN NICOLAS,"PARANA 145, CABA",-34.607182,-58.387739,,0.0,WWW.UNSAM.EDU.AR,1,73.0,True
1665,UNIVERSIDAD POPULAR MADRES DE PLAZA DE MAYO,ESPACIO DE FORMACION,,complementario,False,1,MONSERRAT,"YRIGOYEN, HIPOLITO AV. 1584, CABA",-34.610106,-58.38873,,0.0,WWW.MADRES.ORG,1,30.0,True
1666,DEFENSA,ESPACIO FERIAL,MANUALISTAS,patrimonio_feria,False,1,MONSERRAT,"Defensa 50 al 600, CABA",-34.60954268,-58.37208807,,0.0,,1,67.0,True
1667,DIAGONAL SUR,ESPACIO FERIAL,MANUALISTAS,patrimonio_feria,False,1,MONSERRAT,"Diagonal Sur, CABA",-34.60930314,-58.37377977,,0.0,,1,33.0,True
1669,FERIA INTENDENTE ALVEAR,ESPACIO FERIAL,ARTESANIAS,patrimonio_feria,False,2,RECOLETA,"DEL LIBERTADOR AV. y ALVEAR AV., CABA",-34.58499,-58.39101,,0.0,,1,1.0,True
1671,FERIA PARQUE LEZAMA,ESPACIO FERIAL,MANUALISTAS,patrimonio_feria,False,1,SAN TELMO,"BRASIL AV. y DEFENSA, CABA",-34.62537,-58.3711,,0.0,,1,139.0,True
1672,FERIA PLAZA HOUSSAY,ESPACIO FERIAL,ARTESANIAS,patrimonio_feria,False,2,RECOLETA,"CORDOBA AV. y JUNIN, CABA",-34.59973,-58.39719,,0.0,,1,0.0,True
1673,FERIA PLAZA ITALIA,ESPACIO FERIAL,ARTESANIAS,patrimonio_feria,False,14,PALERMO,"SANTA FE AV. y URIARTE, CABA",-34.58058,-58.42261,,0.0,,1,186.0,False
1675,FERIA PLAZOLETA SANTA FE,ESPACIO FERIAL,ARTESANIAS,patrimonio_feria,False,14,PALERMO,"SANTA FE AV. y THAMES, CABA",-34.58118,-58.42174,,0.0,,1,113.0,True
1676,FERIA VUELTA DE ROCHA I,ESPACIO FERIAL,ARTESANIAS,patrimonio_feria,False,4,BOCA,"DON PEDRO DE MENDOZA AV. y VALLE IBERLUCEA DEL, DR., CABA",-34.63938,-58.36183,,0.0,,1,86.0,True
1677,FERIA VUELTA DE ROCHA II,ESPACIO FERIAL,ARTESANIAS,patrimonio_feria,False,4,BOCA,"DON PEDRO DE MENDOZA AV. y VALLE IBERLUCEA DEL, DR., CABA",-34.63938,-58.36183,,0.0,,1,86.0,True
1678,GIUFFRA,ESPACIO FERIAL,MANUALISTAS,patrimonio_feria,False,1,SAN TELMO,"DEFENSA y GIUFFRA, JOSE M.,DR., CABA",-34.61786,-58.37164,,0.0,,1,129.0,True
1679,HONDURAS,ESPACIO FERIAL,MANUALISTAS,patrimonio_feria,False,14,PALERMO,"Honduras entre Serrano y Thames, CABA",-34.58832177,-58.43081097,,0.0,,1,74.0,True
1680,HUMBERTO 1,ESPACIO FERIAL,MANUALISTAS,patrimonio_feria,False,1,SAN TELMO,"Humberto 1 e/ Defensa y Balcarce, CABA",-34.62064323,-58.37071015,,0.0,,1,195.0,False
1681,PALERMO VIEJO,ESPACIO FERIAL,MANUALISTAS,patrimonio_feria,False,14,PALERMO,"MALABIA y COSTA RICA, CABA",-34.58947,-58.42508,,0.0,,1,335.0,False
1688,PARQUE PATRICIOS,ESPACIO FERIAL,MANUALISTAS,patrimonio_feria,False,4,PARQUE PATRICIOS,"CASEROS AV. y ALMAFUERTE AV., CABA",-34.63821544,-58.41110631,,0.0,,1,131.0,True
1689,PARQUE PATRICIOS,ESPACIO FERIAL,LIBRERIA,patrimonio_feria,False,4,PARQUE PATRICIOS,"CASEROS AV. y MONTEAGUDO, CABA",-34.63712,-58.40561,,0.0,,1,132.0,True
1692,PASEO DEFENSA,ESPACIO FERIAL,MANUALISTAS,patrimonio_feria,False,1,SAN TELMO,"DEFENSA 1200, CABA",-34.62167893,-58.3713088,,0.0,,1,137.0,True
1693,PLAZA CORTAZAR,ESPACIO FERIAL,MANUALISTAS,patrimonio_feria,False,14,PALERMO,"HONDURAS y SERRANO, CABA",-34.58863,-58.43033,,0.0,,1,32.0,True
1694,PLAZA DORREGO,ESPACIO FERIAL,MANUALISTAS,patrimonio_feria,False,1,SAN TELMO,"Plaza Dorrego, CABA",-34.62048979,-58.37171972,,0.0,,1,104.0,True
1695,PLAZA HOUSSAY,ESPACIO FERIAL,LIBRERIA,patrimonio_feria,False,2,RECOLETA,"JUNIN y PARAGUAY, CABA",-34.59858,-58.39733,,0.0,,1,128.0,True
1696,PLAZA LAVALLE,ESPACIO FERIAL,LIBRERIA,patrimonio_feria,False,1,SAN NICOLAS,"LAVALLE y TALCAHUANO, CABA",-34.60269,-58.3852,,0.0,,1,123.0,True
1700,PLAZOLETA SANTA FE,ESPACIO FERIAL,LIBRERIA,patrimonio_feria,False,14,PALERMO,"AV. SANTA FE ENTRE URIARTE Y THAMES, CABA",-34.58090496,-58.42190681,,0.0,,1,121.0,True
1701,PLAZOLETA TANGO,ESPACIO FERIAL,LIBRERIA,patrimonio_feria,False,1,SAN NICOLAS,"ALEM, LEANDRO N. AV. y PERON, JUAN DOMINGO, TTE. GENERAL, CABA",-34.60536,-58.37028,,0.0,,1,116.0,True
1702,RECOLETA,ESPACIO FERIAL,MANUALISTAS,patrimonio_feria,False,2,RECOLETA,"Recoleta Av. Pueyrredon y Av. del Libertador (Plaza Intendente Alvear y Plaza Juan XXIII)., CABA",-34.58461532,-58.3924294,,0.0,,1,13.0,True
1703,RETIRO,ESPACIO FERIAL,MANUALISTAS,patrimonio_feria,False,1,PUERTO MADERO,"CALABRIA AV. y LANTERI JULIETA, CABA",-34.61259,-58.35869,,0.0,,1,510.0,False
1705,ACEFALA,GALERIA DE ARTE,,exhibicion,True,14,PALERMO,"VEGA, NICETO, CNEL. 4758, CABA",-34.592555,-58.430994,,0.0,https://acefalagaleria.com/,1,98.0,True
1707,AG. ESPACIO DE ARTE,GALERIA DE ARTE,,exhibicion,True,1,RETIRO,"ALVEAR 1585, CABA",-34.589927,-58.385634,,0.0,,1,32.0,True
1708,AGRUPACION DE GENTE DE ARTE E IMPULSO,GALERIA DE ARTE,,exhibicion,True,4,BOCA,"ARAOZ DE LAMADRID, GREGORIO, GRAL. 355, CABA",-34.636662,-58.357302,,0.0,http://impulsodelaboca.blogspot.com/,1,214.0,False
1709,ALDO DE SOUSA. GALERIA DE ARTE,GALERIA DE ARTE,,exhibicion,True,1,RETIRO,"ARROYO 858, CABA",-34.591712,-58.379291,,0.0,https://www.aldodesousa.com.ar/,1,76.0,True
1710,ALEJANDRO FAGGIONI. ESTUDIO DE ARTE,GALERIA DE ARTE,,exhibicion,True,1,RETIRO,"CABRAL, SGTO. 881, CABA",-34.594661,-58.379684,,0.0,http://www.alejandrofaggioni.com/,1,26.0,True
1711,APPETITE CONTEMPOPORARY ART,GALERIA DE ARTE,,exhibicion,True,1,MONSERRAT,"CHACABUCO 551, CABA",-34.614483,-58.376109,,0.0,WWW.APETITE.COM.AR,1,193.0,False
1712,ARCIMBOLDO. GALERIA DE ARTE,GALERIA DE ARTE,,exhibicion,True,1,SAN NICOLAS,"RECONQUISTA 761, CABA",-34.59904,-58.372709,,0.0,WWW.PELUSABORTAWICK.COM.AR,1,131.0,True
1714,BARRO ARTE CONTEMPORANEO,GALERIA DE ARTE,,exhibicion,True,4,BOCA,"CABOTO 531, CABA",-34.628712,-58.359529,,0.0,http://www.barro.cc/es,1,12.0,True
1715,BETA SUR,GALERIA DE ARTE,,exhibicion,True,4,BOCA,"CABOTO 725, CABA",-34.630317,-58.357119,,0.0,,1,9.0,True
1716,BOLMANI MODERN ART,GALERIA DE ARTE,,exhibicion,True,14,PALERMO,"HONDURAS 5550, CABA",-34.58455,-58.435895,,0.0,https://www.bolmanimodernart.com/,1,110.0,True
1717,BRAGA MENENDEZ ARTE CONTEMPORANEO,GALERIA DE ARTE,,exhibicion,True,14,PALERMO,"HUMBOLDT 1574, CABA",-34.585818,-58.436563,,0.0,WWW.GALERIABM.COM,1,7.0,True
1718,CALVARESI,GALERIA DE ARTE,,exhibicion,True,1,SAN TELMO,"DEFENSA 1136, CABA",-34.621142,-58.371352,,0.0,https://www.calvaresicontemporaneo.com/,1,135.0,True
1720,CASA MUNDUS,GALERIA DE ARTE,,exhibicion,True,4,BOCA,"CAFFARENA, AGUSTIN R. 86, CABA",-34.629918,-58.35714,,0.0,http://www.mundusmusica.com.ar/,1,28.0,True
1722,CEFURI ESPACIO DE ARTE,GALERIA DE ARTE,,exhibicion,True,4,PARQUE PATRICIOS,"PATAGONES 2740, CABA",-34.637451,-58.400679,,0.0,http://cefiroarte.com.ar/,1,134.0,True
1723,CENTOIRA,GALERIA DE ARTE,,exhibicion,True,2,RECOLETA,"FRENCH 2611, CABA",-34.589733,-58.401038,,0.0,WWW.ARTECENTOIRA.COM.AR,1,9.0,True
1726,COLECCION ALVEAR ZURBARAN,GALERIA DE ARTE,,exhibicion,True,2,RECOLETA,"ALVEAR 1658, CABA",-34.589492,-58.386483,,0.0,https://www.zurbaran.com.ar/,1,59.0,True
1727,COLECTIVO PERIFERIA,GALERIA DE ARTE,,exhibicion,True,4,BOCA,"VILLAFANE, WENCESLAO 101, CABA",-34.630441,-58.357156,,0.0,,1,22.0,True
1728,CONSORCIO DE ARTE DE BUENOS AIRES,GALERIA DE ARTE,,exhibicion,True,1,RETIRO,"GUIDO 1566, CABA",-34.592103,-58.387462,,0.0,,1,67.0,True
1729,CONSTITUCION,GALERIA DE ARTE,,exhibicion,True,4,BOCA,"VALLE IBERLUCEA DEL, DR. 1141, CABA",-34.63823,-58.362553,,0.0,https://constituciongaleria.com/,1,58.0,True
1730,CONTEMPORARY LATIN AMERICA ART,GALERIA DE ARTE,,exhibicion,True,14,PALERMO,"URIARTE 1373, CABA",-34.589037,-58.434362,,0.0,,1,149.0,True
1731,CRE-ARTE ARGENTINA,GALERIA DE ARTE,,exhibicion,True,1,RETIRO,"PELLEGRINI, CARLOS 877, CABA",-34.598247,-58.381259,,0.0,,1,87.0,True
1733,DAIN USINA CULTURAL,GALERIA DE ARTE,,exhibicion,True,14,PALERMO,"NICARAGUA 4899, CABA",-34.586021,-58.427864,,0.0,https://www.dainusinacultural.com.ar/,1,104.0,True
1734,DE LA RECOLETA GALERIA DE ARTE,GALERIA DE ARTE,,exhibicion,True,2,RECOLETA,"AGUERO 2502, CABA",-34.584762,-58.397754,,0.0,WWW.GALERIADELARECOLETA.COM.AR,1,191.0,False
1735,DE SANTI GALERIA,GALERIA DE ARTE,,exhibicion,True,1,RETIRO,"ESMERALDA 952, CABA",-34.597288,-58.378433,,0.0,,1,102.0,True
1736,DEL RIACHUELO ESPACIO DE ARTE,GALERIA DE ARTE,,exhibicion,True,4,BOCA,"DON PEDRO DE MENDOZA AV. 1887, CABA",-34.639298,-58.361586,,0.0,HTTP://DELRIACHUELOESPACIODEARTE.BLOGSPOT.COM.AR,1,88.0,True
1738,EL BLANCO CENTRO DE EXPERIMENTACION Y SINTESIS ARTISTICA,GALERIA DE ARTE,,exhibicion,True,14,PALERMO,"GASCON 1437, CABA",-34.593686,-58.422751,,0.0,http://www.elblancocesa.com/,1,145.0,True
1739,EL MIRADOR,GALERIA DE ARTE,,exhibicion,True,1,SAN TELMO,"BRASIL AV. 301, CABA",-34.625251,-58.369826,,0.0,http://www.fundacionelmirador.org/novedades,1,169.0,False
1740,EL SOTANO ART GALLERY,GALERIA DE ARTE,,exhibicion,True,14,PALERMO,"SOLER 4802, CABA",-34.585952,-58.426265,,0.0,https://elsotanoartspace.com/,1,21.0,True
1741,ERNESTO CATENA FOTOGRAFIA CONTEMPORANEA,GALERIA DE ARTE,,exhibicion,True,14,PALERMO,"HONDURAS 4894, CABA",-34.589472,-58.42914,,0.0,,1,100.0,True
1742,ESPACIO 10 ART GALLERY,GALERIA DE ARTE,,exhibicion,True,14,PALERMO,"GUATEMALA 4757, CABA",-34.585831,-58.425002,,0.0,WWW.ESPACIO10.COM.AR,1,43.0,True
1743,ESPACIO BIAZZI,GALERIA DE ARTE,,exhibicion,True,1,SAN TELMO,"DEFENSA 763, CABA",-34.616773,-58.371727,,0.0,,1,125.0,True
1744,ESPACIO CABUTIA,GALERIA DE ARTE,,exhibicion,True,1,RETIRO,"ARENALES 1239, CABA",-34.594443,-58.384949,,0.0,http://espaciocabutia.com/,1,5.0,True
1745,ESPACIO DE ARTE BANCO CIUDAD,GALERIA DE ARTE,,exhibicion,True,1,SAN NICOLAS,"ESMERALDA 660, CABA",-34.600511,-58.378243,,0.0,,1,128.0,True
1746,ESPACIO FUNDACION TELEFONICA,GALERIA DE ARTE,,exhibicion,True,2,RECOLETA,"ARENALES 1540, CABA",-34.594729,-58.389114,,0.0,https://espacio.fundaciontelefonica.com.ar/,1,9.0,True
1747,ESPACIO LOS VIKINGS,GALERIA DE ARTE,,exhibicion,True,1,SAN NICOLAS,"VIAMONTE 1145, CABA",-34.600315,-58.383155,,0.0,,1,133.0,True
1748,ESPACIO MILO LOCKETT,GALERIA DE ARTE,,exhibicion,True,14,PALERMO,"CABRERA, JOSE A. 5507, CABA",-34.586273,-58.43729,,0.0,https://www.tiendamilolockett.com.ar/,1,20.0,True
1751,F/O OBJETOS Y TEORIAS,GALERIA DE ARTE,,exhibicion,True,4,BOCA,"DON PEDRO DE MENDOZA AV. 1901, CABA",-34.639493,-58.361827,,0.0,,1,97.0,True
1753,FABRICA PERU,GALERIA DE ARTE,OTROS,exhibicion,True,1,MONSERRAT,"PERU 442, CABA",-34.613221,-58.374631,,0.0,WWW.FABRICAPERU.COM.AR,1,123.0,True
1754,FEDERICO TOWPYHA ARTE CONTEMPORANEO,GALERIA DE ARTE,,exhibicion,True,3,BALVANERA,"TUCUMAN 3148, CABA",-34.600746,-58.409919,,0.0,WWW.FTARTE.BLOGSPOT.COM,1,12.0,True
1755,FINO 630,GALERIA DE ARTE,,exhibicion,True,4,BARRACAS,"FINOCHIETTO ENRIQUE DR. 630, CABA",-34.628429,-58.373894,,0.0,http://www.fino630.com.ar/,1,146.0,True
1756,FTALO GALERIA,GALERIA DE ARTE,,exhibicion,True,14,PALERMO,"GORRITI 3864, CABA",-34.595492,-58.419274,,0.0,,1,12.0,True
1757,FUNDACION FEDERICO JORGE KLEMM,GALERIA DE ARTE,,exhibicion,True,1,RETIRO,"ALVEAR, MARCELO T. DE 626, CABA",-34.596371,-58.376071,,0.0,WWW.FUNDACIONFJKLEMM.ORG,1,14.0,True
1758,FUNDACION PROA,GALERIA DE ARTE,,exhibicion,True,4,BOCA,"DON PEDRO DE MENDOZA AV. 1929, CABA",-34.639639,-58.361732,,0.0,WWW.PROA.ORG,1,115.0,True
1759,G/C ARTE CONTEMPORANEO,GALERIA DE ARTE,,exhibicion,True,1,RETIRO,"ESMERALDA 978, CABA",-34.596638,-58.378477,,0.0,,1,30.0,True
1760,GALERIA 713 ARTE CONTEMPORANEO,GALERIA DE ARTE,,exhibicion,True,1,SAN TELMO,"DEFENSA 713, CABA",-34.616249,-58.37175,,0.0,WWW.ARTE713.COM,1,125.0,True
1761,GALERIA ABATE,GALERIA DE ARTE,,exhibicion,True,2,RECOLETA,"BOLLINI 2170, CABA",-34.587168,-58.404027,,0.0,WWW.ABATEGALERIA.COM,1,80.0,True
1762,GALERIA ALBERTO SENDROS,GALERIA DE ARTE,,exhibicion,True,1,RETIRO,"TRES SARGENTOS 359, CABA",-34.597787,-58.372424,,0.0,WWW.ALBERTOSENDROS.COM,1,165.0,False
1763,GALERIA ARROYO,GALERIA DE ARTE,,exhibicion,True,1,RETIRO,"ARROYO 830, CABA",-34.592201,-58.378894,,0.0,WWW.GALARROYO.COM,1,110.0,True
1765,GALERIA AZUR,GALERIA DE ARTE,,exhibicion,True,2,RECOLETA,"CALLAO AV. 1701, CABA",-34.589975,-58.389782,,0.0,WWW.GALERIAAZUR.COM,1,249.0,False
1766,GALERIA BRAQUE,GALERIA DE ARTE,,exhibicion,True,1,MONSERRAT,"CHACABUCO 131, CABA",-34.609545,-58.376363,,0.0,WWW.ARTEBRAQUE.COM.AR,1,101.0,True
1767,GALERIA BUENOS AIRES SUR,GALERIA DE ARTE,,exhibicion,True,1,SAN TELMO,"BOLIVAR 1268, CABA",-34.622787,-58.372719,,0.0,,1,4.0,True
1768,GALERIA CECILIA CABALLERO,GALERIA DE ARTE,,exhibicion,True,2,RECOLETA,"MONTEVIDEO 1720, CABA",-34.590452,-58.386667,,0.0,http://www.galeriaceciliacaballero.com/,1,15.0,True
1769,GALERIA COSMOCASA,GALERIA DE ARTE,,exhibicion,True,2,RECOLETA,"MONTEVIDEO 1430, CABA",-34.592971,-58.389772,,0.0,http://www.cosmocosa.com/,1,7.0,True
1770,GALERIA DABBAH TORREJON,GALERIA DE ARTE,,exhibicion,True,14,PALERMO,"EL SALVADOR 5176, CABA",-34.586369,-58.431662,,0.0,http://www.dabbahtorrejon.com.ar/,1,27.0,True
1771,GALERIA DANIEL MAMAN FINE ARTS,GALERIA DE ARTE,,exhibicion,True,14,PALERMO,"DEL LIBERTADOR AV. 2475, CABA",-34.579161,-58.406025,,0.0,http://mamanfineart.com/,1,23.0,True
1772,GALERIA DE ARTE KARINA PARADISO,GALERIA DE ARTE,,exhibicion,True,14,PALERMO,"DEL LIBERTADOR AV. 4700, CABA",-34.565783,-58.433291,,0.0,WWW.KARINAPARADISO.COM.AR,1,24.0,True
1773,GALERIA DE ARTE LEONARDO DA VINCI,GALERIA DE ARTE,,exhibicion,True,1,RETIRO,"LIBERTAD 1222, CABA",-34.594074,-58.384481,,0.0,,1,40.0,True
1775,GALERIA DE ARTE MERCEDES GIACHETTI,GALERIA DE ARTE,,exhibicion,True,1,SAN TELMO,"DEFENSA 718, CABA",-34.616235,-58.371674,,0.0,WWW.GALERIASMGIACHETTI.COM.AR,1,132.0,True
1776,GALERIA DE ARTE SYLVIA VESCO,GALERIA DE ARTE,,exhibicion,True,1,SAN TELMO,"CHACABUCO 866, CABA",-34.618129,-58.375845,,0.0,WWW.SYLVIAVESCOARTE.COM.AR,1,212.0,False
1777,GALERIA DEL INFINITO ARTE,GALERIA DE ARTE,,exhibicion,True,2,RECOLETA,"QUINTANA, MANUEL, PRES. 325, CABA",-34.589785,-58.388101,,0.0,http://www.delinfinito.com/galeria/,1,153.0,False
1778,GALERIA ELSI DEL RIO,GALERIA DE ARTE,,exhibicion,True,14,PALERMO,"HUMBOLDT 1510, CABA",-34.586252,-58.437061,,0.0,WWW.ELSIDELRIO.COM.AR,1,11.0,True
1779,GALERIA FOSTER CATENA,GALERIA DE ARTE,,exhibicion,True,14,PALERMO,"HONDURAS 4882, CABA",-34.589514,-58.429075,,0.0,HTTP://WWW.FOSTERCATENA.COM/GALERIA/,1,107.0,True
1780,GALERIA GRAFICA GESTUAL,GALERIA DE ARTE,,exhibicion,True,14,PALERMO,"ARCE 730, CABA",-34.568621,-58.434892,,0.0,http://galeriagraficagestual.blogspot.com/,1,362.0,False
1782,GALERIA ISABEL ANCHORENA,GALERIA DE ARTE,,exhibicion,True,1,RETIRO,"LIBERTAD 1389, CABA",-34.591728,-58.384311,,0.0,WWW.GALERIAISABELANCHORENA.SION.COM,1,251.0,False
1783,GALERIA ISIDRO MIRANDA,GALERIA DE ARTE,,exhibicion,True,1,SAN TELMO,"ESTADOS UNIDOS 726, CABA",-34.618584,-58.376277,,0.0,WWW.ISIDROMIRANDA/GALERIA.PHP,1,223.0,False
1784,GALERIA JACQUES MARTINEZ,GALERIA DE ARTE,,exhibicion,True,1,MONSERRAT,"DE MAYO AV. 1128, CABA",-34.6092,-58.38245,,0.0,WWW.GALERIAJACQUESMARTINEZ.COM,1,162.0,False
1785,GALERIA JORGE MARA LA RUCHE,GALERIA DE ARTE,,exhibicion,True,2,RECOLETA,"PARANA 1133, CABA",-34.595523,-58.388413,,0.0,WWW.JORGEMARALARUCHE.COM.AR,1,95.0,True
1786,GALERIA LAGARD,GALERIA DE ARTE,,exhibicion,True,1,RETIRO,"SUIPACHA 1216, CABA",-34.59379,-58.380102,,0.0,WWW.GALERIALAGARD.COM.AR,1,11.0,True
1787,GALERIA LAURA HABER,GALERIA DE ARTE,,exhibicion,True,14,PALERMO,"O'HIGGINS 1361, CABA",-34.566752,-58.446964,,0.0,WWW.LAURAHABER.COM.AR,1,197.0,False
1788,GALERIA MAGNA ARTE ARGENTINO,GALERIA DE ARTE,,exhibicion,True,1,RETIRO,"LIBERTAD 1030, CABA",-34.596536,-58.38426,,0.0,http://www.galeriamagna.com/,1,41.0,True
1789,GALERIA MAR DULCE,GALERIA DE ARTE,,exhibicion,True,14,PALERMO,"URIARTE 1490, CABA",-34.588222,-58.433331,,0.0,WWW.GALERIAMARDULCE.BLOGSPOT.COM,1,20.0,True
1790,GALERIA MITE,GALERIA DE ARTE,,exhibicion,True,2,RECOLETA,"SANTA FE AV. 2792, CABA",-34.59272,-58.406046,,0.0,http://mitegaleria.com.ar/,1,261.0,False
1792,GALERIA OTTO,GALERIA DE ARTE,,exhibicion,True,2,RECOLETA,"PARANA 1158, CABA",-34.595193,-58.388544,,0.0,http://www.ottogaleria.com/,1,57.0,True
1793,GALERIA PABELLON 4,GALERIA DE ARTE,,exhibicion,True,14,PALERMO,"URIARTE 1332, CABA",-34.589252,-58.434888,,0.0,WWW.PABELLON4.COM,1,160.0,False
1794,GALERIA PATIO DEL LICEO,GALERIA DE ARTE,,exhibicion,True,2,RECOLETA,"SANTA FE AV. 2729, CABA",-34.593044,-58.405367,,0.0,,1,191.0,False
1795,GALERIA PRAXIS,GALERIA DE ARTE,,exhibicion,True,1,RETIRO,"ARENALES 1311, CABA",-34.594537,-58.38604,,0.0,WWW.PRAXIS-ART.COM,1,12.0,True
1796,GALERIA RICARDO LOPEZ,GALERIA DE ARTE,,exhibicion,True,1,RETIRO,"ARENALES 966, CABA",-34.594174,-58.380863,,0.0,http://www.ricardolopezgaleria.com.ar/,1,9.0,True
1797,GALERIA ROLDAN MODERNO,GALERIA DE ARTE,,exhibicion,True,1,RETIRO,"JUNCAL 743, CABA",-34.592786,-58.37772,,0.0,https://roldan.cc/es/moderno,1,141.0,True
1798,GALERIA ROLF ART,GALERIA DE ARTE,,exhibicion,True,1,RETIRO,"ESMERALDA 1353, CABA",-34.59211,-58.378391,,0.0,http://rolfart.com.ar/,1,120.0,True
1799,GALERIA RUBBERS INTERNACIONAL,GALERIA DE ARTE,,exhibicion,True,2,RECOLETA,"ALVEAR 1640, CABA",-34.589596,-58.386324,,0.0,WWW.RUBBERS.COM.AR,1,41.0,True
1801,GALERIA SARA GARCIA URIBURU,GALERIA DE ARTE,,exhibicion,True,1,RETIRO,"URUGUAY 1223, CABA",-34.59418,-58.387323,,0.0,WWW.SARAGARCIAURIBURU.COM,1,52.0,True
1802,GALERIA UNION,GALERIA DE ARTE,,exhibicion,True,14,PALERMO,"COSTA RICA 5929, CABA",-34.580009,-58.437986,,0.0,https://galeriaunion.com/,1,39.0,True
1803,GALERIA URSOMARZO,GALERIA DE ARTE,,exhibicion,True,1,RETIRO,"ARENALES 921, CABA",-34.594075,-58.380197,,0.0,WWW.GALERIAURSOMARZO.COM.AR,1,5.0,True
1804,GALERIA VAN EYCK,GALERIA DE ARTE,,exhibicion,True,1,RETIRO,"SANTA FE AV. 834, CABA",-34.595232,-58.379099,,0.0,WWW.VANEYCK.COM.AR,1,78.0,True
1805,GALERIA VAN RIEL,GALERIA DE ARTE,,exhibicion,True,1,RETIRO,"JUNCAL 790, CABA",-34.592966,-58.378268,,0.0,WWW.VANRIEL.COM.AR,1,126.0,True
1806,GALERIA VASARI,GALERIA DE ARTE,,exhibicion,True,1,RETIRO,"ESMERALDA 1357, CABA",-34.592042,-58.378353,,0.0,WWW.GALERIAVASARI.COM.AR,1,112.0,True
1807,GALERIA VIEJO HOTEL,GALERIA DE ARTE,,exhibicion,True,1,SAN TELMO,"BALCARCE 1053, CABA",-34.620003,-58.370094,,0.0,-,1,247.0,False
1808,GALERIA WUSSMANN - CESAR MENEGAZZO,GALERIA DE ARTE,,exhibicion,True,1,MONSERRAT,"REPUBLICA BOLIVARIANA DE VENEZUELA 570, CABA",-34.613817,-58.374233,,0.0,WWW.WUSSMANNBLOG.WORDPRESS.COM,1,90.0,True
1809,GALERIA ZURBARAN,GALERIA DE ARTE,,exhibicion,True,1,RETIRO,"CERRITO 1522, CABA",-34.589743,-58.382597,,0.0,WWW.ZURBARANGALERIA.COM.AR,1,129.0,True
1810,GRANADA GALLERY,GALERIA DE ARTE,,exhibicion,True,14,PALERMO,"GODOY CRUZ 1644, CABA",-34.587735,-58.434427,,0.0,https://www.granadagallery.net/,1,51.0,True
1811,GUEVARA GALLERY. SPECIALIZED IN ART DECO AND ART NOUVEAU,GALERIA DE ARTE,,exhibicion,True,1,SAN TELMO,"BALCARCE 1084, CABA",-34.620381,-58.369989,,0.0,http://www.guevaragallery.com/,1,210.0,False
1812,HERLIZKA + FARIA,GALERIA DE ARTE,,exhibicion,True,1,RETIRO,"LIBERTAD 1630, CABA",-34.58922,-58.383405,,0.0,http://www.henriquefaria-ba.com/es,1,121.0,True
1813,HILDA SOLANO ARTE Y DISENO LATINOAMERICANO,GALERIA DE ARTE,,exhibicion,True,2,RECOLETA,"ALVEAR 1777, CABA",-34.588522,-58.387871,,0.0,,1,225.0,False
1814,HILO GALERIA,GALERIA DE ARTE,,exhibicion,True,14,PALERMO,"GORRITI 4614, CABA",-34.592047,-58.42717,,0.0,https://hilogaleria.com/,1,7.0,True
1815,HOY EN EL ARTE GALERIA,GALERIA DE ARTE,,exhibicion,True,1,RETIRO,"JUNCAL 848, CABA",-34.592918,-58.3792,,0.0,WWW.GALERIAHOYENELARTE.COM.AR,1,81.0,True
1816,HUELLAS,GALERIA DE ARTE,,exhibicion,True,1,RETIRO,"CABRAL, SGTO. 885, CABA",-34.594664,-58.379731,,0.0,,1,22.0,True
1817,ISLA FLOTANTE,GALERIA DE ARTE,,exhibicion,True,1,SAN NICOLAS,"VIAMONTE 776, CABA",-34.600074,-58.377797,,0.0,http://islaflotante.com/,1,171.0,False
1820,LOS COLECCIONISTAS,GALERIA DE ARTE,,exhibicion,True,1,RETIRO,"LIBERTAD 978, CABA",-34.597215,-58.38422,,0.0,http://loscoleccionistas.com/,1,35.0,True
1822,MARIA CALCATERRA,GALERIA DE ARTE,,exhibicion,True,14,PALERMO,"CASTILLA, RAMON, MARISCAL 2876, CABA",-34.579963,-58.400586,,0.0,,1,238.0,False
1823,MARTORELL. ART + PEOPLE,GALERIA DE ARTE,,exhibicion,True,2,RECOLETA,"PACHECO DE MELO, JOSE ANDRES 1863, CABA",-34.592073,-58.393484,,0.0,,1,184.0,False
1824,MCMC,GALERIA DE ARTE,,exhibicion,True,14,PALERMO,"FIGUEROA ALCORTA, PRES. AV. 3032, CABA",-34.580531,-58.398712,,0.0,http://mcmcgaleria.com,1,58.0,True
1826,MIRANDA BOSCH GALLERY,GALERIA DE ARTE,,exhibicion,True,1,RETIRO,"MONTEVIDEO 1723, CABA",-34.590585,-58.386675,,0.0,http://art.mirandabosch.com/,1,5.0,True
1827,MITRA ARTE,GALERIA DE ARTE,,exhibicion,True,2,RECOLETA,"SANTA FE AV. 1660, CABA",-34.595903,-58.390945,,0.0,https://aacmitra.wixsite.com/,1,145.0,True
1828,MODO ART GALLERY,GALERIA DE ARTE,,exhibicion,True,1,SAN TELMO,"CALVO, CARLOS 592, CABA",-34.619687,-58.374044,,0.0,http://modoartgallery.blogspot.com/,1,101.0,True
1830,MOSTO & ROJAS,GALERIA DE ARTE,,exhibicion,True,14,PALERMO,"UGARTECHE 3050, CABA",-34.580797,-58.41215,,0.0,http://www.mostorojasarte.com/,1,367.0,False
1831,MUNAR,GALERIA DE ARTE,,exhibicion,True,4,BOCA,"DON PEDRO DE MENDOZA AV. 1535, CABA",-34.637449,-58.356622,,0.0,https://artemunar.com.ar/,1,252.0,False
1832,MUNDO NUEVO. GALLERY ART,GALERIA DE ARTE,,exhibicion,True,2,RECOLETA,"CALLAO AV. 1868, CABA",-34.588599,-58.388529,,0.0,http://www.fundacionmundonuevo.org.ar/,1,266.0,False
1833,NAZLI KALAYCI. ART DEALER,GALERIA DE ARTE,,exhibicion,True,2,RECOLETA,"LAS HERAS GENERAL AV. 2049, CABA",-34.58964,-58.394374,,0.0,https://www.nkartdealer.com.ar/,1,180.0,False
1834,NORMA DUEK ART GALLERY,GALERIA DE ARTE,,exhibicion,True,14,PALERMO,"DEL LIBERTADOR AV. 2280, CABA",-34.580951,-58.404416,,0.0,http://www.normaduek.com/,1,24.0,True
1835,ODA,GALERIA DE ARTE,,exhibicion,True,1,SAN NICOLAS,"PARANA 759, CABA",-34.599915,-58.388087,,0.0,http://odaarte.com/,1,63.0,True
1836,OPEN ESTUDIOS COSTRA RICA,GALERIA DE ARTE,,exhibicion,True,14,PALERMO,"COSTA RICA 4684, CABA",-34.588276,-58.426947,,0.0,,1,144.0,True
1838,PALATINA GALERIA DE ARTE,GALERIA DE ARTE,,exhibicion,True,1,RETIRO,"ARROYO 821, CABA",-34.592078,-58.378898,,0.0,http://www.galeriapalatina.com.ar/,1,111.0,True
1839,PALERMO H,GALERIA DE ARTE,,exhibicion,True,14,PALERMO,"HONDURAS 5929, CABA",-34.581494,-58.439616,,0.0,http://www.artgallerypalermoh.com.ar/,1,35.0,True
1840,PANAL 361,GALERIA DE ARTE,,exhibicion,True,3,BALVANERA,"JAURES, JEAN 361, CABA",-34.605813,-58.409564,,0.0,https://www.panal361.com/,1,100.0,True
1841,PASTO,GALERIA DE ARTE,,exhibicion,True,14,PALERMO,"PEREYRA LUCENA 2591, CABA",-34.58325,-58.400702,,0.0,http://www.pastogaleria.com.ar/,1,97.0,True
1842,PATIO THAMES. BAZAR DE ARTE,GALERIA DE ARTE,,exhibicion,True,14,PALERMO,"THAMES 1678, CABA",-34.587524,-58.430419,,0.0,,1,117.0,True
1843,PERAS DE OLMO. ARS CONTINUA,GALERIA DE ARTE,,exhibicion,True,14,PALERMO,"VEGA, NICETO, CNEL. 4678, CABA",-34.593188,-58.430056,,0.0,http://perasdeolmo.blogspot.com/,1,97.0,True
1845,PIEDRAS,GALERIA DE ARTE,,exhibicion,True,3,BALVANERA,"RIVADAVIA AV. 2625, CABA",-34.60991,-58.40364,,0.0,http://espaciopiedras.com/,1,87.0,True
1846,PIEDRAS,GALERIA DE ARTE,,exhibicion,True,3,BALVANERA,"RIVADAVIA AV. 2623, CABA",-34.609906,-58.403581,,0.0,,1,92.0,True
1847,POPA. GALERIA DE ARTE CONTEMPORENEO,GALERIA DE ARTE,,exhibicion,True,4,BOCA,"ARAOZ DE LAMADRID, GREGORIO, GRAL. 882, CABA",-34.63951,-58.364733,,0.0,,1,12.0,True
1848,QUADRO,GALERIA DE ARTE,,exhibicion,True,4,BOCA,"CAFFARENA, AGUSTIN R. 199, CABA",-34.630778,-58.358123,,0.0,https://www.quadrogaleria.com/,1,103.0,True
1849,QUIMERA,GALERIA DE ARTE,,exhibicion,True,14,PALERMO,"GUEMES 4474, CABA",-34.582374,-58.422635,,0.0,https://www.quimeragaleria.com/,1,80.0,True
1850,REVOLVER GALERIA,GALERIA DE ARTE,,exhibicion,True,14,PALERMO,"PAGANO, JOSE LEON 2750, CABA",-34.583423,-58.40027,,0.0,www.revolvergaleria.com,1,100.0,True
1852,RO GALERIA DE ARTE,GALERIA DE ARTE,,exhibicion,True,1,SAN NICOLAS,"PARANA 58, CABA",-34.608081,-58.387751,,0.0,WWW.ROART.COM.AR,1,137.0,True
1854,SAAP - SOCIEDAD ARGENTINA DE ARTISTAS PLASTICOS,GALERIA DE ARTE,,exhibicion,True,1,SAN NICOLAS,"VIAMONTE 458, CABA",-34.599765,-58.373443,,0.0,http://www.saap.com.ar/,1,59.0,True
1857,SMART GALLERY,GALERIA DE ARTE,,exhibicion,True,1,RETIRO,"ALVEAR 1580, CABA",-34.590015,-58.385683,,0.0,https://smartgalleryba.com/,1,35.0,True
1858,SOLER ESPACIO DE ARTE,GALERIA DE ARTE,,exhibicion,True,14,PALERMO,"SOLER 5072, CABA",-34.584285,-58.428375,,0.0,,1,134.0,True
1859,SOPHIE ESPACIO DE ARTE,GALERIA DE ARTE,,exhibicion,True,14,PALERMO,"URIARTE 2142, CABA",-34.583766,-58.426707,,0.0,,1,224.0,False
1860,STUDIO 488 / MM,GALERIA DE ARTE,,exhibicion,True,14,PALERMO,"EL SALVADOR 4138, CABA",-34.592827,-58.421352,,0.0,,1,52.0,True
1861,SUIPACHA GALERIA,GALERIA DE ARTE,,exhibicion,True,1,RETIRO,"SUIPACHA 1264, CABA",-34.593319,-58.380121,,0.0,http://suipachagaleria.com.ar/,1,13.0,True
1862,TIENDA QUORUM,GALERIA DE ARTE,,exhibicion,True,1,SAN TELMO,"DEFENSA 894, CABA",-34.61836,-58.371579,,0.0,https://www.tiendaquorum.com/,1,132.0,True
1863,TRANSARTE EMERGENCIAS CULTURALES,GALERIA DE ARTE,,exhibicion,True,1,SAN TELMO,"DEFENSA 1326, CABA",-34.623394,-58.371218,,0.0,WWW.TRANSARTEWEB.COM.AR,1,137.0,True
1867,WALDENGALLERY,GALERIA DE ARTE,,exhibicion,True,1,SAN NICOLAS,"VIAMONTE 452, CABA",-34.599765,-58.373443,,0.0,http://www.waldengallery.com/,1,59.0,True
1868,WITCOMB. GALERIA DE ARTE,GALERIA DE ARTE,,exhibicion,True,2,RECOLETA,"RODRIGUEZ PENA 1050, CABA",-34.596523,-58.391934,,0.0,http://www.galeriaswitcomb.com.ar/,1,78.0,True
1869,ZAVALETA LAB ARTE CONTEMPORANEO,GALERIA DE ARTE,,exhibicion,True,1,MONSERRAT,"YRIGOYEN, HIPOLITO 833, CABA",-34.609386,-58.378035,,0.0,WWW.ZAVALETALAB.COM,1,103.0,True
1870,1960 TIERRA ADENTRO,LIBRERIA,ANTIGUOS,complementario,False,14,PALERMO,"RUSSEL 5017, CABA",-34.587562,-58.428837,,0.0,,1,25.0,True
1871,A LIBRO ABIERTO,LIBRERIA,GENERAL,complementario,False,3,BALVANERA,"CORRIENTES AV. 2110, CABA",-34.604619,-58.396919,,0.0,s/d,1,16.0,True
1872,AARS LIBREROS,LIBRERIA,GENERAL,complementario,False,2,RECOLETA,"LARREA 938, CABA",-34.597213,-58.401953,,0.0,,1,102.0,True
1875,ABRAZANDO CUENTOS,LIBRERIA,ESPECIALIZADA,complementario,False,14,PALERMO,"CORDOBA AV. 5967, CABA",-34.58485,-58.444145,0.0,0.0,https://www.abrazandocuentos.com.ar/,1,12.0,True
1877,AD-HOC VILLELA EDITOR,LIBRERIA,ESPECIALIZADA,complementario,False,1,SAN NICOLAS,"VIAMONTE 1450, CABA",-34.600652,-58.38737,,0.0,https://www.adhoc-villela.com/,1,114.0,True
1879,AGAPE LIBROS,LIBRERIA,ESPECIALIZADA,complementario,False,1,SAN NICOLAS,"ESMERALDA 755, CABA",-34.599376,-58.378219,,0.0,https://www.agape-libros.com.ar/,1,136.0,True
1880,AGUAFUERTES LIBROS,LIBRERIA,GENERAL,complementario,False,14,PALERMO,"SANTA FE AV. 4200, CABA",-34.581303,-58.421715,,0.0,https://www.aguafuerteslibros.com.ar/,1,106.0,True
1883,AKADIA Y EDITORIAL,LIBRERIA,ESPECIALIZADA,complementario,False,2,RECOLETA,"PARAGUAY 2078, CABA",-34.598654,-58.396923,,0.0,http://www.editorialakadia.com/,1,119.0,True
1884,ALAMUT LIBROS,LIBRERIA,GENERAL,complementario,False,14,PALERMO,"BORGES, JORGE LUIS 1985, CABA",-34.58622,-58.426247,,0.0,https://alamutlibros.com.ar/,1,7.0,True
1885,ALBERTO CASARES,LIBRERIA,ESPECIALIZADA,complementario,False,1,SAN NICOLAS,"SUIPACHA 521, CABA",-34.602124,-58.379523,,0.0,,1,11.0,True
1886,ANTAMI LIBROS,LIBRERIA,GENERAL,complementario,False,3,BALVANERA,"PICHINCHA 45, CABA",-34.61006,-58.399145,,0.0,,1,146.0,True
1887,ANTICUARIA POEMA 20,LIBRERIA,ESPECIALIZADA,complementario,False,1,RETIRO,"ESMERALDA 869, CABA",-34.598084,-58.378303,,0.0,,1,137.0,True
1888,ANTIGONA,LIBRERIA,GENERAL,complementario,False,1,SAN NICOLAS,"CORRIENTES AV. 1555, CABA",-34.60416,-58.38872,,0.0,https://www.antigonalibros.com.ar/,1,14.0,True
1889,ANTIGONA,LIBRERIA,GENERAL,complementario,False,2,RECOLETA,"LAS HERAS GENERAL AV. 2597, CABA",-34.585133,-58.399685,,0.0,https://www.antigonalibros.com.ar/,1,269.0,False
1890,ANTIGUA FRAY MOCHO,LIBRERIA,ESPECIALIZADA,complementario,False,3,BALVANERA,"SARMIENTO 1832, CABA",-34.605714,-58.392702,,0.0,,1,125.0,True
1891,AQUILANTI Y FERNANDO BLANCO LIBROS,LIBRERIA,ANTIGUOS,complementario,False,3,BALVANERA,"RINCON 79, CABA",-34.610303,-58.396291,,0.0,https://aquilanti.com.ar/,1,111.0,True
1892,AQUILEA,LIBRERIA,GENERAL,complementario,False,3,BALVANERA,"CORRIENTES AV. 2008, CABA",-34.604581,-58.395431,,0.0,,1,16.0,True
1893,ARCADIA LIBROS,LIBRERIA,GENERAL,complementario,False,2,RECOLETA,"ALVEAR, MARCELO T. DE 1548, CABA",-34.597196,-58.389008,,0.0,http://arcadialibros.blogspot.com/,1,5.0,True
1894,ARGONAUTAS,LIBRERIA,GENERAL,complementario,False,2,RECOLETA,"SANTA FE AV. 2530, CABA",-34.594382,-58.402875,,0.0,https://argonautas.com.ar/,1,75.0,True
1895,ARNALDO ORFILA REYNAL,LIBRERIA,GENERAL,complementario,False,14,PALERMO,"COSTA RICA 4566, CABA",-34.589014,-58.425854,,0.0,https://libreriadelfondo.mercadoshops.com.ar/,1,270.0,False
1897,ASUNTO IMPRESO,LIBRERIA,ESPECIALIZADA,complementario,False,1,SAN NICOLAS,"RIVAROLA, RODOLFO, DR. 153, CABA",-34.60685,-58.3854,,0.0,https://asuntoimpreso.com/,1,53.0,True
1899,ATLANTE,LIBRERIA,ESPECIALIZADA,complementario,False,2,RECOLETA,"ALVEAR, MARCELO T. DE 2111, CABA",-34.597162,-58.397732,,0.0,https://www.editorialatlante.com.ar/,1,7.0,True
1900,ATLANTE,LIBRERIA,ESPECIALIZADA,complementario,False,2,RECOLETA,"JUNIN 827, CABA",-34.59946,-58.397175,,0.0,https://www.editorialatlante.com.ar/,1,30.0,True
1901,B DE F,LIBRERIA,ESPECIALIZADA,complementario,False,1,SAN NICOLAS,"TALCAHUANO 485, CABA",-34.602916,-58.385157,0.0,0.0,https://www.editorialbdef.com.ar/,1,110.0,True
1902,BADARACO,LIBRERIA,GENERAL,complementario,False,1,CONSTITUCION,"ENTRE RIOS AV. 932, CABA",-34.61943,-58.39156,,0.0,http://badaracodistribuidor.blogspot.com.ar/,1,88.0,True
1903,BANANA,LIBRERIA,GENERAL,complementario,False,2,RECOLETA,"AUSTRIA y PENA, CABA",-34.587249,-58.402986,0.0,0.0,http://bananalibros.com.ar/,1,128.0,True
1904,BECA,LIBRERIA,GENERAL,complementario,False,4,NUEVA POMPEYA,"LEBENSOHN, MOISES 914, CABA",-34.653108,-58.416948,,0.0,,1,573.0,False
1905,BEKER LIBROS,LIBRERIA,GENERAL,complementario,False,3,BALVANERA,"LAVALLE 2040, CABA",-34.603308,-58.396008,,0.0,,1,126.0,True
1908,BORGES 1975,LIBRERIA,GENERAL,complementario,False,14,PALERMO,"BORGES, JORGE LUIS 1975, CABA",-34.58627,-58.42632,,0.0,http://www.borges1975.com.ar/,1,7.0,True
1909,BREZAL,LIBRERIA,ESPECIALIZADA,complementario,False,2,RECOLETA,"SANTA FE AV. 2729, CABA",-34.593044,-58.405367,0.0,0.0,https://brezal.com/,1,191.0,False
1910,BRUJAS,LIBRERIA,GENERAL,complementario,False,1,SAN NICOLAS,"RODRIGUEZ PENA 429, CABA",-34.60392,-58.390788,,0.0,,1,46.0,True
1911,BUENOS AIRES BOOKS,LIBRERIA,GENERAL,complementario,False,3,BALVANERA,"URIBURU JOSE E., PRES. 637, CABA",-34.60174,-58.398508,,0.0,,1,4.0,True
1912,BUENOS AIRES BOOKS,LIBRERIA,GENERAL,complementario,False,1,MONSERRAT,"SALTA 742, CABA",-34.617089,-58.383001,,0.0,,1,62.0,True
1913,BUYATTI,LIBRERIA,ESPECIALIZADA,complementario,False,1,SAN NICOLAS,"VIAMONTE 1509, CABA",-34.600617,-58.388263,,0.0,http://www.osmarbuyatti.com/,1,122.0,True
1916,CARAS Y CARETAS,LIBRERIA,GENERAL,complementario,False,3,BALVANERA,"JUNIN 365, CABA",-34.605051,-58.396678,0.0,0.0,https://carasycaretas.org.ar/category/libros/,1,58.0,True
1917,CASA CAIVA,LIBRERIA,ESPECIALIZADA,complementario,False,14,PALERMO,"CAVIA 2985, CABA",-34.577456,-58.407236,,0.0,https://www.casacavia.com/collections/la-libreria,1,97.0,True
1918,CASA DO BRASIL,LIBRERIA,ESPECIALIZADA,complementario,False,1,SAN NICOLAS,"CALLAO AV. 433, CABA",-34.60417,-58.392218,,0.0,https://www.casadobrasilar.com/libreria,1,30.0,True
1919,CASA MUNDUS,LIBRERIA,GENERAL,complementario,False,1,MONSERRAT,"MORENO 1157, CABA",-34.611946,-58.382614,0.0,0.0,https://www.casamundus.com.ar/,1,118.0,True
1923,CATHEDRA JURIDICA,LIBRERIA,ESPECIALIZADA,complementario,False,1,SAN NICOLAS,"LAVALLE 1292, CABA",-34.6028,-58.38509,,0.0,https://cathedrajuridica.com/,1,123.0,True
1924,CAZADOR DE LIBROS,LIBRERIA,ESPECIALIZADA,complementario,False,1,MONSERRAT,"BOLIVAR 526, CABA",-34.61401,-58.373203,,0.0,https://elcazadorlibros.com.ar/,1,8.0,True
1925,CERTEZA,LIBRERIA,ESPECIALIZADA,complementario,False,1,MONSERRAT,"IRIGOYEN, BERNARDO DE 654, CABA",-34.615829,-58.380289,,0.0,https://certezaonline.com/,1,66.0,True
1926,CESPEDES,LIBRERIA,GENERAL,complementario,False,1,MONSERRAT,"BOLIVAR 660, CABA",-34.61558,-58.37312,,0.0,,1,10.0,True
1927,CINCO ESQUINAS,LIBRERIA,GENERAL,complementario,False,1,RETIRO,"LIBERTAD 1293, CABA",-34.592987,-58.384417,,0.0,,1,160.0,False
1928,CLARETIANA EDITORIAL,LIBRERIA,ESPECIALIZADA,complementario,False,2,RECOLETA,"RODRIGUEZ PENA 898, CABA",-34.598944,-58.391691,,0.0,https://tienda.claretiana.org/,1,70.0,True
1929,CLUB BURTON,LIBRERIA,GENERAL,complementario,False,1,SAN TELMO,"ESTADOS UNIDOS 700, CABA",-34.618581,-58.375745,,0.0,,1,247.0,False
1930,CLUB DEL COMIC,LIBRERIA,ESPECIALIZADA,complementario,False,1,SAN NICOLAS,"MONTEVIDEO 255, CABA",-34.605961,-58.38929,,0.0,http://www.clubdelcomic.com.ar/,1,15.0,True
1931,CLUB DEL COMIC,LIBRERIA,ESPECIALIZADA,complementario,False,2,RECOLETA,"ALVEAR, MARCELO T. DE 2002, CABA",-34.597332,-58.3962,,0.0,http://www.clubdelcomic.com.ar/,1,7.0,True
1932,COMPRO LIBROS,LIBRERIA,GENERAL,complementario,False,1,SAN NICOLAS,"CORRIENTES AV. 1671, CABA",-34.604215,-58.390385,0.0,0.0,,1,15.0,True
1933,CONCENTRA,LIBRERIA,ESPECIALIZADA,complementario,False,2,RECOLETA,"MONTEVIDEO 938, CABA",-34.598001,-58.389789,,0.0,https://concentra.com.ar/,1,13.0,True
1936,CP67 TECNICA,LIBRERIA,ESPECIALIZADA,complementario,False,1,SAN NICOLAS,"FLORIDA 683, CABA",-34.60007,-58.37538,,0.0,http://www.cp67.com/,1,120.0,True
1939,CUEVA LIBROS,LIBRERIA,GENERAL,complementario,False,1,SAN NICOLAS,"SARMIENTO 1566, CABA",-34.605442,-58.38875,,0.0,,1,54.0,True
1941,CUSPIDE,LIBRERIA,GENERAL,complementario,False,1,SAN NICOLAS,"SUIPACHA 764, CABA",-34.599519,-58.37975,,0.0,https://www.cuspide.com/,1,13.0,True
1942,CUSPIDE,LIBRERIA,GENERAL,complementario,False,1,SAN NICOLAS,"CORRIENTES AV. 1316, CABA",-34.604005,-58.385374,,0.0,https://www.cuspide.com/,1,10.0,True
1943,CUSPIDE,LIBRERIA,GENERAL,complementario,False,1,SAN NICOLAS,"CORRIENTES AV. 1243, CABA",-34.603778,-58.384307,,0.0,https://www.cuspide.com/,1,9.0,True
1945,CUSPIDE,LIBRERIA,GENERAL,complementario,False,2,RECOLETA,"LOPEZ, VICENTE 2050, CABA",-34.588922,-58.393629,,0.0,https://www.cuspide.com/local/14/Recoleta+-+Recoleta+Urban+Mall+-++CERRADO,1,192.0,False
1946,CUSPIDE,LIBRERIA,GENERAL,complementario,False,2,RECOLETA,"SANTA FE AV. 1818, CABA",-34.595926,-58.393645,,0.0,https://www.cuspide.com/local/8/Barrio+Norte+-+Santa+Fe+1818,1,146.0,True
1947,CUSPIDE,LIBRERIA,GENERAL,complementario,False,2,RECOLETA,"SANTA FE AV. 2077, CABA",-34.595534,-58.396986,,0.0,https://www.cuspide.com/local/8/Barrio+Norte+-+Santa+Fe+1818,1,138.0,True
1948,CUSPIDE GALERIAS PACIFICO,LIBRERIA,GENERAL,complementario,False,1,SAN NICOLAS,"FLORIDA 737, CABA",-34.599448,-58.375364,,0.0,https://www.cuspide.com/,1,113.0,True
1949,CUSPIDE LIBROS (CORRIENTES 526),LIBRERIA,GENERAL,complementario,False,1,SAN NICOLAS,"CORRIENTES AV. 526, CABA",-34.60334,-58.374282,,0.0,https://www.cuspide.com/,1,12.0,True
1950,CUSPIDE LIBROS (SANTA FE III),LIBRERIA,GENERAL,complementario,False,14,PALERMO,"SANTA FE AV. 3492, CABA",-34.58652,-58.414048,,0.0,https://www.cuspide.com/local/13/Palermo+-+Santa+Fe+3492,1,13.0,True
1951,DAIN USINA CULTURAL,LIBRERIA,GENERAL,complementario,False,14,PALERMO,"NICARAGUA 4899, CABA",-34.586021,-58.427864,,0.0,https://www.dainusinacultural.com/,1,104.0,True
1952,DANTE ALIGHIERI,LIBRERIA,ESPECIALIZADA,complementario,False,1,SAN NICOLAS,"TUCUMAN 1646, CABA",-34.601881,-58.390189,,0.0,https://dante.edu.ar/libreria.html,1,9.0,True
1953,DE ANTANO,LIBRERIA,GENERAL,complementario,False,1,RETIRO,"LIBERTAD 1236, CABA",-34.593857,-58.38449,,0.0,https://alada.org.ar/ajaxs/libreria/162,1,64.0,True
1954,DE LA MANCHA,LIBRERIA,GENERAL,complementario,False,3,BALVANERA,"CORRIENTES AV. 1888, CABA",-34.604526,-58.393647,,0.0,,1,9.0,True
1955,DE LAS LUCES,LIBRERIA,GENERAL,complementario,False,1,MONSERRAT,"DE MAYO AV. 979, CABA",-34.608893,-58.380292,,0.0,https://libreriadelasluces.mercadoshops.com.ar/,1,38.0,True
1956,DE MUJERES,LIBRERIA,ESPECIALIZADA,complementario,False,1,SAN NICOLAS,"RIVAROLA, RODOLFO, DR. 133, CABA",-34.607083,-58.385382,,0.0,https://www.libreriademujeres.com.ar/,1,79.0,True
1959,DEL ESTUDIANTE & DEL ALUMNO,LIBRERIA,GENERAL,complementario,False,3,BALVANERA,"MITRE, BARTOLOME 2101, CABA",-34.608244,-58.396538,,0.0,http://libreriadelalumno.com/index.php?,1,109.0,True
1960,DEL INSTITUTO,LIBRERIA,ESPECIALIZADA,complementario,False,2,RECOLETA,"RODRIGUEZ PENA 1054, CABA",-34.596423,-58.391945,,0.0,https://www.recoleta.com.ar/comercio/libreria-del-instituto,1,89.0,True
1961,DEL JURISTA,LIBRERIA,ESPECIALIZADA,complementario,False,1,SAN NICOLAS,"TALCAHUANO 427, CABA",-34.603601,-58.385121,,0.0,/www.deljurista.com/,1,34.0,True
1962,DEL MARMOL,LIBRERIA,ESPECIALIZADA,complementario,False,3,BALVANERA,"LAVALLE 2015, CABA",-34.603228,-58.395615,,0.0,,1,118.0,True
1963,DEL MUSEO NACIONAL DE BELLAS ARTES,LIBRERIA,ESPECIALIZADA,complementario,False,2,RECOLETA,"FIGUEROA ALCORTA, PRES. AV. 2280, CABA",-34.58262,-58.394122,,0.0,https://www.bellasartes.gob.ar/paginas/nueva-tienda-del-museo/,1,11.0,True
1966,DEVA'S,LIBRERIA,ESPECIALIZADA,complementario,False,1,SAN NICOLAS,"CORRIENTES AV. 1752, CABA",-34.604465,-58.391541,,0.0,https://www.ayurdevas.com/,1,16.0,True
1968,DICKENS,LIBRERIA,GENERAL,complementario,False,1,SAN NICOLAS,"CORRIENTES AV. 1375, CABA",-34.603887,-58.386141,,0.0,www.libreriadickens.com/,1,12.0,True
1969,DIDON,LIBRERIA,GENERAL,complementario,False,3,BALVANERA,"JUNIN 82, CABA",-34.608475,-58.396416,,0.0,,1,118.0,True
1970,DIOGENES,LIBRERIA,GENERAL,complementario,False,1,MONSERRAT,"MORENO 1767, CABA",-34.612576,-58.391223,,0.0,http://libreradigenes.mercadoshops.com.ar/,1,125.0,True
1974,EDIPO LIBROS,LIBRERIA,GENERAL,complementario,False,1,SAN NICOLAS,"CORRIENTES AV. 1686, CABA",-34.60439,-58.390521,,0.0,edipolibros-lavalle.mercadoshops.com.ar/,1,9.0,True
1975,EDIPO LIBROS,LIBRERIA,GENERAL,complementario,False,1,SAN NICOLAS,"LAVALLE 1582, CABA",-34.60305,-58.389176,,0.0,edipolibros-lavalle.mercadoshops.com.ar/,1,26.0,True
1976,EDIPO. SUCURSAL SANTA FE.,LIBRERIA,GENERAL,complementario,False,2,RECOLETA,"SANTA FE AV. 2691, CABA",-34.593408,-58.404831,,0.0,,1,130.0,True
1978,EDITORIAL KIER,LIBRERIA,ESPECIALIZADA,complementario,False,1,RETIRO,"SANTA FE AV. 1260, CABA",-34.595721,-58.385088,,0.0,https://www.kier.com.ar/,1,135.0,True
1980,EL ALEPH,LIBRERIA,GENERAL,complementario,False,2,RECOLETA,"SANTA FE AV. 2151, CABA",-34.595403,-58.397911,,0.0,https://www.feriadellibroelaleph.com.ar/,1,55.0,True
1982,EL ATENEO,LIBRERIA,GENERAL,complementario,False,1,SAN NICOLAS,"FLORIDA 629, CABA",-34.60072,-58.37535,,0.0,https://www.yenny-elateneo.com/local/florida-632/,1,121.0,True
1983,EL ATENEO,LIBRERIA,GENERAL,complementario,False,1,SAN NICOLAS,"FLORIDA 340, CABA",-34.604097,-58.375246,,0.0,https://www.yenny-elateneo.com/local/florida-632/,1,52.0,True
1985,EL ATENEO,LIBRERIA,GENERAL,complementario,False,2,RECOLETA,"SANTA FE AV. 1860, CABA",-34.595904,-58.39422,,0.0,https://www.yenny-elateneo.com/local/grand-splendid/,1,150.0,True
1986,EL AVE FENIX,LIBRERIA,GENERAL,complementario,False,2,RECOLETA,"PUEYRREDON AV. 1753, CABA",-34.590955,-58.400629,,0.0,,1,84.0,True
1987,EL BANQUETE,LIBRERIA,GENERAL,complementario,False,14,PALERMO,"CABILDO AV. 7, CABA",-34.574699,-58.435531,,0.0,www.elbanquetelibros.com.ar,1,166.0,False
1988,EL BANQUETE. SUCURSAL CABILDO.,LIBRERIA,GENERAL,complementario,False,14,PALERMO,"CABILDO AV. 1107, CABA",-34.568736,-58.447091,,0.0,www.elbanquetelibros.com.ar,1,155.0,False
1989,EL ESCONDITE,LIBRERIA,GENERAL,complementario,False,14,PALERMO,"GUEMES 3877, CABA",-34.586828,-58.416324,,0.0,,1,83.0,True
1990,EL ESCRIBA,LIBRERIA,GENERAL,complementario,False,1,SAN TELMO,"BALCARCE 1053, CABA",-34.620003,-58.370094,,0.0,http://www.elescriba.com/,1,247.0,False
1993,EL FORO,LIBRERIA,ESPECIALIZADA,complementario,False,1,SAN NICOLAS,"LAVALLE 1362, CABA",-34.602796,-58.386017,,0.0,https://estamosenlaweb.com.ar/316/libreria-el-foro,1,130.0,True
1995,EL GLYPTODON,LIBRERIA,ANTIGUOS,complementario,False,3,BALVANERA,"AYACUCHO 734, CABA",-34.600542,-58.395761,,0.0,,1,93.0,True
1997,EL INCUNABLE,LIBRERIA,GENERAL,complementario,False,2,RECOLETA,"MONTEVIDEO 1519, CABA",-34.592353,-58.388781,,0.0,,1,4.0,True
2000,EL LIBRO FRANCES,LIBRERIA,ESPECIALIZADA,complementario,False,1,RETIRO,"ESMERALDA 861, CABA",-34.598084,-58.378303,,0.0,,1,137.0,True
2001,EL MAS ACA LIBROS,LIBRERIA,GENERAL,complementario,False,4,BARRACAS,"CASEROS AV. 514, CABA",-34.626866,-58.372833,0.0,0.0,http://www.elmasacaclub.com/,1,27.0,True
2002,EL RUFIAN MELANCOLICO,LIBRERIA,GENERAL,complementario,False,1,SAN TELMO,"BOLIVAR 857, CABA",-34.617874,-58.373095,,0.0,https://libreriaelrufianmelancolico.wordpress.com/,1,5.0,True
2003,EL TUNEL DE BUENOS AIRES,LIBRERIA,GENERAL,complementario,False,1,MONSERRAT,"DE MAYO AV. 767, CABA",-34.608687,-58.377331,,0.0,https://eshops.mercadolibre.com.ar/libreria+eltuneldebuenosaires,1,171.0,False
2006,ENTELEQUIA COMIC BOOK STORE,LIBRERIA,ESPECIALIZADA,complementario,False,1,SAN NICOLAS,"URUGUAY 341, CABA",-34.604784,-58.386468,,0.0,https://entelequia.com.ar/,1,88.0,True
2008,ENTRE LIBROS,LIBRERIA,GENERAL,complementario,False,2,RECOLETA,"SANTA FE AV. 2450, CABA",-34.594682,-58.401787,,0.0,www.entrelibros.com.ar/,1,156.0,False
2009,EPIFANIA LIBROS,LIBRERIA,GENERAL,complementario,False,1,MONSERRAT,"BELGRANO AV. 687, CABA",-34.612655,-58.375991,,0.0,https://epifanialibros.mercadoshops.com.ar/,1,243.0,False
2010,EQUIS LIBROS,LIBRERIA,GENERAL,complementario,False,1,SAN NICOLAS,"SAENZ PENA, ROQUE, PRES. DIAGONAL NORTE AV. 1122, CABA",-34.603309,-58.382552,,0.0,http://equislibros.mercadoshops.com.ar/,1,50.0,True
2011,ESPACIO JURIDICO,LIBRERIA,ESPECIALIZADA,complementario,False,1,SAN NICOLAS,"TALCAHUANO 487, CABA",-34.602916,-58.385157,,0.0,http://espaciojuridico.com.ar/,1,110.0,True
2012,ESTARI LIBROS,LIBRERIA,ESPECIALIZADA,complementario,False,3,BALVANERA,"VIAMONTE 2058, CABA",-34.601014,-58.39645,,0.0,https://estarilibros.com.ar/,1,129.0,True
2013,ETERNA CADENCIA,LIBRERIA,GENERAL,complementario,False,14,PALERMO,"HONDURAS 5574, CABA",-34.58439,-58.4361,,0.0,https://www.eternacadencia.com.ar/la-libreria.html,1,111.0,True
2015,EUDEBA,LIBRERIA,ESPECIALIZADA,complementario,False,1,SAN NICOLAS,"RIVADAVIA AV. 1573, CABA",-34.608994,-58.388724,,0.0,https://www.eudeba.com.ar/librerias,1,42.0,True
2016,EUDEBA CBC MONTES DE OCA,LIBRERIA,ESPECIALIZADA,complementario,False,4,BARRACAS,"MONTES DE OCA, MANUEL AV. 1120, CABA",-34.641025,-58.374046,,0.0,https://www.eudeba.com.ar/librerias,1,146.0,True
2018,EUDEBA FACULTAD CIENCIAS ECONOMICAS,LIBRERIA,ESPECIALIZADA,complementario,False,3,BALVANERA,"CORDOBA AV. 2122, CABA",-34.599824,-58.397929,,0.0,https://www.eudeba.com.ar/librerias,1,15.0,True
2019,EUDEBA FACULTAD DE DERECHO,LIBRERIA,ESPECIALIZADA,complementario,False,2,RECOLETA,"FIGUEROA ALCORTA, PRES. AV. 2263, CABA",-34.583292,-58.392374,,0.0,https://www.eudeba.com.ar/librerias,1,9.0,True
2020,EUDEBA ROJAS,LIBRERIA,ESPECIALIZADA,complementario,False,3,BALVANERA,"CORRIENTES AV. 2040, CABA",-34.604592,-58.3959,,0.0,https://www.eudeba.com.ar/librerias,1,10.0,True
2022,EUDEBA SEDE SOCIALES,LIBRERIA,ESPECIALIZADA,complementario,False,1,CONSTITUCION,"SANTIAGO DEL ESTERO 1029, CABA",-34.620242,-58.384407,,0.0,https://www.eudeba.com.ar/librerias,1,5.0,True
2023,EUDEBA SEDE UBA XXI,LIBRERIA,ESPECIALIZADA,complementario,False,2,RECOLETA,"URIBURU JOSE E., PRES. 950, CABA",-34.597581,-58.398999,,0.0,https://www.eudeba.com.ar/librerias,1,5.0,True
2024,EXTRANO MUNDO,LIBRERIA,ESPECIALIZADA,complementario,False,3,BALVANERA,"RIVADAVIA AV. 1928, CABA",-34.609378,-58.393889,,0.0,s/d,1,250.0,False
2026,FAMS,LIBRERIA,ESPECIALIZADA,complementario,False,3,BALVANERA,"CORDOBA AV. 2208, CABA",-34.599829,-58.39886,,0.0,http://www.libreriafams.com.ar/,1,14.0,True
2027,FEDRO LIBROS,LIBRERIA,GENERAL,complementario,False,1,SAN TELMO,"CALVO, CARLOS 578, CABA",-34.619687,-58.374044,,0.0,http://www.fedrosantelmo.com.ar/,1,101.0,True
2029,FUNDACION CLARETIANA,LIBRERIA,ESPECIALIZADA,complementario,False,2,RECOLETA,"RODRIGUEZ PENA 898, CABA",-34.59894,-58.39169,,0.0,https://tienda.claretiana.org/,1,70.0,True
2031,GALERNA,LIBRERIA,GENERAL,complementario,False,3,BALVANERA,"CORRIENTES AV. 1916, CABA",-34.604547,-58.394097,,0.0,https://galernaweb.com/,1,10.0,True
2032,GALERNA,LIBRERIA,GENERAL,complementario,False,1,SAN NICOLAS,"CORRIENTES AV. 1583, CABA",-34.604197,-58.389143,,0.0,https://galernaweb.com/,1,8.0,True
2034,GALERNA (PUERTO MADERO),LIBRERIA,GENERAL,complementario,False,1,PUERTO MADERO,"PAINE, AIME 1165, CABA",-34.611193,-58.361944,,0.0,https://galernaweb.com/,1,391.0,False
2035,GALERNA CASA BICENTENARIO,LIBRERIA,GENERAL,complementario,False,2,RECOLETA,"RIOBAMBA 985, CABA",-34.597653,-58.394671,,0.0,www.galernaweb.com,1,43.0,True
2036,GALERNA LIBROS,LIBRERIA,GENERAL,complementario,False,1,SAN TELMO,"PERU 1064, CABA",-34.620349,-58.374201,,0.0,https://galernaweb.com/,1,121.0,True
2037,GALERNA LIBROS,LIBRERIA,GENERAL,complementario,False,3,BALVANERA,"CORRIENTES AV. 1916, CABA",-34.604547,-58.394097,,0.0,https://galernaweb.com/,1,10.0,True
2039,GALERNA LIBROS,LIBRERIA,GENERAL,complementario,False,1,RETIRO,"URUGUAY 1049, CABA",-34.596407,-58.387059,,0.0,https://galernaweb.com/,1,71.0,True
2040,GALLO CANTOR,LIBRERIA,GENERAL,complementario,False,1,SAN NICOLAS,"CORRIENTES AV. 1382, CABA",-34.604053,-58.386193,,0.0,www.elgallocantor.com,1,16.0,True
2042,GANDHI CORRIENTES,LIBRERIA,GENERAL,complementario,False,1,SAN NICOLAS,"CORRIENTES AV. 1694, CABA",-34.604401,-58.390665,,0.0,https://gandhilibros.wordpress.com/,1,15.0,True
2043,GANDHI PALERMO,LIBRERIA,GENERAL,complementario,False,14,PALERMO,"MALABIA 1784, CABA",-34.589596,-58.425372,,0.0,,1,310.0,False
2046,"GRUPO EDITORIAL PARMENIA - CRUJAA, SENDERO, STELLA",LIBRERIA,GENERAL,complementario,False,3,BALVANERA,"VIAMONTE 1984, CABA",-34.600962,-58.395384,,,,1,132.0,True
2047,GUADALQUIVIR,LIBRERIA,GENERAL,complementario,False,2,RECOLETA,"CALLAO AV. 1012, CABA",-34.597102,-58.393312,,0.0,https://www.libreriaguadalquivir.com.ar/,1,18.0,True
2048,GUADALUPE EDITORIAL,LIBRERIA,ESPECIALIZADA,complementario,False,14,PALERMO,"MANSILLA, LUCIO NORBERTO, GENERAL 3865, CABA",-34.588832,-58.41763,,0.0,https://www.libreriaguadalupe.com.ar/,1,7.0,True
2052,HAMMURABI DERECHO,LIBRERIA,ESPECIALIZADA,complementario,False,1,SAN NICOLAS,"TALCAHUANO 440, CABA",-34.60343,-58.385166,,0.0,https://www.hammurabi.com.ar/,1,53.0,True
2053,HASTINAPURA,LIBRERIA,ESPECIALIZADA,complementario,False,1,MONSERRAT,"CHILE 1477, CABA",-34.61666,-58.38708,,0.0,https://hastinapuralibros.com.ar/?v=d72a48a8ebd2,1,6.0,True
2054,HELENA DE BUENOS AIRES,LIBRERIA,ESPECIALIZADA,complementario,False,1,RETIRO,"ESMERALDA 882, CABA",-34.597959,-58.378388,,0.0,http://www.helenadebuenosaires.com.ar/,1,130.0,True
2055,HERNANDEZ,LIBRERIA,GENERAL,complementario,False,1,SAN NICOLAS,"CORRIENTES AV. 1436, CABA",-34.604115,-58.387069,,0.0,www.libreriahernandez.com/,1,17.0,True
2056,HERNANDEZ,LIBRERIA,GENERAL,complementario,False,1,SAN NICOLAS,"CORRIENTES AV. 1311, CABA",-34.603838,-58.385312,,0.0,www.libreriahernandez.com/,1,15.0,True
2057,HOCUS POCUS,LIBRERIA,ESPECIALIZADA,complementario,False,1,SAN TELMO,"DEFENSA 1323, CABA",-34.623314,-58.371298,0.0,0.0,,1,130.0,True
2058,HUEMUL,LIBRERIA,GENERAL,complementario,False,2,RECOLETA,"SANTA FE AV. 2237, CABA",-34.59522,-58.398966,,0.0,http://www.libreriahuemul.com.ar/,1,44.0,True
2059,ANDIGO,LIBRERIA,ESPECIALIZADA,complementario,False,2,RECOLETA,"CORDOBA AV. 1785, CABA",-34.599534,-58.392575,0.0,0.0,https://www.indigolibros.com.ar/,1,12.0,True
2062,JEKYLL,LIBRERIA,GENERAL,complementario,False,1,SAN NICOLAS,"CORRIENTES AV. 1696, CABA",-34.604401,-58.390665,,0.0,,1,15.0,True
2063,JOSE,LIBRERIA,GENERAL,complementario,False,1,SAN NICOLAS,"SUIPACHA 336, CABA",-34.604452,-58.379452,,0.0,,1,4.0,True
2064,JOYCE. PROUST & CO. LENGUAS Y LITERATURAS EXTRANJERAS,LIBRERIA,ESPECIALIZADA,complementario,False,1,SAN NICOLAS,"TUCUMAN 1545, CABA",-34.601713,-58.388756,,0.0,http://www.joyceproust.com.ar/,1,5.0,True
2066,JUPITER JURIDICO NOTARIAL,LIBRERIA,ESPECIALIZADA,complementario,False,1,SAN NICOLAS,"LAVALLE 1569, CABA",-34.602912,-58.388976,,0.0,http://www.libreriajupiter.com.ar/,1,46.0,True
2067,JURIDICA YNY,LIBRERIA,ESPECIALIZADA,complementario,False,1,SAN NICOLAS,"LAVALLE 1567, CABA",-34.602912,-58.388976,,0.0,,1,46.0,True
2068,KAFKA,LIBRERIA,GENERAL,complementario,False,1,SAN NICOLAS,"CORRIENTES AV. 1117, CABA",-34.603676,-58.382564,0.0,0.0,,1,10.0,True
2069,KEHOT LIBROS & JUDAICA,LIBRERIA,ESPECIALIZADA,complementario,False,2,RECOLETA,"CABRERA, JOSE A. 3102, CABA",-34.596987,-58.410443,,0.0,https://kehot.com.ar/,1,122.0,True
2072,KEL EDICIONES,LIBRERIA,ESPECIALIZADA,complementario,False,1,RETIRO,"ALVEAR, MARCELO T. DE 1369, CABA",-34.59698,-58.38661,,0.0,www.kelediciones.com,1,6.0,True
2073,KIKER LIBROS,LIBRERIA,GENERAL,complementario,False,3,BALVANERA,"MITRE, BARTOLOME 2102, CABA",-34.608312,-58.396488,,0.0,,1,113.0,True
2074,LA CALESITA,LIBRERIA,GENERAL,complementario,False,1,MONSERRAT,"DE MAYO AV. 769, CABA",-34.608687,-58.377331,,0.0,http://lacalesita1.simplesite.com/,1,171.0,False
2075,LA CAPATAZA,LIBRERIA,GENERAL,complementario,False,14,PALERMO,"SCALABRINI ORTIZ, RAUL AV. 2088, CABA",-34.587897,-58.42053,0.0,0.0,https://lacapataza.mitiendanube.com/,1,211.0,False
2076,LA CASA DEL ARBOL,LIBRERIA,GENERAL,complementario,False,14,PALERMO,"CORDOBA AV. 5217, CABA",-34.589985,-58.436406,0.0,0.0,https://www.librerialacasadelarbol.com/,1,12.0,True
2077,LA CATEDRA,LIBRERIA,GENERAL,complementario,False,1,SAN NICOLAS,"CORRIENTES AV. 1620, CABA",-34.604319,-58.389642,,0.0,https://listado.mercadolibre.com.ar/libreria-la-catedra,1,9.0,True
2079,LA CITA,LIBRERIA,GENERAL,complementario,False,2,RECOLETA,"AUSTRIA 1866, CABA",-34.589847,-58.406637,,0.0,s/d,1,300.0,False
2081,LA COMARCA LIBROS,LIBRERIA,GENERAL,complementario,False,14,PALERMO,"DIAZ, CNEL. AV. 1492, CABA",-34.593195,-58.413733,0.0,0.0,,1,105.0,True
2083,LA CUEVA LIBROS,LIBRERIA,GENERAL,complementario,False,1,MONSERRAT,"DE MAYO AV. 1114, CABA",-34.60919,-58.382316,,0.0,https://libroslacueva.negocio.site/,1,150.0,True
2084,LA FACULTAD (UBA PSICO),LIBRERIA,ESPECIALIZADA,complementario,False,3,BALVANERA,"INDEPENDENCIA AV. 3065, CABA",-34.619829,-58.408762,,0.0,http://www.librerialafacultad.com/,1,136.0,True
2089,LA LECHUZA DE PATRICIOS,LIBRERIA,GENERAL,complementario,False,3,BALVANERA,"CORRIENTES AV. 1966, CABA",-34.60456,-58.394661,0.0,0.0,,1,10.0,True
2090,LA LECTURA,LIBRERIA,ESPECIALIZADA,complementario,False,1,SAN NICOLAS,"TUCUMAN 1425, CABA",-34.601619,-58.387026,,0.0,http://www.lalectura.com.ar/,1,12.0,True
2092,LA LEY UBA - DERECHO I,LIBRERIA,ESPECIALIZADA,complementario,False,2,RECOLETA,"FIGUEROA ALCORTA, PRES. AV. 2263, CABA",-34.583292,-58.392374,,0.0,https://www.thomsonreuters.com.ar/,1,9.0,True
2093,LA LIBRE,LIBRERIA,GENERAL,complementario,False,1,MONSERRAT,"BOLIVAR 646, CABA",-34.61537,-58.37313,,0.0,https://lalibre.com.ar/,1,14.0,True
2094,LA LIBRERAA DE AVILA,LIBRERIA,GENERAL Y ANTIGUOS,complementario,False,1,MONSERRAT,"ALSINA, ADOLFO 500, CABA",-34.610264,-58.373319,,0.0,,1,12.0,True
2098,LA NAVE LIBROS,LIBRERIA,GENERAL,complementario,False,1,SAN NICOLAS,"PARANA 317, CABA",-34.605057,-58.387861,,0.0,https://www.lanavelibros.com/,1,106.0,True
2101,LA REVISTERIA COMICS,LIBRERIA,ESPECIALIZADA,complementario,False,1,SAN NICOLAS,"CORRIENTES AV. 1388, CABA",-34.604056,-58.386244,,0.0,https://www.larevisteriacomics.com/,1,12.0,True
2102,LA REVISTERIA COMICS,LIBRERIA,ESPECIALIZADA,complementario,False,2,RECOLETA,"SANTA FE AV. 1654, CABA",-34.595903,-58.390945,0.0,0.0,https://www.larevisteriacomics.com/,1,145.0,True
2104,LA SUERTE MALDITA,LIBRERIA,GENERAL,complementario,False,14,PALERMO,"SERRANO 1394, CABA",-34.590079,-58.432364,0.0,0.0,https://suertemalditalibros.com.ar/,1,13.0,True
2106,LAS MIL Y UNA HOJAS,LIBRERIA,ESPECIALIZADA,complementario,False,1,SAN NICOLAS,"CORDOBA AV. 960, CABA",-34.599088,-58.380689,,0.0,https://www.lasmilyunahojas.com.ar/,1,9.0,True
2107,LAS MIL Y UNA HOJAS,LIBRERIA,ESPECIALIZADA,complementario,False,2,RECOLETA,"BERUTI 3210, CABA",-34.588091,-58.408441,,0.0,https://www.lasmilyunahojas.com.ar/,1,76.0,True
2110,LEGAL,LIBRERIA,ESPECIALIZADA,complementario,False,3,BALVANERA,"RIOBAMBA 460, CABA",-34.603767,-58.393981,,0.0,,1,78.0,True
2111,LEGENDA,LIBRERIA,GENERAL,complementario,False,2,RECOLETA,"CHARCAS 3279, CABA",-34.591873,-58.412111,,0.0,https://eshops.mercadolibre.com.ar/librer%C3%8Da+legenda,1,29.0,True
2112,LEGENDA,LIBRERIA,GENERAL,complementario,False,2,RECOLETA,"BILLINGHURST 1892, CABA",-34.588822,-58.408939,0.0,0.0,mercadolibre.com.ar/perfil/LIBRER%25C3%258DA+LEGENDA,1,77.0,True
2113,LETRA VIVA LIBROS,LIBRERIA,ESPECIALIZADA,complementario,False,2,RECOLETA,"DIAZ, CNEL. AV. 1837, CABA",-34.589926,-58.410733,,0.0,https://letraviva.mitiendanube.com/,1,14.0,True
2114,LETRAS & CORCHEAS,LIBRERIA,ESPECIALIZADA,complementario,False,14,PALERMO,"3 DE FEBRERO 990, CABA",-34.569495,-58.442791,0.0,0.0,https://letrasycorcheas.com.ar/,1,207.0,False
2116,LIBERIA PROA,LIBRERIA,ESPECIALIZADA,complementario,False,4,BOCA,"DON PEDRO DE MENDOZA AV. 1929, CABA",-34.639639,-58.361732,,0.0,https://proa.org/esp/libreria.php,1,115.0,True
2117,LIBERTADOR,LIBRERIA,GENERAL,complementario,False,3,BALVANERA,"CORRIENTES AV. 1849, CABA",-34.604377,-58.393063,,0.0,http://www.edicioneslibertador.com.ar/,1,14.0,True
2118,LIBRERAA NUEVOS AIRES,LIBRERIA,GENERAL,complementario,False,3,BALVANERA,"CORRIENTES AV. 1851, CABA",-34.604377,-58.393063,0.0,0.0,https://www.facebook.com/librerianuevosaires/,1,14.0,True
2119,LIBRERAA PAMPEANA,LIBRERIA,GENERAL,complementario,False,1,RETIRO,"LIBERTAD 948, CABA",-34.597569,-58.384196,,0.0,,1,74.0,True
2120,LIBRERIA SANTA FE,LIBRERIA,GENERAL,complementario,False,14,PALERMO,"SANTA FE AV. 3253, CABA",-34.588556,-58.410667,,0.0,https://www.lsf.com.ar/,1,74.0,True
2121,LIBRERIA SANTA FE,LIBRERIA,GENERAL,complementario,False,1,SAN NICOLAS,"CALLAO AV. 335, CABA",-34.60518,-58.392136,,0.0,https://www.lsf.com.ar/,1,84.0,True
2122,LIBRERIA SANTA FE,LIBRERIA,GENERAL,complementario,False,2,RECOLETA,"SANTA FE AV. 2582, CABA",-34.594243,-58.403379,,0.0,https://www.lsf.com.ar/,1,28.0,True
2124,LIBRO FILM,LIBRERIA,GENERAL,complementario,False,1,SAN NICOLAS,"CORRIENTES AV. 1145, CABA",-34.603697,-58.382921,,0.0,https://www.facebook.com/pages/Libro-Film/200646679975212,1,13.0,True
2125,LIBROFUTBOL.COM,LIBRERIA,ESPECIALIZADA,complementario,False,1,PUERTO MADERO,"COSSETTINI, OLGA 1112, CABA",-34.610248,-58.363515,,0.0,librofutbol.com,1,258.0,False
2126,LIBROS ALUVION,LIBRERIA,GENERAL,complementario,False,1,SAN NICOLAS,"VIAMONTE 989, CABA",-34.600152,-58.3809,,0.0,,1,112.0,True
2130,LIBROS DEL PASAJE,LIBRERIA,GENERAL,complementario,False,14,PALERMO,"THAMES 1762, CABA",-34.587009,-58.429639,,0.0,https://www.librosdelpasaje.com.ar/,1,118.0,True
2131,LIBROS DEL SUDESTE,LIBRERIA,GENERAL,complementario,False,1,SAN NICOLAS,"CORRIENTES AV. 1773, CABA",-34.604319,-58.39182,,0.0,sudestelibros.com.ar,1,14.0,True
2132,LIBROS LA TEATRAL,LIBRERIA,ESPECIALIZADA,complementario,False,14,PALERMO,"LACROZE, FEDERICO 1860, CABA",-34.565008,-58.439927,,0.0,libroslateatral.com.ar,1,124.0,True
2135,LIBROSREF,LIBRERIA,GENERAL,complementario,False,14,PALERMO,"HONDURAS AV. 4191, CABA",-34.59412,-58.422511,,0.0,https://www.librosref.com/,1,126.0,True
2136,LORCA,LIBRERIA,GENERAL,complementario,False,1,SAN NICOLAS,"RODRIGUEZ PENA 667, CABA",-34.601154,-58.391341,0.0,0.0,,1,84.0,True
2137,LORRAINE,LIBRERIA,GENERAL,complementario,False,1,SAN NICOLAS,"CORRIENTES AV. 1513, CABA",-34.604115,-58.388089,,0.0,,1,13.0,True
2139,LOSADA,LIBRERIA,GENERAL,complementario,False,1,SAN NICOLAS,"CORRIENTES AV. 1551, CABA",-34.60416,-58.388661,,0.0,editoriallosada.com,1,9.0,True
2140,LUCAS,LIBRERIA,GENERAL,complementario,False,1,SAN NICOLAS,"CORRIENTES AV. 1247, CABA",-34.603778,-58.384307,,0.0,http://www.librerialucas.com/,1,9.0,True
2144,LUZ ARTIFICIAL,LIBRERIA,GENERAL,complementario,False,2,RECOLETA,"DIAZ, CNEL. AV. 1837, CABA",-34.589926,-58.410733,0.0,0.0,,1,14.0,True
2145,MALBA LIBROS,LIBRERIA,ESPECIALIZADA,complementario,False,14,PALERMO,"FIGUEROA ALCORTA, PRES. AV. 3415, CABA",-34.577246,-58.40377,,0.0,https://tienda.malba.org.ar/,1,315.0,False
2149,MARISTA,LIBRERIA,ESPECIALIZADA,complementario,False,3,BALVANERA,"CALLAO AV. 226, CABA",-34.606504,-58.392239,,0.0,http://libreriamarista.com.ar/,1,33.0,True
2152,MELOS,LIBRERIA,ESPECIALIZADA,complementario,False,1,SAN NICOLAS,"PERON, JUAN DOMINGO, TTE. GENERAL 1560, CABA",-34.60662,-58.388711,,0.0,melos.com.ar,1,9.0,True
2153,MEMORIA DEL SUBSUELO,LIBRERIA,GENERAL,complementario,False,1,RETIRO,"FLORIDA 835, CABA",-34.598317,-58.375333,,0.0,,1,103.0,True
2154,MENDEL,LIBRERIA,GENERAL,complementario,False,14,PALERMO,"PARAGUAY 5163, CABA",-34.579681,-58.430548,,0.0,,1,143.0,True
2155,MENENDEZ LIBROS,LIBRERIA,GENERAL,complementario,False,1,RETIRO,"PARAGUAY 431, CABA",-34.597336,-58.373396,,0.0,http://www.menendezlibros.com.ar/,1,79.0,True
2157,MIL GRULLAS,LIBRERIA,GENERAL,complementario,False,14,PALERMO,"MALABIA 1968, CABA",-34.588432,-58.423615,,0.0,https://milgrullaslibros.mitiendanube.com,1,337.0,False
2158,MIREYA,LIBRERIA,GENERAL,complementario,False,1,RETIRO,"FLORIDA 835, CABA",-34.598317,-58.375333,,0.0,https://libreria-mireya.negocio.site/,1,103.0,True
2161,MUSICA NUESTRA,LIBRERIA,ESPECIALIZADA,complementario,False,1,SAN TELMO,"BALCARCE 1053, CABA",-34.620003,-58.370094,0.0,0.0,http://musicanuestra.com.ar/,1,247.0,False
2165,NADIR,LIBRERIA,GENERAL,complementario,False,2,RECOLETA,"LAS HERAS, GENERAL 1702, CABA",-34.592536,-58.390978,,0.0,http://www.libreriasnadir.com.ar/,1,116.0,True
2168,NINON,LIBRERIA,GENERAL,complementario,False,3,SAN CRISTOBAL,"LA RIOJA 914, CABA",-34.621044,-58.407496,,0.0,http://www.librerianinon.com/,1,112.0,True
2169,NORTE,LIBRERIA,GENERAL,complementario,False,2,RECOLETA,"LAS HERAS GENERAL AV. 2225, CABA",-34.588228,-58.396127,,0.0,https://www.librerianorte.com.ar/,1,43.0,True
2170,NUESTRO ARCON LIBROS,LIBRERIA,GENERAL,complementario,False,14,PALERMO,"ARMENIA 1555, CABA",-34.59036,-58.428594,0.0,0.0,,1,62.0,True
2171,NUEVA LIBRERIA,LIBRERIA,ESPECIALIZADA,complementario,False,1,SAN TELMO,"ESTADOS UNIDOS 301, CABA",-34.618396,-58.370314,,0.0,https://www.nuevalibreria.com.ar/,1,247.0,False
2172,NUEVOS CAMINOS,LIBRERIA,ESPECIALIZADA,complementario,False,1,RETIRO,"PELLEGRINI, CARLOS 971, CABA",-34.597115,-58.38134,,0.0,,1,48.0,True
2174,OBEL LIBROS,LIBRERIA,GENERAL,complementario,False,1,SAN NICOLAS,"CORRIENTES AV. 1230, CABA",-34.603939,-58.384222,,0.0,,1,10.0,True
2176,OTRAS ORILLAS,LIBRERIA,GENERAL,complementario,False,2,RECOLETA,"MANSILLA, LUCIO NORBERTO, GENERAL 2974, CABA",-34.594692,-58.40872,0.0,0.0,,1,6.0,True
2177,PAGINAS LIBRES,LIBRERIA,ESPECIALIZADA,complementario,False,1,CONSTITUCION,"SANTIAGO DEL ESTERO 1112, CABA",-34.621165,-58.38431,,0.0,https://paginaslibres.mitiendanube.com/,1,13.0,True
2178,PAIDOS,LIBRERIA,ESPECIALIZADA,complementario,False,14,PALERMO,"LAS HERAS GENERAL AV. 3741, CABA",-34.58185,-58.411239,,0.0,https://www.paidoslibreria.com.ar/,1,231.0,False
2179,PARADIGMA LIBROS,LIBRERIA,GENERAL,complementario,False,14,PALERMO,"MAURE 1786, CABA",-34.567434,-58.436525,,0.0,https://www.paradigmalibros.com/,1,342.0,False
2180,PARMENIA LIBRERIA,LIBRERIA,ESPECIALIZADA,complementario,False,3,BALVANERA,"VIAMONTE 1984, CABA",-34.600962,-58.395384,,0.0,https://www.parmenia.com.ar/w/,1,132.0,True
2185,PHILOPANNYX LIBROS,LIBRERIA,ESPECIALIZADA,complementario,False,1,SAN NICOLAS,"CORRIENTES AV. 753, CABA",-34.603368,-58.377415,,0.0,,1,13.0,True
2187,PROLOGO,LIBRERIA,GENERAL,complementario,False,1,RETIRO,"FLORIDA 835, CABA",-34.598317,-58.375333,,0.0,,1,103.0,True
2190,PUNTO DE ENCUENTRO,LIBRERIA,ESPECIALIZADA,complementario,False,1,MONSERRAT,"DE MAYO AV. 1110, CABA",-34.60919,-58.382316,,0.0,https://puntoed.com.ar/,1,150.0,True
2192,QUINTAOLA LIBRERIA FEMINISTE,LIBRERIA,ESPECIALIZADA,complementario,False,1,MONSERRAT,"YRIGOYEN, HIPOLITO 1376, CABA",-34.609956,-58.385784,0.0,0.0,https://quintaolalibreria.mitiendanube.com/,1,124.0,True
2195,RAICES LIBROS,LIBRERIA,GENERAL,complementario,False,3,BALVANERA,"AGRELO 3045, CABA",-34.617457,-58.408804,,0.0,https://www.facebook.com/libreria.raices/,1,111.0,True
2196,RAYO ROJO,LIBRERIA,GENERAL,complementario,False,2,RECOLETA,"SANTA FE AV. 1670, CABA",-34.595911,-58.391358,,0.0,https://www.rayorojoweb.com/,1,144.0,True
2197,RINCON 9. SUCURSAL JUNIN.,LIBRERIA,ESPECIALIZADA,complementario,False,3,BALVANERA,"JUNIN 44, CABA",-34.608909,-58.396383,,0.0,http://www.rincon9.com.ar/,1,117.0,True
2199,RIOS DE AGUA VIVA,LIBRERIA,ESPECIALIZADA,complementario,False,1,RETIRO,"TALCAHUANO 1211, CABA",-34.594298,-58.385822,,0.0,https://www.riosdeaguaviva.com.ar/,1,29.0,True
2203,SAN PABLO,LIBRERIA,ESPECIALIZADA,complementario,False,1,SAN NICOLAS,"CALLAO AV. 325, CABA",-34.605393,-58.39212,,0.0,https://www.sanpablo.com.ar/,1,107.0,True
2204,SAN PABLO - CENTRAL,LIBRERIA,ESPECIALIZADA,complementario,False,3,BALVANERA,"RIOBAMBA 230, CABA",-34.606505,-58.39366,,0.0,https://www.sanpablo.com.ar/,1,47.0,True
2205,SANTA FE,LIBRERIA,GENERAL,complementario,False,2,RECOLETA,"SANTA FE AV. 2224, CABA",-34.595405,-58.398855,,0.0,https://www.lsf.com.ar/,1,30.0,True
2207,SBS,LIBRERIA,GENERAL,complementario,False,4,BOCA,"PEREZ GALDOS, BENITO AV. 275, CABA",-34.630645,-58.359799,,0.0,https://www.sbs.com.ar/,1,155.0,False
2211,SIGAL LIBRERAA JUDAICA,LIBRERIA,ESPECIALIZADA,complementario,False,3,BALVANERA,"CORRIENTES AV. 2854, CABA",-34.604562,-58.406158,,0.0,https://www.libreriasigal.com/,1,18.0,True
2213,SOCIEDAD BIBLICA ARGENTINA,LIBRERIA,ESPECIALIZADA,complementario,False,1,SAN NICOLAS,"TUCUMAN 356, CABA",-34.60084,-58.37208,,0.0,www.sba.org.ar,1,175.0,False
2214,SUDESTADA,LIBRERIA,GENERAL,complementario,False,1,SAN NICOLAS,"TUCUMAN 1438, CABA",-34.601722,-58.387173,0.0,0.0,https://www.libreriasudestada.com.ar/,1,8.0,True
2216,TODO CBC,LIBRERIA,ESPECIALIZADA,complementario,False,3,BALVANERA,"VIAMONTE 2011, CABA",-34.600904,-58.395853,,0.0,http://todocbc.com.ar/,1,133.0,True
2217,TODO TECNICAS,LIBRERIA,ESPECIALIZADA,complementario,False,1,RETIRO,"ALVEAR, MARCELO T. DE 1326, CABA",-34.597041,-58.386178,,0.0,https://www.todotecnicaslibros.com.ar/,1,10.0,True
2219,URSINO LIBROS,LIBRERIA,ESPECIALIZADA,complementario,False,2,RECOLETA,"JUNIN 925, CABA",-34.598266,-58.397334,,0.0,https://www.ursino.com.ar/,1,114.0,True
2220,VIVALDI,LIBRERIA,GENERAL,complementario,False,1,CONSTITUCION,"SANTIAGO DEL ESTERO 998, CABA",-34.619643,-58.384292,,0.0,https://www.facebook.com/Vivaldi-Libros-1619122381675625/,1,19.0,True
2221,VUELVO AL SUR,LIBRERIA,GENERAL,complementario,False,4,PARQUE PATRICIOS,"LA RIOJA 2127, CABA",-34.636239,-58.405774,,0.0,https://vuelvoalsurlibrosyarte.wordpress.com/,1,36.0,True
2222,WALDHUTER LIBRERAA,LIBRERIA,GENERAL,complementario,False,2,RECOLETA,"SANTA FE AV. 1685, CABA",-34.595748,-58.391662,,0.0,https://www.waldhuter.com.ar/,1,163.0,False
2223,WALRUS BOOKS,LIBRERIA,ESPECIALIZADA,complementario,False,1,SAN TELMO,"ESTADOS UNIDOS 617, CABA",-34.618481,-58.374678,,0.0,www.walrusbookshop.com/,1,150.0,True
2226,WITOLDA,LIBRERIA,GENERAL,complementario,False,1,MONSERRAT,"REPUBLICA BOLIVARIANA DE VENEZUELA 615, CABA",-34.6138,-58.374917,0.0,0.0,www.witoldalibros.com,1,152.0,False
2227,Y EDITORIAL ALSINA,LIBRERIA,ESPECIALIZADA,complementario,False,1,SAN NICOLAS,"PARANA 137, CABA",-34.60732,-58.38773,,0.0,http://www.lealsina.com/,1,88.0,True
2228,Y SANTERIA CATOLICA NUESTRA SENORA DEL CARMELO,LIBRERIA,ESPECIALIZADA,complementario,False,2,RECOLETA,"ALVEAR, MARCELO T. DE 2482, CABA",-34.595972,-58.40258,,0.0,s/d,1,6.0,True
2232,YENNY,LIBRERIA,GENERAL,complementario,False,3,BALVANERA,"CORRIENTES AV. 3247, CABA",-34.603955,-58.410672,,0.0,https://www.yenny-elateneo.com/,1,12.0,True
2233,YENNY,LIBRERIA,GENERAL,complementario,False,14,PALERMO,"ARCE 940, CABA",-34.567353,-58.437064,,0.0,https://www.yenny-elateneo.com/local/solar-de-la-abadia/,1,363.0,False
2234,YENNY,LIBRERIA,GENERAL,complementario,False,14,PALERMO,"SALGUERO, JERONIMO 3172, CABA",-34.575644,-58.404121,,0.0,https://www.yenny-elateneo.com/local/paseo-alcorta/,1,342.0,False
2236,YENNY (ALTO PALERMO LOC. 2025),LIBRERIA,GENERAL,complementario,False,14,PALERMO,"SANTA FE AV. 3253, CABA",-34.588556,-58.410667,,0.0,https://www.yenny-elateneo.com/local/alto-palermo-shopping/,1,74.0,True
2237,YENNY (PALERMO),LIBRERIA,GENERAL,complementario,False,14,PALERMO,"BULLRICH, INT. AV. 345, CABA",-34.574925,-58.425342,,0.0,,1,20.0,True
2238,YENNY AEROPARQUE,LIBRERIA,GENERAL,complementario,False,14,PALERMO,"OBLIGADO RAFAEL, AV.COSTANERA 4650, CABA",-34.554907,-58.416511,,0.0,https://www.yenny-elateneo.com/local/aeroparque/,1,40.0,True
2239,YENNY PATIO BULLRICH,LIBRERIA,GENERAL,complementario,False,1,RETIRO,"POSADAS 1245, CABA",-34.589138,-58.384257,,0.0,www.yenny-elateneo.com,1,74.0,True
2240,ZIVALS,LIBRERIA,ESPECIALIZADA,complementario,False,1,SAN NICOLAS,"CALLAO AV. 395, CABA",-34.604683,-58.392174,,0.0,https://www.zivals.com.ar/,1,29.0,True
2241,A.M.I.A.,MONUMENTOS Y LUGARES HISTORICOS,,patrimonio_feria,False,3,BALVANERA,"PASTEUR 625, CABA",-34.60194,-58.39972,,0.0,,1,31.0,True
2243,ADMINISTRACION DE PARQUES NACIONALES,MONUMENTOS Y LUGARES HISTORICOS,,patrimonio_feria,False,1,RETIRO,"SANTA FE AV. 691, CABA",-34.59593,-58.37674,,0.0,,1,40.0,True
2244,ADOLFO ALSINA,MONUMENTOS Y LUGARES HISTORICOS,,patrimonio_feria,False,2,RECOLETA,"JUNIN 1850, CABA",-34.58752,-58.39343,,0.0,,1,119.0,True
2245,AGUARIBAY EN TERRENOS DEL INSTITUTO BERNASCONI,MONUMENTOS Y LUGARES HISTORICOS,,patrimonio_feria,False,4,PARQUE PATRICIOS,"CASTILLO. CATULO 2754, CABA",-34.63343,-58.40223,,0.0,,1,191.0,False
2246,ALTE. GUILLERMO BROWN,MONUMENTOS Y LUGARES HISTORICOS,,patrimonio_feria,False,2,RECOLETA,"JUNIN 1850, CABA",-34.58752,-58.39343,,0.0,,1,119.0,True
2247,ALTOS DE ELORRIAGA,MONUMENTOS Y LUGARES HISTORICOS,,patrimonio_feria,False,1,MONSERRAT,"DEFENSA 182, CABA",-34.60994,-58.37209,,0.0,,1,23.0,True
2248,AMADEO JAQUES,MONUMENTOS Y LUGARES HISTORICOS,,patrimonio_feria,False,2,RECOLETA,"JUNIN 1850, CABA",-34.58752,-58.39343,,0.0,,1,119.0,True
2249,AMBROSIO PLACIDO LEZICA,MONUMENTOS Y LUGARES HISTORICOS,,patrimonio_feria,False,2,RECOLETA,"JUNIN 1850, CABA",-34.58752,-58.39343,,0.0,,1,119.0,True
2250,ANTIGUA CASA CENTRAL DEL BANCO EL HOGAR ARGENTINO,MONUMENTOS Y LUGARES HISTORICOS,,patrimonio_feria,False,1,SAN NICOLAS,"BARTOLOME MITRE 569, CABA",-34.60685,-58.3746,,0.0,,1,87.0,True
2251,ANTIGUA CASA CENTRAL DEL BANCO HIPOTECARIO,MONUMENTOS Y LUGARES HISTORICOS,,patrimonio_feria,False,1,SAN NICOLAS,"SAN MARTIN 279, CABA",-34.60476,-58.37375,,0.0,,1,14.0,True
2252,ANTIGUA RESIDENCIA DE DON GREGORIO LEZAMA,MONUMENTOS Y LUGARES HISTORICOS,,patrimonio_feria,False,1,SAN TELMO,"DEFENSA 1653, CABA",-34.6274,-58.37085,,0.0,,1,149.0,True
2253,ANTIGUA SEDE DE LA BOLSA DE COMERCIO DE BUENOS AIRES,MONUMENTOS Y LUGARES HISTORICOS,,patrimonio_feria,False,1,SAN NICOLAS,"SAN MARTIN 263, CABA",-34.60492,-58.37373,,0.0,,1,5.0,True
2254,ANTIGUO CONGRESO,MONUMENTOS Y LUGARES HISTORICOS,,patrimonio_feria,False,1,MONSERRAT,"BALCARCE 126, CABA",-34.60931,-58.37078,,0.0,,1,84.0,True
2255,ANTONIO SAENZ,MONUMENTOS Y LUGARES HISTORICOS,,patrimonio_feria,False,2,RECOLETA,"JUNIN 1850, CABA",-34.58752,-58.39343,,0.0,,1,119.0,True
2259,AREA RETIRO,MONUMENTOS Y LUGARES HISTORICOS,,patrimonio_feria,False,1,RETIRO,"DEL LIBERTADOR AV. 100, CABA",-34.59194,-58.37389,,0.0,,1,60.0,True
2260,ARISTOBULO DEL VALLE,MONUMENTOS Y LUGARES HISTORICOS,,patrimonio_feria,False,2,RECOLETA,"JUNIN 1850, CABA",-34.58752,-58.39343,,0.0,,1,119.0,True
2261,ASOCIACION ARGENTINA DE ACTORES,MONUMENTOS Y LUGARES HISTORICOS,,patrimonio_feria,False,4,BARRACAS,"BARILOCHE y CHUBUT, CABA",-34.64911,-58.39161,,0.0,,1,1128.0,False
2262,AVENIDA DE MAYO,MONUMENTOS Y LUGARES HISTORICOS,,patrimonio_feria,False,1,MONSERRAT,"DE MAYO AV. 915, CABA",-34.60892,-58.37944,,0.0,,1,23.0,True
2263,BANCO DE LA NACION ARGENTINA,MONUMENTOS Y LUGARES HISTORICOS,,patrimonio_feria,False,1,SAN NICOLAS,"RECONQUISTA 101, CABA",-34.60614,-58.37159,,0.0,,1,191.0,False
2264,BANCO DE LA PROVINCIA DE BUENOS AIRES,MONUMENTOS Y LUGARES HISTORICOS,,patrimonio_feria,False,1,SAN NICOLAS,"SAN MARTIN 129, CABA",-34.60639,-58.37367,,0.0,,1,14.0,True
2265,BANCO DE LA PROVINCIA DE BUENOS AIRES,MONUMENTOS Y LUGARES HISTORICOS,,patrimonio_feria,False,1,SAN NICOLAS,"SAN MARTIN 131, CABA",-34.60637,-58.37367,,0.0,,1,13.0,True
2266,BANCO HIPOTECARIO,MONUMENTOS Y LUGARES HISTORICOS,,patrimonio_feria,False,1,SAN NICOLAS,"RECONQUISTA 137, CABA",-34.60623,-58.37229,,0.0,,1,127.0,True
2267,BARRACA PENA,MONUMENTOS Y LUGARES HISTORICOS,,patrimonio_feria,False,4,BOCA,"DON PEDRO DE MENDOZA AV. 1580, CABA",-34.63812014,-58.35666678,,0.0,,1,256.0,False
2268,BASILICA DEL PILAR,MONUMENTOS Y LUGARES HISTORICOS,,patrimonio_feria,False,2,RECOLETA,"GUIDO 1999, CABA",-34.58859,-58.39164,,0.0,,1,320.0,False
2269,BASILICA SAGRADO CORAZON DE JESUS,MONUMENTOS Y LUGARES HISTORICOS,,patrimonio_feria,False,4,BARRACAS,"VELEZ SARSFIELD AV. 1341, CABA",-34.65028,-58.38917,,0.0,,1,910.0,False
2270,BENJAMIN PAZ,MONUMENTOS Y LUGARES HISTORICOS,,patrimonio_feria,False,2,RECOLETA,"JUNIN 1850, CABA",-34.58752,-58.39343,,0.0,,1,119.0,True
2271,BERNARDINO RIVADAVIA,MONUMENTOS Y LUGARES HISTORICOS,,patrimonio_feria,False,3,BALVANERA,"RIVADAVIA AV. 2896, CABA",-34.60972,-58.4075,,0.0,,1,210.0,False
2272,BERNARDO MONTEAGUDO,MONUMENTOS Y LUGARES HISTORICOS,,patrimonio_feria,False,2,RECOLETA,"JUNIN 1850, CABA",-34.58752,-58.39343,,0.0,,1,119.0,True
2273,BIBLIOTECA POPULAR ALBERDI,MONUMENTOS Y LUGARES HISTORICOS,,patrimonio_feria,False,2,RECOLETA,"JUNIN 1850, CABA",-34.58752,-58.39343,,0.0,,1,119.0,True
2276,CABILDO DE LA CIUDAD DE BUENOS AIRES,MONUMENTOS Y LUGARES HISTORICOS,,patrimonio_feria,False,1,MONSERRAT,"PERU 51, CABA",-34.60863,-58.37346,,0.0,,1,14.0,True
2277,CAIDOS EN LA REVOLUCION DE 1890-L.N.ALEM Y H.YRIGOYEN,MONUMENTOS Y LUGARES HISTORICOS,,patrimonio_feria,False,2,RECOLETA,"JUNIN 1850, CABA",-34.58752,-58.39343,,0.0,,1,119.0,True
2278,CAMPO DE DEPORTES DEL BUENOS AIRES CRICKET CLUB,MONUMENTOS Y LUGARES HISTORICOS,,patrimonio_feria,False,14,PALERMO,"NICOLAS COPERNICO, CABA",-34.57,-58.41222,,0.0,,1,55.0,True
2279,CANONIGO DIEGO ESTANISLAO ZAVALETA,MONUMENTOS Y LUGARES HISTORICOS,,patrimonio_feria,False,1,SAN NICOLAS,"SAN MARTIN 27, CABA",-34.60763,-58.3732,,0.0,,1,36.0,True
2280,CANONIGO JOSE EUSEBIO DE AGUERO,MONUMENTOS Y LUGARES HISTORICOS,,patrimonio_feria,False,1,SAN NICOLAS,"SAN MARTIN 27, CABA",-34.60763,-58.3732,,0.0,,1,36.0,True
2281,CANONIGO JULIAN SEGUNDO AGUERO,MONUMENTOS Y LUGARES HISTORICOS,,patrimonio_feria,False,1,SAN NICOLAS,"SAN MARTIN 27, CABA",-34.60763,-58.3732,,0.0,,1,36.0,True
2282,CAP.DE MARINA ALEJANDRO MURATURE,MONUMENTOS Y LUGARES HISTORICOS,,patrimonio_feria,False,2,RECOLETA,"JUNIN 1850, CABA",-34.58752,-58.39343,,0.0,,1,119.0,True
2283,CAPILLA DE SAN ROQUE,MONUMENTOS Y LUGARES HISTORICOS,,patrimonio_feria,False,1,MONSERRAT,"DEFENSA 601, CABA",-34.61496,-58.37178,,0.0,,1,128.0,True
2285,CARLOS PELLEGRINI,MONUMENTOS Y LUGARES HISTORICOS,,patrimonio_feria,False,2,RECOLETA,"JUNIN 1850, CABA",-34.58752,-58.39343,,0.0,,1,119.0,True
2286,CASA CARABASSA,MONUMENTOS Y LUGARES HISTORICOS,,patrimonio_feria,False,14,PALERMO,"LAFINUR 3000, CABA",-34.5806,-58.41458,,0.0,,1,416.0,False
2287,CASA DE CARLOS GARDEL,MONUMENTOS Y LUGARES HISTORICOS,,patrimonio_feria,False,3,BALVANERA,"JEAN JAURES 671, CABA",-34.60163,-58.40795,,0.0,,1,57.0,True
2288,CASA DE ESTUDIOS PARA ARTISTAS,MONUMENTOS Y LUGARES HISTORICOS,,patrimonio_feria,False,1,RETIRO,"PARAGUAY 898, CABA",-34.59778,-58.37972,,0.0,,1,11.0,True
2289,CASA DE GOBIERNO (CASA ROSADA),MONUMENTOS Y LUGARES HISTORICOS,,patrimonio_feria,False,1,MONSERRAT,"RIVADAVIA AV. 299, CABA",-34.60828,-58.37084,,0.0,,1,193.0,False
2290,CASA DE LA MONEDA,MONUMENTOS Y LUGARES HISTORICOS,,patrimonio_feria,False,1,MONSERRAT,"DEFENSA 620, CABA",-34.61514,-58.37175,,0.0,,1,129.0,True
2291,CASA DE LAS ACADEMIAS NACIONALES,MONUMENTOS Y LUGARES HISTORICOS,,patrimonio_feria,False,2,RECOLETA,"ALVEAR 1779, CABA",-34.58857,-58.38778,,0.0,,1,215.0,False
2292,CASA DE LINIERS,MONUMENTOS Y LUGARES HISTORICOS,,patrimonio_feria,False,1,MONSERRAT,"BELGRANO AV. 473, CABA",-34.61368,-58.37283,,0.0,,1,39.0,True
2294,CASA DE MARIA JOSEFA EZCURRA DE EZCURRA,MONUMENTOS Y LUGARES HISTORICOS,,patrimonio_feria,False,1,MONSERRAT,"ALSINA. ADOLFO 457, CABA",-34.61018,-58.37283,,0.0,,1,2.0,True
2295,CASA DEL CMTE.TOMAS ESPORA,MONUMENTOS Y LUGARES HISTORICOS,,patrimonio_feria,False,4,PARQUE PATRICIOS,"CASEROS AV. 2513, CABA",-34.63572,-58.39772,,0.0,,1,27.0,True
2297,CASA DEL DR. BERNARDO ALBERTO HOUSSAY,MONUMENTOS Y LUGARES HISTORICOS,,patrimonio_feria,False,3,BALVANERA,"VIAMONTE 2800, CABA",-34.60082,-58.40551,,0.0,,1,104.0,True
2298,CASA DEL GRAL. MIGUEL DE AZCUENAGA,MONUMENTOS Y LUGARES HISTORICOS,,patrimonio_feria,False,1,SAN NICOLAS,"RIVADAVIA AV. 407, CABA",-34.60792,-58.37235,,0.0,,1,107.0,True
2299,CASA DEL TEATRO,MONUMENTOS Y LUGARES HISTORICOS,,patrimonio_feria,False,1,RETIRO,"SANTA FE AV. 1231, CABA",-34.59559,-58.38479,,0.0,,1,124.0,True
2301,CASA NACIONAL DE LA CULTURA - SEDE DE LA SECRETARIA DE CULTURA DE LA NACION,MONUMENTOS Y LUGARES HISTORICOS,,patrimonio_feria,False,2,RECOLETA,"ALVEAR 1690, CABA",-34.58941,-58.38703,,0.0,,1,103.0,True
2302,CASA NATAL DEL GRAL. ANTONIO GONZALEZ BALCARCE,MONUMENTOS Y LUGARES HISTORICOS,,patrimonio_feria,False,1,MONSERRAT,"BALCARCE 140, CABA",-34.60945,-58.37077,,0.0,,1,68.0,True
2303,CASA PROYECTADA POR EL ARQUITECTO ALEJANDRO VIRASORO,MONUMENTOS Y LUGARES HISTORICOS,,patrimonio_feria,False,2,RECOLETA,"AGUERO 2040, CABA",-34.58832,-58.40266,,0.0,,1,48.0,True
2304,CASA QUE HABITO ADOLFO ALSINA,MONUMENTOS Y LUGARES HISTORICOS,,patrimonio_feria,False,1,MONSERRAT,"ALSINA. ADOLFO 1177, CABA",-34.61088,-58.3829,,0.0,,1,14.0,True
2305,CASA QUE HABITO DOMINGO F. SARMIENTO,MONUMENTOS Y LUGARES HISTORICOS,,patrimonio_feria,False,1,SAN NICOLAS,"SARMIENTO 1253, CABA",-34.60513,-58.38438,,0.0,,1,129.0,True
2306,CASA QUE HABITO EL DR. ALFREDO PALACIOS,MONUMENTOS Y LUGARES HISTORICOS,,patrimonio_feria,False,14,PALERMO,"GODOY CRUZ 2500, CABA",-34.58,-58.42655,,0.0,,1,14.0,True
2307,CASA QUE HABITO RICARDO ROJAS,MONUMENTOS Y LUGARES HISTORICOS,,patrimonio_feria,False,2,RECOLETA,"CHARCAS 2841, CABA",-34.59395,-58.40653,,0.0,,1,153.0,False
2308,CASA Y CAPILLA DE EJERCICIOS ESPIRITUALES Y COLEGIO NUESTRA SENORA DE BELEN - ACTUAL ACADEMIA SUPERI,MONUMENTOS Y LUGARES HISTORICOS,,patrimonio_feria,False,1,SAN TELMO,"HUMBERTO 1 378, CABA",-34.62071995,-58.37061693,,0.0,,1,204.0,False
2309,CATEDRAL ANGLICANA DE SAN JUAN BAUTISTA,MONUMENTOS Y LUGARES HISTORICOS,,patrimonio_feria,False,1,SAN NICOLAS,"25 DE MAYO 277, CABA",-34.60457,-58.37102,,0.0,,1,36.0,True
2310,CATEDRAL DE LA CIUDAD DE BUENOS AIRES,MONUMENTOS Y LUGARES HISTORICOS,,patrimonio_feria,False,1,SAN NICOLAS,"SAN MARTIN 27, CABA",-34.60778,-58.37333,,0.0,,1,26.0,True
2313,CENTRO CLANDESTINO DE DETENCION Y TORTURA EL ATLETICO,MONUMENTOS Y LUGARES HISTORICOS,,patrimonio_feria,False,1,SAN TELMO,"IRIGOYEN. BERNARDO DE 868, CABA",-34.61787,-58.36872,,0.0,,1,127.0,True
2314,CENTRO CULTURAL RECOLETA,MONUMENTOS Y LUGARES HISTORICOS,,patrimonio_feria,False,2,RECOLETA,"JUNIN 1930, CABA",-34.5864938,-58.3915776,,0.0,,1,172.0,False
2315,CENTRO CULTURAL SAN MARTIN,MONUMENTOS Y LUGARES HISTORICOS,,patrimonio_feria,False,1,SAN NICOLAS,"SARMIENTO 1551, CABA",-34.6053678,-58.388585,,0.0,,1,69.0,True
2316,CENTRO NACIONAL DE LA MUSICA - EX BIBLIOTECA NACIONAL,MONUMENTOS Y LUGARES HISTORICOS,,patrimonio_feria,False,1,MONSERRAT,"MEXICO 564, CABA",-34.61494,-58.37402,,0.0,,1,76.0,True
2317,CINE TEATRO GRAN REX,MONUMENTOS Y LUGARES HISTORICOS,,patrimonio_feria,False,1,SAN NICOLAS,"CORRIENTES AV. 833, CABA",-34.60351,-58.37859,,0.0,,1,4.0,True
2318,CINE TEATRO OPERA,MONUMENTOS Y LUGARES HISTORICOS,,patrimonio_feria,False,1,SAN NICOLAS,"CORRIENTES AV. 858, CABA",-34.60361,-58.37889,,0.0,,1,8.0,True
2320,CNEL. DE MARINA JOSE MURATURE,MONUMENTOS Y LUGARES HISTORICOS,,patrimonio_feria,False,2,RECOLETA,"JUNIN 1850, CABA",-34.58752,-58.39343,,0.0,,1,119.0,True
2321,CNEL. FEDERICO BRANDSEN,MONUMENTOS Y LUGARES HISTORICOS,,patrimonio_feria,False,2,RECOLETA,"JUNIN 1850, CABA",-34.58752,-58.39343,,0.0,,1,119.0,True
2322,CNEL. HILARIO ASCASUBI,MONUMENTOS Y LUGARES HISTORICOS,,patrimonio_feria,False,2,RECOLETA,"JUNIN 1850, CABA",-34.58752,-58.39343,,0.0,,1,119.0,True
2323,CNEL. IGNACIO ALVAREZ THOMAS,MONUMENTOS Y LUGARES HISTORICOS,,patrimonio_feria,False,2,RECOLETA,"JUNIN 1850, CABA",-34.58752,-58.39343,,0.0,,1,119.0,True
2324,CNEL. ISIDORO SUAREZ,MONUMENTOS Y LUGARES HISTORICOS,,patrimonio_feria,False,2,RECOLETA,"JUNIN 1850, CABA",-34.58752,-58.39343,,0.0,,1,119.0,True
2325,CNEL. JORDAN CZESLAW WYSOCKI,MONUMENTOS Y LUGARES HISTORICOS,,patrimonio_feria,False,2,RECOLETA,"JUNIN 1850, CABA",-34.58752,-58.39343,,0.0,,1,119.0,True
2326,CNEL. JOSE DE OLAVARRIA,MONUMENTOS Y LUGARES HISTORICOS,,patrimonio_feria,False,2,RECOLETA,"JUNIN 1850, CABA",-34.58752,-58.39343,,0.0,,1,119.0,True
2327,CNEL. MANUEL DORREGO,MONUMENTOS Y LUGARES HISTORICOS,,patrimonio_feria,False,2,RECOLETA,"JUNIN 1850, CABA",-34.58752,-58.39343,,0.0,,1,119.0,True
2328,CNEL. PEDRO JOSE DIAZ,MONUMENTOS Y LUGARES HISTORICOS,,patrimonio_feria,False,2,RECOLETA,"JUNIN 1850, CABA",-34.58752,-58.39343,,0.0,,1,119.0,True
2329,CNEL. RAMON L. FALCON,MONUMENTOS Y LUGARES HISTORICOS,,patrimonio_feria,False,2,RECOLETA,"JUNIN 1850, CABA",-34.58752,-58.39343,,0.0,,1,119.0,True
2330,CNEL.DE MARINA FRANCISCO SEGUI,MONUMENTOS Y LUGARES HISTORICOS,,patrimonio_feria,False,2,RECOLETA,"JUNIN 1850, CABA",-34.58752,-58.39343,,0.0,,1,119.0,True
2331,COLEGIO NACIONAL BUENOS AIRES,MONUMENTOS Y LUGARES HISTORICOS,,patrimonio_feria,False,1,MONSERRAT,"BOLIVAR 243, CABA",-34.61077,-58.37341,,0.0,,1,1.0,True
2332,COLEGIO SAN JOSE,MONUMENTOS Y LUGARES HISTORICOS,,patrimonio_feria,False,3,BALVANERA,"AZCUENAGA 160, CABA",-34.6079,-58.40063,,0.0,,1,56.0,True
2333,CONFEDERACION GENERAL DEL TRABAJO (C.G.T.),MONUMENTOS Y LUGARES HISTORICOS,,patrimonio_feria,False,1,SAN TELMO,"IRIGOYEN. BERNARDO DE 811, CABA",-34.61719,-58.36738,,0.0,,1,2.0,True
2334,CONFEDERACION GENERAL ECONOMICA,MONUMENTOS Y LUGARES HISTORICOS,,patrimonio_feria,False,1,MONSERRAT,"RIVADAVIA AV. 1108, CABA",-34.60861,-58.38222,,0.0,,1,138.0,True
2335,CONFITERIA EL MOLINO,MONUMENTOS Y LUGARES HISTORICOS,,patrimonio_feria,False,3,BALVANERA,"CALLAO AV. 1, CABA",-34.60921,-58.39199,,0.0,,1,255.0,False
2336,CONGRESO DE LA NACION,MONUMENTOS Y LUGARES HISTORICOS,,patrimonio_feria,False,3,BALVANERA,"ALSINA. ADOLFO 1835, CABA",-34.6115064,-58.3924548,,0.0,,1,5.0,True
2338,CONVENTO DE LOS MERCEDARIOS,MONUMENTOS Y LUGARES HISTORICOS,,patrimonio_feria,False,1,SAN NICOLAS,"RECONQUISTA 273, CABA",-34.60471,-58.37237,,0.0,,1,39.0,True
2339,CORBETA URUGUAY,MONUMENTOS Y LUGARES HISTORICOS,,patrimonio_feria,False,1,PUERTO MADERO,"GORRITI JUANA MANUELA 400, CABA",-34.60136,-58.36675,,0.0,,1,59.0,True
2342,DEAN SATURNINO SEGUROLA,MONUMENTOS Y LUGARES HISTORICOS,,patrimonio_feria,False,1,SAN NICOLAS,"SAN MARTIN 27, CABA",-34.60763,-58.3732,,0.0,,1,36.0,True
2343,DELFINA VEDIA DE MITRE,MONUMENTOS Y LUGARES HISTORICOS,,patrimonio_feria,False,2,RECOLETA,"JUNIN 1850, CABA",-34.58752,-58.39343,,0.0,,1,119.0,True
2344,DIARIO LA PRENSA,MONUMENTOS Y LUGARES HISTORICOS,,patrimonio_feria,False,1,MONSERRAT,"DE MAYO AV. 563, CABA",-34.60855,-58.37446,,0.0,,1,87.0,True
2345,DOMINGO FAUSTINO SARMIENTO,MONUMENTOS Y LUGARES HISTORICOS,,patrimonio_feria,False,2,RECOLETA,"JUNIN 1850, CABA",-34.58752,-58.39343,,0.0,,1,119.0,True
2346,DOMINGO MATHEU,MONUMENTOS Y LUGARES HISTORICOS,,patrimonio_feria,False,2,RECOLETA,"JUNIN 1850, CABA",-34.58752,-58.39343,,0.0,,1,119.0,True
2347,EDIFICIO KAVANAGH,MONUMENTOS Y LUGARES HISTORICOS,,patrimonio_feria,False,1,RETIRO,"RECONQUISTA 1083, CABA",-34.59538,-58.3744,,0.0,,1,9.0,True
2349,EDIFICIOS DE LA CALLE AUSTRIA 2577 / 2593,MONUMENTOS Y LUGARES HISTORICOS,,patrimonio_feria,False,2,RECOLETA,"AUSTRIA 2581, CABA",-34.58458,-58.39927,,0.0,,1,201.0,False
2350,EL SECTOR DE LA FACHADA PRINCIPAL SOBRE AV. CORDOBA DESDE VESTIBULO DE ACCESO HASTA CALLE AYACUCHO Y,MONUMENTOS Y LUGARES HISTORICOS,,patrimonio_feria,False,2,RECOLETA,"CORDOBA AV. 1957, CABA",-34.59962,-58.39514,,0.0,,1,14.0,True
2351,EMMA NICOLAY DE CAPRILE,MONUMENTOS Y LUGARES HISTORICOS,,patrimonio_feria,False,2,RECOLETA,"JUNIN 1850, CABA",-34.58752,-58.39343,,0.0,,1,119.0,True
2352,ESCUELA CATEDRAL AL NORTE - ACTUAL J. M. ESTRADA,MONUMENTOS Y LUGARES HISTORICOS,,patrimonio_feria,False,1,SAN NICOLAS,"RECONQUISTA 463, CABA",-34.60247,-58.37249,,0.0,,1,75.0,True
2353,ESCUELA DE COMERCIO No 2 DR. ANTONIO BERMEJO (FACHADA Y PRIMER PATIO),MONUMENTOS Y LUGARES HISTORICOS,,patrimonio_feria,False,3,BALVANERA,"CALLAO AV. 622, CABA",-34.60167,-58.39267,,0.0,,1,36.0,True
2354,ESCUELA NACIONAL NORMAL DE PROFESORES PTE. R. SAENZ PENA,MONUMENTOS Y LUGARES HISTORICOS,,patrimonio_feria,False,2,RECOLETA,"CORDOBA AV. 1957, CABA",-34.59966,-58.39514,,0.0,,1,12.0,True
2355,ESCUELA NORMAL MARIANO ACOSTA,MONUMENTOS Y LUGARES HISTORICOS,,patrimonio_feria,False,3,BALVANERA,"URQUIZA. GRAL. 281, CABA",-34.61371,-58.40995,,0.0,,1,111.0,True
2356,ESCUELA NORMAL SUPERIOR No 01 EN LENGUAS VIVAS PRESIDENTE ROQUE SAENZ PENA,MONUMENTOS Y LUGARES HISTORICOS,,patrimonio_feria,False,2,RECOLETA,"CORDOBA AV. 1957, CABA",-34.59967,-58.39514,,0.0,,1,12.0,True
2357,ESCUELA OTTO KRAUSE,MONUMENTOS Y LUGARES HISTORICOS,,patrimonio_feria,False,1,MONSERRAT,"PASEO COLON AV. 646, CABA",-34.61526,-58.36886,,0.0,,1,112.0,True
2358,ESCUELA PEDRO DE MENDOZA No 19 - MUSEO DE BELLAS ARTES DE LA BOCA,MONUMENTOS Y LUGARES HISTORICOS,,patrimonio_feria,False,4,BOCA,"DON PEDRO DE MENDOZA AV. 1891, CABA",-34.63935,-58.36151,,0.0,,1,96.0,True
2359,ESCUELA TECNICA No 31 MAESTRO QUINQUELA,MONUMENTOS Y LUGARES HISTORICOS,,patrimonio_feria,False,4,BOCA,"DON PEDRO DE MENDOZA AV. 1779, CABA",-34.63897,-58.35988,,0.0,,1,38.0,True
2361,ESTACION TERMINAL RETIRO,MONUMENTOS Y LUGARES HISTORICOS,,patrimonio_feria,False,1,RETIRO,"DEL LIBERTADOR AV. 99, CABA",-34.59195,-58.37487,,0.0,,1,19.0,True
2362,ESTANISLAO DEL CAMPO,MONUMENTOS Y LUGARES HISTORICOS,,patrimonio_feria,False,2,RECOLETA,"JUNIN 1850, CABA",-34.58752,-58.39343,,0.0,,1,119.0,True
2363,EUSTAQUIO DIAZ VELEZ,MONUMENTOS Y LUGARES HISTORICOS,,patrimonio_feria,False,2,RECOLETA,"JUNIN 1850, CABA",-34.58752,-58.39343,,0.0,,1,119.0,True
2364,EX ADMINISTRACION DEL FFCC B.MITRE Y EL MUSEO NACIONAL FERROVIARIO,MONUMENTOS Y LUGARES HISTORICOS,,patrimonio_feria,False,1,RETIRO,"DEL LIBERTADOR AV. 402, CABA",-34.59004,-58.37948,,0.0,,1,6.0,True
2366,EX HOTEL DE INMIGRANTES,MONUMENTOS Y LUGARES HISTORICOS,,patrimonio_feria,False,1,RETIRO,"ANTARTIDA ARGENTINA AV. 1355, CABA",-34.59242,-58.37015,,0.0,,1,6.0,True
2367,FACULTAD DE INGENIERIA - UBA,MONUMENTOS Y LUGARES HISTORICOS,,patrimonio_feria,False,1,SAN TELMO,"ESTADOS UNIDOS 850, CABA",-34.61767,-58.36795,,0.0,,1,55.0,True
2368,FEDERACION DE ASOCIACIONES CATOLICAS DE EMPLEADAS - CASA DE LA EMPLEADA,MONUMENTOS Y LUGARES HISTORICOS,,patrimonio_feria,False,1,SAN NICOLAS,"SARMIENTO 1273, CABA",-34.60518,-58.38464,,0.0,,1,126.0,True
2369,FELICIANO ANTONIO CHICLANA,MONUMENTOS Y LUGARES HISTORICOS,,patrimonio_feria,False,2,RECOLETA,"JUNIN 1850, CABA",-34.58752,-58.39343,,0.0,,1,119.0,True
2370,FIRST NATIONAL BANK OF BOSTON - CASA CENTRAL,MONUMENTOS Y LUGARES HISTORICOS,,patrimonio_feria,False,1,SAN NICOLAS,"FLORIDA 99, CABA",-34.60692,-58.37504,,0.0,,1,127.0,True
2373,FRANCISCO DE ESCALADA,MONUMENTOS Y LUGARES HISTORICOS,,patrimonio_feria,False,2,RECOLETA,"JUNIN 1850, CABA",-34.58752,-58.39343,,0.0,,1,119.0,True
2374,FRANCISCO JAVIER MUNIZ,MONUMENTOS Y LUGARES HISTORICOS,,patrimonio_feria,False,2,RECOLETA,"JUNIN 1850, CABA",-34.58752,-58.39343,,0.0,,1,119.0,True
2375,FUENTE DE LAS NEREIDAS,MONUMENTOS Y LUGARES HISTORICOS,,patrimonio_feria,False,1,PUERTO MADERO,"ACHAVAL RODRIGUEZ, T., DR. AV. y PADRE M. L. MIGONE, CABA",-34.61694,-58.35692,,0.0,,1,3.0,True
2376,GALERIAS PACIFICO,MONUMENTOS Y LUGARES HISTORICOS,,patrimonio_feria,False,1,SAN NICOLAS,"RECONQUISTA 800, CABA",-34.59878,-58.37419,,0.0,,1,1.0,True
2377,GRAL. ANTONIO GONZALEZ BALCARCE,MONUMENTOS Y LUGARES HISTORICOS,,patrimonio_feria,False,1,MONSERRAT,"DEFENSA 422, CABA",-34.61278,-58.37167,,0.0,,1,149.0,True
2378,GRAL. BARTOLOME MITRE,MONUMENTOS Y LUGARES HISTORICOS,,patrimonio_feria,False,2,RECOLETA,"JUNIN 1850, CABA",-34.58752,-58.39343,,0.0,,1,119.0,True
2379,GRAL. CARLOS DE ALVEAR,MONUMENTOS Y LUGARES HISTORICOS,,patrimonio_feria,False,2,RECOLETA,"JUNIN 1850, CABA",-34.58752,-58.39343,,0.0,,1,119.0,True
2380,GRAL. EMILIO MITRE,MONUMENTOS Y LUGARES HISTORICOS,,patrimonio_feria,False,2,RECOLETA,"JUNIN 1850, CABA",-34.58752,-58.39343,,0.0,,1,119.0,True
2381,GRAL. FELIX BENAVIDES,MONUMENTOS Y LUGARES HISTORICOS,,patrimonio_feria,False,2,RECOLETA,"JUNIN 1850, CABA",-34.58752,-58.39343,,0.0,,1,119.0,True
2382,GRAL. JOSE DE SAN MARTIN,MONUMENTOS Y LUGARES HISTORICOS,,patrimonio_feria,False,1,SAN NICOLAS,"SAN MARTIN 27, CABA",-34.60763,-58.3732,,0.0,,1,36.0,True
2383,GRAL. JOSE M. PIRAN,MONUMENTOS Y LUGARES HISTORICOS,,patrimonio_feria,False,2,RECOLETA,"JUNIN 1850, CABA",-34.58752,-58.39343,,0.0,,1,119.0,True
2384,GRAL. JOSE MATIAS ZAPIOLA,MONUMENTOS Y LUGARES HISTORICOS,,patrimonio_feria,False,1,MONSERRAT,"DEFENSA 422, CABA",-34.61278,-58.37167,,0.0,,1,149.0,True
2385,GRAL. JUAN A.GELLY Y OBES,MONUMENTOS Y LUGARES HISTORICOS,,patrimonio_feria,False,2,RECOLETA,"JUNIN 1850, CABA",-34.58752,-58.39343,,0.0,,1,119.0,True
2386,GRAL. JUAN FLORENCIO TERRADA,MONUMENTOS Y LUGARES HISTORICOS,,patrimonio_feria,False,2,RECOLETA,"JUNIN 1850, CABA",-34.58752,-58.39343,,0.0,,1,119.0,True
2387,GRAL. JUAN JOSE VIAMONTE,MONUMENTOS Y LUGARES HISTORICOS,,patrimonio_feria,False,2,RECOLETA,"JUNIN 1850, CABA",-34.58752,-58.39343,,0.0,,1,119.0,True
2388,GRAL. JUAN LAVALLE,MONUMENTOS Y LUGARES HISTORICOS,,patrimonio_feria,False,2,RECOLETA,"JUNIN 1850, CABA",-34.58752,-58.39343,,0.0,,1,119.0,True
2389,GRAL. JUAN O'BREIN,MONUMENTOS Y LUGARES HISTORICOS,,patrimonio_feria,False,2,RECOLETA,"JUNIN 1850, CABA",-34.58752,-58.39343,,0.0,,1,119.0,True
2390,GRAL. JULIO A.ROCA,MONUMENTOS Y LUGARES HISTORICOS,,patrimonio_feria,False,2,RECOLETA,"JUNIN 1850, CABA",-34.58752,-58.39343,,0.0,,1,119.0,True
2391,GRAL. LUCIO MANSILLA,MONUMENTOS Y LUGARES HISTORICOS,,patrimonio_feria,False,2,RECOLETA,"JUNIN 1850, CABA",-34.58752,-58.39343,,0.0,,1,119.0,True
2392,GRAL. MANUEL BELGRANO,MONUMENTOS Y LUGARES HISTORICOS,,patrimonio_feria,False,1,MONSERRAT,"DEFENSA 422, CABA",-34.61278,-58.37167,,0.0,,1,149.0,True
2393,GRAL. MANUEL GUILLERMO PINTO,MONUMENTOS Y LUGARES HISTORICOS,,patrimonio_feria,False,1,SAN NICOLAS,"SAN MARTIN 27, CABA",-34.60763,-58.3732,,0.0,,1,36.0,True
2394,GRAL. TOMAS GUIDO,MONUMENTOS Y LUGARES HISTORICOS,,patrimonio_feria,False,2,RECOLETA,"JUNIN 1850, CABA",-34.58752,-58.39343,,0.0,,1,119.0,True
2395,GRAL. WENCESLAO PAUNERO,MONUMENTOS Y LUGARES HISTORICOS,,patrimonio_feria,False,2,RECOLETA,"JUNIN 1850, CABA",-34.58752,-58.39343,,0.0,,1,119.0,True
2396,GRAL.MIGUEL ESTANISLAO SOLER,MONUMENTOS Y LUGARES HISTORICOS,,patrimonio_feria,False,2,RECOLETA,"JUNIN 1850, CABA",-34.58752,-58.39343,,0.0,,1,119.0,True
2397,GUERREROS DEL PARAGUAY,MONUMENTOS Y LUGARES HISTORICOS,,patrimonio_feria,False,2,RECOLETA,"JUNIN 1850, CABA",-34.58752,-58.39343,,0.0,,1,119.0,True
2398,GUILLERMO RAWSON,MONUMENTOS Y LUGARES HISTORICOS,,patrimonio_feria,False,2,RECOLETA,"JUNIN 1850, CABA",-34.58752,-58.39343,,0.0,,1,119.0,True
2399,HOGAR DE TRANSITO,MONUMENTOS Y LUGARES HISTORICOS,,patrimonio_feria,False,14,PALERMO,"LAFINUR 2996, CABA",-34.58066,-58.41461,,0.0,,1,418.0,False
2400,HOSPITAL BORDA,MONUMENTOS Y LUGARES HISTORICOS,,patrimonio_feria,False,4,BARRACAS,"ALCORTA. AMANCIO AV. 1602, CABA",-34.63597,-58.3856,,0.0,,1,6.0,True
2401,HOSPITAL DEL REY,MONUMENTOS Y LUGARES HISTORICOS,,patrimonio_feria,False,3,BALVANERA,"PASCO 601, CABA",-34.61617,-58.39774,,0.0,,1,129.0,True
2402,IGLESIA DE LA MERCED,MONUMENTOS Y LUGARES HISTORICOS,,patrimonio_feria,False,1,SAN NICOLAS,"RECONQUISTA 201, CABA",-34.60542,-58.37235,,0.0,,1,118.0,True
2403,IGLESIA DE LA SANTA CRUZ,MONUMENTOS Y LUGARES HISTORICOS,,patrimonio_feria,False,3,SAN CRISTOBAL,"ESTADOS UNIDOS 3100, CABA",-34.62167,-58.40972,,0.0,,1,92.0,True
2404,IGLESIA DE LAS CATALINAS - IGLESIA DE SANTA CATALINA DE SIENA,MONUMENTOS Y LUGARES HISTORICOS,,patrimonio_feria,False,1,SAN NICOLAS,"SAN MARTIN 701, CABA",-34.59969,-58.37404,,0.0,,1,5.0,True
2405,IGLESIA DE SAN JUAN BAUTISTA,MONUMENTOS Y LUGARES HISTORICOS,,patrimonio_feria,False,1,MONSERRAT,"ALSINA. ADOLFO 815, CABA",-34.61058,-58.37804,,0.0,,1,1.0,True
2406,IGLESIA DE SAN MIGUEL,MONUMENTOS Y LUGARES HISTORICOS,,patrimonio_feria,False,1,SAN NICOLAS,"MITRE. BARTOLOME 890, CABA",-34.60715,-58.37906,,0.0,,1,20.0,True
2407,IGLESIA DE SANTO DOMINGO,MONUMENTOS Y LUGARES HISTORICOS,,patrimonio_feria,False,1,MONSERRAT,"BELGRANO AV. 401, CABA",-34.61243,-58.37195,,0.0,,1,125.0,True
2408,IGLESIA NUESTRA SENORA DE BALVANERA,MONUMENTOS Y LUGARES HISTORICOS,,patrimonio_feria,False,3,BALVANERA,"MITRE. BARTOLOME 2403, CABA",-34.60855,-58.4007,,0.0,,1,128.0,True
2409,IGLESIA ORTODOXA RUSA DE LA SANTISIMA TRINIDAD,MONUMENTOS Y LUGARES HISTORICOS,,patrimonio_feria,False,1,SAN TELMO,"BRASIL AV. 311, CABA",-34.62529,-58.36993,,0.0,,1,178.0,False
2410,IGLESIA PARROQUIAL DE MONSERRAT,MONUMENTOS Y LUGARES HISTORICOS,,patrimonio_feria,False,1,MONSERRAT,"BELGRANO AV. 1151, CABA",-34.61315,-58.38249,,0.0,,1,183.0,False
2411,IGLESIA PARROQUIAL DE SAN JUAN EVANGELISTA,MONUMENTOS Y LUGARES HISTORICOS,,patrimonio_feria,False,4,BOCA,"OLAVARRIA 489, CABA",-34.63663,-58.35964,,0.0,,1,24.0,True
2412,IGLESIA SANTA FELICITAS,MONUMENTOS Y LUGARES HISTORICOS,,patrimonio_feria,False,4,BARRACAS,"ISABEL LA CATOLICA 502, CABA",-34.63716,-58.37364,,0.0,,1,255.0,False
2413,INMUEBLE,MONUMENTOS Y LUGARES HISTORICOS,,patrimonio_feria,False,1,MONSERRAT,"CEVALLOS. VIRREY 620, CABA",-34.61589,-58.38897,,0.0,,1,14.0,True
2414,INMUEBLE DE LA CALLE AGUERO No 2024,MONUMENTOS Y LUGARES HISTORICOS,,patrimonio_feria,False,2,RECOLETA,"AGUERO 2022, CABA",-34.58843,-58.40282,,0.0,,1,30.0,True
2415,INSTITUTO DE INVESTIGACIONES HISTORICAS DE LAS MANZANAS DE LAS LUCES,MONUMENTOS Y LUGARES HISTORICOS,,patrimonio_feria,False,1,MONSERRAT,"PERU 272, CABA",-34.610897,-58.3747924,,0.0,,1,62.0,True
2416,INSTITUTO FELIX BERNASCONI,MONUMENTOS Y LUGARES HISTORICOS,,patrimonio_feria,False,4,PARQUE PATRICIOS,"CASTILLO. CATULO 2750, CABA",-34.63417,-58.40167,,0.0,,1,104.0,True
2418,INSTITUTO NACIONAL JUAN DOMINGO PERON,MONUMENTOS Y LUGARES HISTORICOS,,patrimonio_feria,False,2,RECOLETA,"PAGANO, JOSE LEON 2602, CABA",-34.58432,-58.39927,,0.0,,1,173.0,False
2419,JARDIN BOTANICO,MONUMENTOS Y LUGARES HISTORICOS,,patrimonio_feria,False,14,PALERMO,"SANTA FE AV. 3951, CABA",-34.5837311,-58.417884,,0.0,,1,315.0,False
2420,JARDIN JAPONES,MONUMENTOS Y LUGARES HISTORICOS,,patrimonio_feria,False,14,PALERMO,"DEL LIBERTADOR AV. 3005, CABA",-34.574579,-58.41142,,0.0,WWW.JARDINJAPONES.ORG.AR,1,195.0,False
2421,JARDIN ZOOLOGICO,MONUMENTOS Y LUGARES HISTORICOS,,patrimonio_feria,False,14,PALERMO,"LAS HERAS GENERAL AV. 4155, CABA",-34.578428,-58.416828,,0.0,,1,106.0,True
2424,JOSE ANTONIO TERRY,MONUMENTOS Y LUGARES HISTORICOS,,patrimonio_feria,False,2,RECOLETA,"JUNIN 1850, CABA",-34.58752,-58.39343,,0.0,,1,119.0,True
2425,JOSE HERNANDEZ,MONUMENTOS Y LUGARES HISTORICOS,,patrimonio_feria,False,2,RECOLETA,"JUNIN 1850, CABA",-34.58752,-58.39343,,0.0,,1,119.0,True
2426,JOSE MANUEL DE ESTRADA,MONUMENTOS Y LUGARES HISTORICOS,,patrimonio_feria,False,2,RECOLETA,"JUNIN 1850, CABA",-34.58752,-58.39343,,0.0,,1,119.0,True
2428,JUAN CRUZ VARELA,MONUMENTOS Y LUGARES HISTORICOS,,patrimonio_feria,False,2,RECOLETA,"JUNIN 1850, CABA",-34.58752,-58.39343,,0.0,,1,119.0,True
2429,JUAN JOSE CASTELLI,MONUMENTOS Y LUGARES HISTORICOS,,patrimonio_feria,False,1,MONSERRAT,"BOLIVAR 225, CABA",-34.61056,-58.37361,,0.0,,1,17.0,True
2430,JUAN JOSE PASO,MONUMENTOS Y LUGARES HISTORICOS,,patrimonio_feria,False,2,RECOLETA,"JUNIN 1850, CABA",-34.58752,-58.39343,,0.0,,1,119.0,True
2431,JUAN MARIA GUTIERREZ,MONUMENTOS Y LUGARES HISTORICOS,,patrimonio_feria,False,2,RECOLETA,"JUNIN 1850, CABA",-34.58752,-58.39343,,0.0,,1,119.0,True
2432,JUAN MARTIN DE PUEYRREDON,MONUMENTOS Y LUGARES HISTORICOS,,patrimonio_feria,False,2,RECOLETA,"JUNIN 1850, CABA",-34.58752,-58.39343,,0.0,,1,119.0,True
2433,JUAN PUJOL,MONUMENTOS Y LUGARES HISTORICOS,,patrimonio_feria,False,2,RECOLETA,"JUNIN 1850, CABA",-34.58752,-58.39343,,0.0,,1,119.0,True
2434,JUAN RAMON GONZALEZ BALCARCE,MONUMENTOS Y LUGARES HISTORICOS,,patrimonio_feria,False,2,RECOLETA,"JUNIN 1850, CABA",-34.58752,-58.39343,,0.0,,1,119.0,True
2435,LA RURAL,MONUMENTOS Y LUGARES HISTORICOS,,patrimonio_feria,False,14,PALERMO,"SARMIENTO AV. 2704, CABA",-34.5755075,-58.4156522,,0.0,,1,8.0,True
2436,LABORATORIOS E INSTITUTOS DE SALUD DR. CARLOS G. MALBRAN,MONUMENTOS Y LUGARES HISTORICOS,,patrimonio_feria,False,4,BARRACAS,"BLANDENGUES 1250, CABA",-34.649,-58.38982,,0.0,,2,1063.0,False
2438,LEGISLATURA PORTENA,MONUMENTOS Y LUGARES HISTORICOS,,patrimonio_feria,False,1,MONSERRAT,"PERU 160, CABA",-34.6095406,-58.3748102,,0.0,,1,78.0,True
2439,LIBRERIA DE AVILA,MONUMENTOS Y LUGARES HISTORICOS,,patrimonio_feria,False,1,MONSERRAT,"BOLIVAR 213, CABA",-34.61054,-58.37343,,0.0,,1,4.0,True
2440,LUCIO V. LOPEZ,MONUMENTOS Y LUGARES HISTORICOS,,patrimonio_feria,False,2,RECOLETA,"JUNIN 1850, CABA",-34.58752,-58.39343,,0.0,,1,119.0,True
2441,LUIS VERNET,MONUMENTOS Y LUGARES HISTORICOS,,patrimonio_feria,False,2,RECOLETA,"JUNIN 1850, CABA",-34.58752,-58.39343,,0.0,,1,119.0,True
2442,LUNA PARK,MONUMENTOS Y LUGARES HISTORICOS,,patrimonio_feria,False,1,SAN NICOLAS,"BOUCHARD 465, CABA",-34.6023447,-58.3690244,2.0,13200.0,,1,15.0,True
2443,MAGNOLIAS DEL PROTOMEDICATO,MONUMENTOS Y LUGARES HISTORICOS,,patrimonio_feria,False,1,SAN TELMO,"HUMBERTO 1 342, CABA",-34.62066,-58.37058,,0.0,,1,207.0,False
2445,MARCOS AVELLANEDA,MONUMENTOS Y LUGARES HISTORICOS,,patrimonio_feria,False,2,RECOLETA,"JUNIN 1850, CABA",-34.58752,-58.39343,,0.0,,1,119.0,True
2446,MARCOS BALCARCE,MONUMENTOS Y LUGARES HISTORICOS,,patrimonio_feria,False,2,RECOLETA,"JUNIN 1850, CABA",-34.58752,-58.39343,,0.0,,1,119.0,True
2447,MARCOS PAZ,MONUMENTOS Y LUGARES HISTORICOS,,patrimonio_feria,False,2,RECOLETA,"JUNIN 1850, CABA",-34.58752,-58.39343,,0.0,,1,119.0,True
2448,MARIA SANCHEZ DE MENDEVILLE,MONUMENTOS Y LUGARES HISTORICOS,,patrimonio_feria,False,2,RECOLETA,"JUNIN 1850, CABA",-34.58752,-58.39343,,0.0,,1,119.0,True
2449,MARIANO MORENO,MONUMENTOS Y LUGARES HISTORICOS,,patrimonio_feria,False,2,RECOLETA,"JUNIN 1850, CABA",-34.58752,-58.39343,,0.0,,1,119.0,True
2450,MARTIN RODRIGUEZ,MONUMENTOS Y LUGARES HISTORICOS,,patrimonio_feria,False,2,RECOLETA,"JUNIN 1850, CABA",-34.58752,-58.39343,,0.0,,1,119.0,True
2451,MARTINIANO LEGUIZAMON,MONUMENTOS Y LUGARES HISTORICOS,,patrimonio_feria,False,2,RECOLETA,"JUNIN 1850, CABA",-34.58752,-58.39343,,0.0,,1,119.0,True
2452,MERCADO DE SAN TELMO,MONUMENTOS Y LUGARES HISTORICOS,,patrimonio_feria,False,1,SAN TELMO,"BOLIVAR 950, CABA",-34.61903,-58.37295,,0.0,,1,14.0,True
2453,MIGUEL DE AZCUENAGA,MONUMENTOS Y LUGARES HISTORICOS,,patrimonio_feria,False,2,RECOLETA,"JUNIN 1850, CABA",-34.58752,-58.39343,,0.0,,1,119.0,True
2456,MURAL EJERCICIO PLASTICO DE DAVID A. SIQUEIROS,MONUMENTOS Y LUGARES HISTORICOS,,patrimonio_feria,False,1,MONSERRAT,"BALCARCE 50, CABA",-34.60856,-58.37015,,0.0,,1,125.0,True
2457,MUSEO MITRE,MONUMENTOS Y LUGARES HISTORICOS,,patrimonio_feria,False,1,SAN NICOLAS,"SAN MARTIN 336, CABA",-34.6040719,-58.3738478,,0.0,,1,7.0,True
2458,MUSEO NACIONAL DE ARTE DECORATIVO,MONUMENTOS Y LUGARES HISTORICOS,,patrimonio_feria,False,14,PALERMO,"SANCHEZ DE BUSTAMANTE 2700, CABA",-34.58203,-58.40151,,0.0,,1,3.0,True
2459,NICOLAS AVELLANEDA,MONUMENTOS Y LUGARES HISTORICOS,,patrimonio_feria,False,2,RECOLETA,"JUNIN 1850, CABA",-34.58752,-58.39343,,0.0,,1,119.0,True
2460,NICOLAS RODRIGUEZ PENA,MONUMENTOS Y LUGARES HISTORICOS,,patrimonio_feria,False,2,RECOLETA,"JUNIN 1850, CABA",-34.58752,-58.39343,,0.0,,1,119.0,True
2461,NUNCIATURA APOSTOLICA,MONUMENTOS Y LUGARES HISTORICOS,,patrimonio_feria,False,2,RECOLETA,"ALVEAR 1601, CABA",-34.58975,-58.38596,,0.0,,1,4.0,True
2462,OBISPO MANUEL AZAMOR Y RAMIREZ,MONUMENTOS Y LUGARES HISTORICOS,,patrimonio_feria,False,1,SAN NICOLAS,"SAN MARTIN 27, CABA",-34.60763,-58.3732,,0.0,,1,36.0,True
2463,OBSERVATORIO NAVAL BUENOS AIRES,MONUMENTOS Y LUGARES HISTORICOS,,patrimonio_feria,False,4,BOCA,"ESPANA AV. 1900, CABA",-34.6239,-58.34907,,0.0,,1,955.0,False
2464,OLEGARIO ANDRADE,MONUMENTOS Y LUGARES HISTORICOS,,patrimonio_feria,False,2,RECOLETA,"JUNIN 1850, CABA",-34.58752,-58.39343,,0.0,,1,119.0,True
2466,PALACE HOTEL,MONUMENTOS Y LUGARES HISTORICOS,,patrimonio_feria,False,1,SAN NICOLAS,"MORENO 350, CABA",-34.60528,-58.37083,,0.0,,1,116.0,True
2467,PALACIO BAROLO,MONUMENTOS Y LUGARES HISTORICOS,,patrimonio_feria,False,1,MONSERRAT,"DE MAYO AV. 1368, CABA",-34.6094,-58.38576,,0.0,,1,184.0,False
2469,PALACIO DE JUSTICIA,MONUMENTOS Y LUGARES HISTORICOS,,patrimonio_feria,False,1,SAN NICOLAS,"TALCAHUANO 546, CABA",-34.60217,-58.38527,,0.0,,1,65.0,True
2470,PALACIO SAN MARTIN - EX PALACIO ANCHORENA,MONUMENTOS Y LUGARES HISTORICOS,,patrimonio_feria,False,1,RETIRO,"BASAVILBASO 1216, CABA",-34.59391,-58.37758,,0.0,,1,23.0,True
2471,PALACIO SARMIENTO - MINISTERIO DE EDUCACION,MONUMENTOS Y LUGARES HISTORICOS,,patrimonio_feria,False,2,RECOLETA,"PIZZURNO 942, CABA",-34.598,-58.39123,,0.0,,1,88.0,True
2472,PALAIS DE GLACE,MONUMENTOS Y LUGARES HISTORICOS,,patrimonio_feria,False,2,RECOLETA,"POSADAS 1725, CABA",-34.5858956,-58.3897671,,0.0,,1,97.0,True
2479,PARQUE GENERAL LAS HERAS,MONUMENTOS Y LUGARES HISTORICOS,,patrimonio_feria,False,14,PALERMO,"LAS HERAS GENERAL AV. 3105, CABA",-34.58345,-58.40536,,0.0,,1,67.0,True
2480,PEDRO ALCANTARA DE SOMELLERA,MONUMENTOS Y LUGARES HISTORICOS,,patrimonio_feria,False,2,RECOLETA,"JUNIN 1850, CABA",-34.58752,-58.39343,,0.0,,1,119.0,True
2481,PEDRO BENOIT,MONUMENTOS Y LUGARES HISTORICOS,,patrimonio_feria,False,2,RECOLETA,"JUNIN 1850, CABA",-34.58752,-58.39343,,0.0,,1,119.0,True
2482,PERISTILOS DE LOS CEMENTERIOS DE LA RECOLETA. CHACARITA Y FLORES,MONUMENTOS Y LUGARES HISTORICOS,,patrimonio_feria,False,2,RECOLETA,"JUAN JOSE VIAMONTE, CABA",-34.5875,-58.39222,,0.0,,1,207.0,False
2483,PIRAMIDE DE MAYO,MONUMENTOS Y LUGARES HISTORICOS,,patrimonio_feria,False,1,MONSERRAT,"RIVADAVIA AV. 401, CABA",-34.60833,-58.37222,,0.0,,1,119.0,True
2484,PLAZA DE LA MEMORIA,MONUMENTOS Y LUGARES HISTORICOS,,patrimonio_feria,False,1,RETIRO,"ARROYO 901, CABA",-34.59139,-58.38028,,0.0,,1,13.0,True
2485,PLAZA DE MAYO,MONUMENTOS Y LUGARES HISTORICOS,,patrimonio_feria,False,1,MONSERRAT,"RIVADAVIA AV. 391, CABA",-34.60833,-58.37194,,0.0,,1,144.0,True
2486,PLAZA DEL CONGRESO. PLAZA LOREA Y PLAZA MARIANO MORENO,MONUMENTOS Y LUGARES HISTORICOS,,patrimonio_feria,False,1,MONSERRAT,"RIVADAVIA AV., CABA",-34.60972,-58.39056,,0.0,,1,132.0,True
2487,PLAZA DORREGO,MONUMENTOS Y LUGARES HISTORICOS,,patrimonio_feria,False,1,SAN TELMO,"DEFENSA y HUMBERTO 1, CABA",-34.62067,-58.37143,,0.0,,1,130.0,True
2488,PLAZA JARDIN DE LOS MAESTROS,MONUMENTOS Y LUGARES HISTORICOS,,patrimonio_feria,False,2,RECOLETA,"PIZZURNO 938, CABA",-34.59806,-58.39139,,0.0,,1,94.0,True
2489,PLAZA RODRIGUEZ PENA,MONUMENTOS Y LUGARES HISTORICOS,,patrimonio_feria,False,2,RECOLETA,"CALLAO AV. 941, CABA",-34.59806,-58.3925,,0.0,,1,93.0,True
2490,PLAZA SAN MARTIN,MONUMENTOS Y LUGARES HISTORICOS,,patrimonio_feria,False,1,RETIRO,"FLORIDA y SAN MARTIN, CABA",-34.59472,-58.37556,,0.0,,1,112.0,True
2491,PLAZOLETA PETRONILA RODRIGUEZ,MONUMENTOS Y LUGARES HISTORICOS,,patrimonio_feria,False,2,RECOLETA,"RODRIGUEZ PENA 875, CABA",-34.59889,-58.39139,,0.0,,1,74.0,True
2493,PREDIO DEL YACHT CLUB ARGENTINO,MONUMENTOS Y LUGARES HISTORICOS,,patrimonio_feria,False,1,RETIRO,"CECILIA GRIERSON, CABA",-34.59556,-58.36417,,0.0,,1,428.0,False
2494,PRIMER ARSENAL DE GUERRA. CASA DE ESTEBAN DE LUCA,MONUMENTOS Y LUGARES HISTORICOS,,patrimonio_feria,False,1,SAN TELMO,"CALVO. CARLOS 388, CABA",-34.61951,-58.37129,,0.0,,1,151.0,False
2495,PROCURADURIA JESUITICA,MONUMENTOS Y LUGARES HISTORICOS,,patrimonio_feria,False,1,MONSERRAT,"PERU 205, CABA",-34.6107,-58.37483,,0.0,,1,40.0,True
2497,REGIMIENTO DE INFANTERIA 1 PATRICIOS,MONUMENTOS Y LUGARES HISTORICOS,,patrimonio_feria,False,14,PALERMO,"SANTA FE AV. 4744, CABA",-34.57727,-58.42681,,0.0,,14,39.0,True
2511,REMEDIOS DE ESCALADA,MONUMENTOS Y LUGARES HISTORICOS,,patrimonio_feria,False,2,RECOLETA,"JUNIN 1850, CABA",-34.58752,-58.39343,,0.0,,1,119.0,True
2512,RESIDENCIA DEL EMBAJADOR DEL REINO UNIDO,MONUMENTOS Y LUGARES HISTORICOS,,patrimonio_feria,False,2,RECOLETA,"NEWTON 2501, CABA",-34.58529,-58.39572,,0.0,,1,188.0,False
2513,RESIDENCIA DUHAU,MONUMENTOS Y LUGARES HISTORICOS,,patrimonio_feria,False,2,RECOLETA,"ALVEAR 1661, CABA",-34.58937,-58.38654,,0.0,,1,72.0,True
2514,RESIDENCIA MAGUIRE,MONUMENTOS Y LUGARES HISTORICOS,,patrimonio_feria,False,2,RECOLETA,"ALVEAR 1691, CABA",-34.58918,-58.38683,,0.0,,1,105.0,True
2515,RESIDENCIAS ALZAGA UNZUE,MONUMENTOS Y LUGARES HISTORICOS,,patrimonio_feria,False,1,RETIRO,"ALVEAR 1358, CABA",-34.59139,-58.38389,,0.0,,1,257.0,False
2516,RESIDENCIAS JESUITICAS,MONUMENTOS Y LUGARES HISTORICOS,,patrimonio_feria,False,1,SAN TELMO,"HUMBERTO 1 629, CABA",-34.62070954,-58.37475538,,0.0,,1,173.0,False
2517,RICARDO GUTIERREZ,MONUMENTOS Y LUGARES HISTORICOS,,patrimonio_feria,False,2,RECOLETA,"JUNIN 1850, CABA",-34.58752,-58.39343,,0.0,,1,119.0,True
2518,ROQUE SAENZ PENA,MONUMENTOS Y LUGARES HISTORICOS,,patrimonio_feria,False,2,RECOLETA,"JUNIN 1850, CABA",-34.58752,-58.39343,,0.0,,1,119.0,True
2519,SALA DE SESIONES DE LA ANTIGUA JUNTA DE REPRESENTANTES DE LA PROVINCIA DE BUENOS AIRES,MONUMENTOS Y LUGARES HISTORICOS,,patrimonio_feria,False,4,BARRACAS,"MONTES DE OCA. MANUEL AV. 1039, CABA",-34.6391945,-58.3743331,,0.0,,1,143.0,True
2520,SALVADOR MARIA DEL CARRIL,MONUMENTOS Y LUGARES HISTORICOS,,patrimonio_feria,False,2,RECOLETA,"JUNIN 1850, CABA",-34.58752,-58.39343,,0.0,,1,119.0,True
2521,SANTA CASA DE EJERCICIOS ESPIRITUALES,MONUMENTOS Y LUGARES HISTORICOS,,patrimonio_feria,False,1,CONSTITUCION,"INDEPENDENCIA AV. 1195, CABA",-34.61774,-58.38285,,0.0,,1,135.0,True
2523,SINAGOGA DE LA CONGREGACION ISRAELITA ARGENTINA,MONUMENTOS Y LUGARES HISTORICOS,,patrimonio_feria,False,1,SAN NICOLAS,"LIBERTAD 767, CABA",-34.59963,-58.38395,,0.0,,1,53.0,True
2524,SOLAR DONDE VIVIO Y MURIO EL ALTE. GUILLERMO BROWN,MONUMENTOS Y LUGARES HISTORICOS,,patrimonio_feria,False,4,BARRACAS,"GARCIA. MARTIN AV. 593, CABA",-34.63144,-58.37252,,0.0,,1,101.0,True
2525,SUBTES,MONUMENTOS Y LUGARES HISTORICOS,,patrimonio_feria,False,1,MONSERRAT,"DE MAYO AV. 592, CABA",-34.60861,-58.37472,,0.0,,1,111.0,True
2526,TEATRO COLON,MONUMENTOS Y LUGARES HISTORICOS,,patrimonio_feria,False,1,SAN NICOLAS,"LIBERTAD 621, CABA",-34.6012006,-58.3839023,,0.0,,1,28.0,True
2527,TEATRO LICEO,MONUMENTOS Y LUGARES HISTORICOS,,patrimonio_feria,False,1,SAN NICOLAS,"PARANA 23, CABA",-34.60861,-58.3875,,0.0,,1,156.0,False
2528,TEATRO MAIPO,MONUMENTOS Y LUGARES HISTORICOS,,patrimonio_feria,False,1,SAN NICOLAS,"ESMERALDA 443, CABA",-34.6030561,-58.378059,2.0,855.0,,1,48.0,True
2529,TEATRO NACIONAL CERVANTES,MONUMENTOS Y LUGARES HISTORICOS,,patrimonio_feria,False,1,RETIRO,"LIBERTAD 815, CABA",-34.5988379,-58.3840118,,0.0,,1,36.0,True
2530,TEMPLO DE SAN FRANCISCO,MONUMENTOS Y LUGARES HISTORICOS,,patrimonio_feria,False,1,MONSERRAT,"DEFENSA 601, CABA",-34.61493,-58.37178,,0.0,,1,128.0,True
2531,TEMPLO DE SAN IGNACIO,MONUMENTOS Y LUGARES HISTORICOS,,patrimonio_feria,False,1,MONSERRAT,"BOLIVAR 225, CABA",-34.61063,-58.37346,,0.0,,1,14.0,True
2532,TEMPLO DE SAN TELMO,MONUMENTOS Y LUGARES HISTORICOS,,patrimonio_feria,False,1,SAN TELMO,"HUMBERTO 1 378, CABA",-34.62073118,-58.37073971,,0.0,,1,192.0,False
2533,TERCERA ORDEN FRANCISCANA SEGLAR,MONUMENTOS Y LUGARES HISTORICOS,,patrimonio_feria,False,1,MONSERRAT,"ALSINA. ADOLFO 338, CABA",-34.61,-58.37124,,0.0,,1,11.0,True
2535,TTE. GRAL. DONATO ALVAREZ,MONUMENTOS Y LUGARES HISTORICOS,,patrimonio_feria,False,2,RECOLETA,"JUAN JOSE VIAMONTE, CABA",-34.5875,-58.39222,,0.0,,1,207.0,False
2536,TTE. GRAL. EDUARDO LONARDI,MONUMENTOS Y LUGARES HISTORICOS,,patrimonio_feria,False,2,RECOLETA,"JUNIN 1850, CABA",-34.58752,-58.39343,,0.0,,1,119.0,True
2537,TTE.CNEL.DE MARINA ERASMO OBLIGADO,MONUMENTOS Y LUGARES HISTORICOS,,patrimonio_feria,False,2,RECOLETA,"JUNIN 1850, CABA",-34.58752,-58.39343,,0.0,,1,119.0,True
2538,USINA PEDRO DE MENDOZA DE LA COMPANIA EX ITALO ARGENTINA DE ELECTRICIDAD DE BUENOS AIRES,MONUMENTOS Y LUGARES HISTORICOS,,patrimonio_feria,False,4,BOCA,"CAFFARENA. AGUSTIN R. 1, CABA",-34.62861,-58.35667,,0.0,,1,168.0,False
2539,VALENTIN ALSINA,MONUMENTOS Y LUGARES HISTORICOS,,patrimonio_feria,False,2,RECOLETA,"JUNIN 1850, CABA",-34.58752,-58.39343,,0.0,,1,119.0,True
2540,VICENTE FIDEL LOPEZ,MONUMENTOS Y LUGARES HISTORICOS,,patrimonio_feria,False,2,RECOLETA,"JUNIN 1850, CABA",-34.58752,-58.39343,,0.0,,1,119.0,True
2541,VICENTE LOPEZ Y PLANES,MONUMENTOS Y LUGARES HISTORICOS,,patrimonio_feria,False,2,RECOLETA,"JUNIN 1850, CABA",-34.58752,-58.39343,,0.0,,1,119.0,True
2543,YACHT CLUB ARGENTINO,MONUMENTOS Y LUGARES HISTORICOS,,patrimonio_feria,False,1,RETIRO,"CECILIA GRIERSON, CABA",-34.59556,-58.36417,,0.0,,1,428.0,False
2544,YACIMIENTOS PETROLIFEROS FISCALES,MONUMENTOS Y LUGARES HISTORICOS,,patrimonio_feria,False,1,SAN NICOLAS,"SAENZ PENA. ROQUE. PRES. DIAGONAL NORTE AV. 785, CABA",-34.60583,-58.3775,,0.0,,1,124.0,True
2545,ACADEMIA NACIONAL DE LA HISTORIA DE LA REPUBLICA ARGENTINA,MUSEO,,exhibicion,True,1,MONSERRAT,"BALCARCE 139, CABA",-34.609847,-58.370747,,0.0,WWW.AN-HISTORIA.ORG.AR,1,25.0,True
2546,ACADEMIA NACIONAL DEL TANGO,MUSEO,,exhibicion,True,1,SAN NICOLAS,"RIVADAVIA AV. 833, CABA",-34.608208,-58.378256,,0.0,,1,88.0,True
2547,BANCO DE LA PROVINCIA DE BUENOS AIRES,MUSEO,,exhibicion,True,1,SAN NICOLAS,"SARMIENTO 362, CABA",-34.604348,-58.371935,,0.0,WWW.BAPRO.COM.AR/MUSEO/INDEX,1,5.0,True
2548,BUQUE MUSEO ARA CORBETA URUGUAY,MUSEO,,exhibicion,True,1,PUERTO MADERO,"MOREAU DE JUSTO, ALICIA AV. 500, CABA",-34.603408,-58.367085,,0.0,HTTP://WWW.ARA.MIL.AR/PAG.ASP?IDITEM=3,1,10.0,True
2549,BUQUE MUSEO FRAGATA ARA PRESIDENTE SARMIENTO,MUSEO,,exhibicion,True,1,PUERTO MADERO,"MOREAU DE JUSTO, ALICIA AV. 980, CABA",-34.609377,-58.3664,,0.0,HTTP://WWW.ARA.MIL.AR/PAG.ASP?IDITEM=2,1,12.0,True
2550,CASA DEL HISTORIADOR -ESTRADA,MUSEO,,exhibicion,True,1,MONSERRAT,"BOLIVAR 466, CABA",-34.613283,-58.373245,,0.0,,1,7.0,True
2551,CASA MUSEO BERNARDO HOUSSAY,MUSEO,,exhibicion,True,3,BALVANERA,"VIAMONTE 2790, CABA",-34.600843,-58.405508,,0.0,,1,102.0,True
2552,CASA MUSEO FERNANDEZ BLANCO,MUSEO,,exhibicion,True,1,MONSERRAT,"YRIGOYEN, HIPOLITO 1420, CABA",-34.610006,-58.386545,,0.0,HTTP://WWW.MUSEOFERNANDEZBLANCO.BUENOSAIRES.GOV.AR,1,123.0,True
2553,CASA VIRREY LINIERS,MUSEO,,exhibicion,True,1,MONSERRAT,"REPUBLICA BOLIVARIANA DE VENEZUELA 496, CABA",-34.613733,-58.373059,,0.0,,1,18.0,True
2555,COLECCION DE ARTE AMALIA LACROZE DE FORTABAT,MUSEO,,exhibicion,True,1,PUERTO MADERO,"COSSETTINI, OLGA 141, CABA",-34.60027,-58.364738,,0.0,WWW.COLECCIONFORTABAT.ORG.AR,1,249.0,False
2556,COMPLEJO DE MUSEOS DEL INSTITUTO FELIX BERNASCONI,MUSEO,,exhibicion,True,4,PARQUE PATRICIOS,"CASTILLO, CATULO 2750, CABA",-34.633454,-58.402298,,0.0,WWW.MUSEOBERNASCONI.BLOGSPOT.COM,1,189.0,False
2557,DEL PILAR - CLAUSTROS HISTORICOS,MUSEO,,exhibicion,True,2,RECOLETA,"JUNIN 1904, CABA",-34.586916,-58.391776,,0.0,WWW.BASILICADELPILAR.ORG.AR,1,203.0,False
2558,ESPACIO LEZAMA ARTE,MUSEO,,exhibicion,True,4,BOCA,"GARCIA, MARTIN AV. 346, CABA",-34.628911,-58.36994,,0.0,https://www.buenosaires.gob.ar/planeamiento/espacio-lezama-arte,1,10.0,True
2559,FACULTAD DE INGENIERIA,MUSEO,,exhibicion,True,2,RECOLETA,"LAS HERAS GENERAL AV. 2214, CABA",-34.588399,-58.396198,,0.0,,1,35.0,True
2560,FOLA FOTOTECA LATINOAMERICANA,MUSEO,,exhibicion,True,14,PALERMO,"GODOY CRUZ 2620, CABA",-34.579524,-58.426018,,,,1,2.0,True
2561,FUNDACION CULTURAL VOLPE STESSENS / FOTOGRAFIA FERNANDO PAILLET / MUSEO DE HUMOR GRAFICO,MUSEO,,exhibicion,True,4,PARQUE PATRICIOS,"CASEROS AV. 2739, CABA",-34.636226,-58.401077,,0.0,WWW.VOLPESTESSENS.ORG.AR,1,128.0,True
2562,FUNDACION NICOLAS GARCIA URIBURU (MUSEO DE ARTE PRECOLOMBINO),MUSEO,,exhibicion,True,2,RECOLETA,"BOLLINI 2260, CABA",-34.586322,-58.403182,,0.0,WWW.FUNDACIONGU.ORG.AR,1,201.0,False
2563,INSTITUTO DE INVESTIGACIONES HISTORICAS DE LAS MANZANAS DE LAS LUCES,MUSEO,,exhibicion,True,1,MONSERRAT,"PERU 272, CABA",-34.6109,-58.374793,,0.0,HTTP://WWW.MANZANADELASLUCES.ORG.AR/LINKS.PHP,1,62.0,True
2564,INSTITUTO ESPACIO PARA LA MEMORIA,MUSEO,,exhibicion,True,1,MONSERRAT,"SAENZ PENA, LUIS, PRES. 457, CABA",-34.614149,-58.387556,,0.0,WWW.INSTITUTOMEMORIA.ORG.AR,1,128.0,True
2565,INSTITUTO NACIONAL DE ESTUDIOS DE TEATRO,MUSEO,,exhibicion,True,1,RETIRO,"SANTA FE AV. 1243, CABA",-34.595546,-58.384949,,0.0,WWW.INTEATRO.GOV.AR,1,118.0,True
2566,LABORATORIOS E INSTITUTOS DE SALUD DR. CARLOS G. MALBRAN,MUSEO,,exhibicion,True,4,BARRACAS,"VELEZ SARSFIELD AV. 563, CABA",-34.641842,-58.389866,,0.0,WWW.ANLIS.GOV.AR,1,577.0,False
2567,MAGUNCIA,MUSEO,,exhibicion,True,4,BOCA,"DON PEDRO DE MENDOZA AV. 1855, CABA",-34.63914,-58.361099,,0.0,,1,74.0,True
2568,MALBA,MUSEO,,exhibicion,True,14,PALERMO,"FIGUEROA ALCORTA, PRES. AV. 3415, CABA",-34.577246,-58.40377,,0.0,WWW.MALBA.ORG.AR,1,315.0,False
2570,MARIA ANTONIA DE SAN JOSE MUSEO DE ARTE SACRO,MUSEO,,exhibicion,True,1,SAN TELMO,"INDEPENDENCIA AV. 90, CABA",-34.616997,-58.367218,,0.0,,1,21.0,True
2571,"MUSEO ""BERNARDO A. HOUSSAY"" DE HISTORIA DE LA CIENCIA Y LA TECNOLOGIA",MUSEO,,exhibicion,True,2,RECOLETA,"PARAGUAY 2155, CABA",-34.598418,-58.398263,,0.0,,1,72.0,True
2574,MUSEO AL AIRE LIBRE DE ARTISTAS PLASTICOS DE CAMINITO,MUSEO,,exhibicion,True,4,BOCA,"CAMINITO, CABA, CABA",-34.6390915,-58.3632399,,0.0,,1,1.0,True
2576,MUSEO ANTARTICO GENERAL DE DIVISION HERNAN PUJATO,MUSEO,,exhibicion,True,1,SAN TELMO,"PASEO COLON AV. 1407, CABA",-34.624424,-58.368158,,0.0,,1,17.0,True
2579,MUSEO ARGENTINO DEL TITERE,MUSEO,,exhibicion,True,1,CONSTITUCION,"PIEDRAS 905, CABA",-34.618611,-58.377346,1.0,70.0,WWW.MUSEODELTITEREBSAS.WIXSITE.COM,1,126.0,True
2581,MUSEO BORGES,MUSEO,,exhibicion,True,2,RECOLETA,"ANCHORENA, TOMAS MANUEL DE, DR. 1660, CABA",-34.591269,-58.402826,,0.0,http://www.fundacionborges.com.ar/index.php/museum,1,29.0,True
2582,MUSEO CARLOS VEGA DEL INSTITUTO NACIONAL DE MUSEOLOGIA,MUSEO,,exhibicion,True,1,MONSERRAT,"MEXICO 546, CABA",-34.614924,-58.373952,,0.0,,1,70.0,True
2583,MUSEO CASA CARLOS GARDEL,MUSEO,,exhibicion,True,3,BALVANERA,"JAURES, JEAN 735, CABA",-34.601642,-58.407923,,0.0,HTTP://WWW.BUENOSAIRES.GOB.AR/MUSEOCASACARLOSGARDEL,1,56.0,True
2584,MUSEO CASA DE ALFREDO PALACIOS,MUSEO,,exhibicion,True,14,PALERMO,"CHARCAS 4741, CABA",-34.581061,-58.42654,,0.0,,1,61.0,True
2585,MUSEO CASA DE LA MONEDA. SOCIEDAD DEL ESTADO.,MUSEO,,exhibicion,True,1,RETIRO,"ANTARTIDA ARGENTINA AV., CABA, CABA",-34.5810052,-58.3742525,,0.0,WWW.CAMOAR.GOV.AR,1,364.0,False
2586,MUSEO CASA DE RICARDO ROJAS,MUSEO,,exhibicion,True,2,RECOLETA,"CHARCAS 2837, CABA",-34.593982,-58.406428,,0.0,HTTPS://MUSEOROJAS.CULTURA.GOB.AR/,1,154.0,False
2587,MUSEO CASA ROSADA,MUSEO,,exhibicion,True,1,MONSERRAT,"PASEO COLON AV. 100, CABA",-34.609137,-58.369494,,0.0,,1,38.0,True
2588,MUSEO CASA TALLER CELIA CHEVALIER,MUSEO,,exhibicion,True,4,BOCA,"IRALA 62, CABA",-34.629095,-58.368933,,0.0,,1,7.0,True
2590,MUSEO CIUDAD,MUSEO,,exhibicion,True,1,MONSERRAT,"DEFENSA 219, CABA",-34.610448,-58.37208,,0.0,HTTP://WWW.BUENOSAIRES.GOB.AR/MUSEODELACIUDAD,1,34.0,True
2592,MUSEO CONVENTILLO EL RINCON DE LUCIA,MUSEO,,exhibicion,True,4,BOCA,"VALLE IBERLUCEA DEL, DR. 1196, CABA",-34.638476,-58.362308,,0.0,,1,24.0,True
2594,MUSEO DE ANATOMIA JJ NAON,MUSEO,,exhibicion,True,2,RECOLETA,"PARAGUAY 2155, CABA",-34.59842,-58.39826,,0.0,WWW.FMED.UBA.AR/DEPTO/PATOLOGIA/MUSEODEPATOLOG%C3%ADA.HTM,1,72.0,True
2595,"MUSEO DE ARMAS DE LA NACION ""TENIENTE GENERAL PABLO RICCHIERI""",MUSEO,,exhibicion,True,1,RETIRO,"SANTA FE AV. 702, CABA",-34.595558,-58.377332,,0.0,HTTP://MUSEODEARMAS.COM.AR/,1,82.0,True
2596,MUSEO DE ARQUITECTURA Y DISENO JULIO KESELMAN MARQ,MUSEO,,exhibicion,True,2,RECOLETA,"DEL LIBERTADOR AV. 999, CABA",-34.58658,-58.385833,,0.0,HTTP://SOCEARQ.ORG/2.0/MARQ/,1,2.0,True
2597,MUSEO DE ARTE CONTEMPORANEO BUENOS AIRES,MUSEO,,exhibicion,True,1,SAN TELMO,"SAN JUAN AV. 328, CABA",-34.621867,-58.370225,,0.0,WWW.MACBA.COM.AR,1,175.0,False
2598,MUSEO DE ARTE CONTEMPORANEO DE LA BOCA,MUSEO,,exhibicion,True,4,BOCA,"BROWN, ALTE. AV. 1031, CABA",-34.633963,-58.359778,,,,1,146.0,True
2600,MUSEO DE ARTE HISPANOAMERICANO ISAAC FERNANDEZ BLANCO,MUSEO,,exhibicion,True,1,RETIRO,"SUIPACHA 1422, CABA",-34.590901,-58.379932,,0.0,HTTP://WWW.MUSEOFERNANDEZBLANCO.BUENOSAIRES.GOV.AR,1,5.0,True
2601,MUSEO DE ARTE MODERNO DE BUENOS AIRES - MAMBA,MUSEO,,exhibicion,True,1,SAN TELMO,"SAN JUAN AV. 350, CABA",-34.621892,-58.370727,,0.0,HTTP://WWW.BUENOSAIRES.GOB.AR/MUSEOARTEMODERNO,1,189.0,False
2602,MUSEO DE ARTE POPULAR JOSE HERNANDEZ,MUSEO,,exhibicion,True,14,PALERMO,"DEL LIBERTADOR AV. 2373, CABA",-34.579834,-58.405196,,0.0,HTTP://WWW.BUENOSAIRES.GOB.AR/MUSEOJOSEHERNANDEZ,1,20.0,True
2603,"MUSEO DE BELLAS DE LA BOCA DE ARTISTAS ARGENTINOS ""BENITO QUINQUELA MARTIN""",MUSEO,,exhibicion,True,4,BOCA,"DON PEDRO DE MENDOZA AV. 1835, CABA",-34.63908,-58.360936,,0.0,HTTP://WWW.BUENOSAIRES.GOB.AR/MUSEOQUINQUELAMARTIN,1,58.0,True
2604,MUSEO DE BOMBEROS VOLUNTARIOS DE LA BOCA,MUSEO,,exhibicion,True,4,BOCA,"BRANDSEN 567, CABA",-34.635468,-58.361888,,0.0,WWW.BOMBEROSDELABOCA.ORG.AR,1,101.0,True
2605,"MUSEO DE CALCOS Y ESCULTURA COMPARADA ""ERNESTO DE LA CARCOVA""",MUSEO,,exhibicion,True,1,PUERTO MADERO,"ESPANA AV. 1701, CABA",-34.618044,-58.356544,,0.0,,1,15.0,True
2607,"MUSEO DE FARMACO BOTANICA ""JUAN A. DOMINGUEZ""",MUSEO,,exhibicion,True,2,RECOLETA,"JUNIN 956, CABA",-34.597823,-58.397457,,0.0,,1,65.0,True
2608,MUSEO DE INFORMATICA. COMPUTADORAS Y ACCESORIOS INFORMATICOS,MUSEO,,exhibicion,True,1,RETIRO,"ALVEAR, MARCELO T. DE 740, CABA",-34.596346,-58.377616,,0.0,WWW.MUSEODEINFORMATICA.ORG.AR,1,7.0,True
2609,MUSEO DE LA ADMINISTRACION FEDERAL DE INGRESOS PUBLICOS (AFIP),MUSEO,,exhibicion,True,1,MONSERRAT,"YRIGOYEN, HIPOLITO AV. 370, CABA",-34.608971,-58.371495,,0.0,WWW.AFIP.GOV.AR/INSTITUCIONAL/MUSEO,1,127.0,True
2612,MUSEO DE LA BALANZA BERNARDO FERNANDEZ DE DIOS,MUSEO,,exhibicion,True,4,BARRACAS,"CALIFORNIA 2000, CABA",-34.647656,-58.376585,,0.0,WWW.FACEBOOK.COM/PAGES/MUSEO-DE-LA-BALANZA/277981605557473,1,124.0,True
2613,MUSEO DE LA CARICATURA SEVERO VACCARO,MUSEO,,exhibicion,True,1,CONSTITUCION,"LIMA 1037, CABA",-34.620262,-58.381524,,0.0,,1,57.0,True
2614,MUSEO DE LA CIUDAD -FARMACIA LA ESTRELLA,MUSEO,,exhibicion,True,1,MONSERRAT,"ALSINA, ADOLFO 402, CABA",-34.610184,-58.372218,,0.0,,1,5.0,True
2615,MUSEO DE LA CIUDAD CASA DE LOS QUERUBINES,MUSEO,,exhibicion,True,1,MONSERRAT,"DEFENSA 163, CABA",-34.609829,-58.372122,,0.0,,1,36.0,True
2616,MUSEO DE LA CIUDAD-ALTOS DE ELORRIAGA,MUSEO,,exhibicion,True,1,MONSERRAT,"ALSINA, ADOLFO 417, CABA",-34.61013,-58.372304,,0.0,,1,11.0,True
2617,MUSEO DE LA DEUDA EXTERNA ARGENTINA,MUSEO,,exhibicion,True,3,BALVANERA,"URIBURU JOSE E., PRES. 781, CABA",-34.600011,-58.39871,,0.0,https://museodeladeuda.econ.uba.ar/,1,1.0,True
2618,MUSEO DE LA DIPLOMACIA ARGENTINA,MUSEO,,exhibicion,True,1,RETIRO,"ARENALES 761, CABA",-34.594051,-58.378015,,0.0,WWW.MRECIC.GOB.AR,1,10.0,True
2619,MUSEO DE LA EMIGRACION GALLEGA EN LA ARGENTINA M.E.G.A.,MUSEO,,exhibicion,True,1,SAN TELMO,"CHACABUCO 955, CABA",-34.619138,-58.375875,,0.0,WWW.FSGALLEGAS.ORG.AR,1,258.0,False
2621,"MUSEO DE LA FARMACIA ""DRA. ROSA DALESSIO DE CARNEVALE BONINO""",MUSEO,,exhibicion,True,2,RECOLETA,"JUNIN 956, CABA",-34.597823,-58.397457,,0.0,,1,65.0,True
2622,MUSEO DE LA GLORIA AJEDRECISTICA DEL CLUB ARGENTINO DE AJEDREZ,MUSEO,,exhibicion,True,2,RECOLETA,"PARAGUAY 1858, CABA",-34.598711,-58.39396,,0.0,,1,106.0,True
2623,"MUSEO DE LA HISTORIA DE LA MEDICINA ""VICENTE ANIBAL RISOLIA""",MUSEO,,exhibicion,True,2,RECOLETA,"URIBURU JOSE E., PRES. 949, CABA",-34.597741,-58.39892,,0.0,HTTP://WWW.UBA.AR/EXTENSION/CONTENIDOS,1,10.0,True
2624,MUSEO DE LA IGLESIA PARROQUIAL SAN PEDRO GONZALEZ TELMO Y SU CLAUSTRO HISTORICO,MUSEO,,exhibicion,True,1,SAN TELMO,"HUMBERTO 1 340, CABA",-34.6207,-58.370529,,0.0,,1,212.0,False
2625,MUSEO DE LA INMIGRACION Y EX HOTEL DE INMIGRANTES,MUSEO,,exhibicion,True,1,RETIRO,"ANTARTIDA ARGENTINA AV. 1355, CABA",-34.584995,-58.372173,,0.0,WWW.MIGRACIONES.GOV.AR/ACCESIBLE/?MUSEO,1,316.0,False
2627,MUSEO DE LA MUJER,MUSEO,,exhibicion,True,1,SAN NICOLAS,"RIVAROLA, RODOLFO, DR. 147, CABA",-34.607083,-58.385382,,0.0,https://www.museodelamujer.org.ar/,1,79.0,True
2628,MUSEO DE LA PASION BOQUENSE,MUSEO,,exhibicion,True,4,BOCA,"BRANDSEN 805, CABA",-34.636469,-58.36438,,0.0,WWW.MUSEOBOQUENSE.COM,1,210.0,False
2629,MUSEO DE LA POLICIA FEDERAL ARGENTINA,MUSEO,,exhibicion,True,1,SAN NICOLAS,"SAN MARTIN 353, CABA",-34.603799,-58.373791,,0.0,WWW.CPF.ORG.AR/NEW/MUSEO.PHP,1,10.0,True
2630,MUSEO DE LA PSICOLOGIA EXPERIMENTAL EN ARGENTINA aDR. HORACIO G. PIAEROa,MUSEO,,exhibicion,True,3,BALVANERA,"INDEPENDENCIA AV. 3065, CABA",-34.619829,-58.408762,,0.0,WWW.PSI.UBA.AR/INSTITUCIONAL.PHP?VAR=INSTITUCIONAL/HISTORIA/PSICOLOGIA/HISTORIA_DOCUMENTOS/LA,1,136.0,True
2631,MUSEO DE LA SEGURIDAD SOCIAL,MUSEO,,exhibicion,True,1,SAN NICOLAS,"CORDOBA AV. 720, CABA",-34.598912,-58.377157,,0.0,https://www.anses.gob.ar/institucional/museo-de-la-seguridad-social,1,236.0,False
2632,MUSEO DE LA SOCIEDAD ARGENTINA DE ESCRITORES,MUSEO,,exhibicion,True,1,MONSERRAT,"MEXICO 524, CABA",-34.614909,-58.373666,,0.0,,1,44.0,True
2633,MUSEO DE LA TELEVISION PUBLICA,MUSEO,,exhibicion,True,2,RECOLETA,"FIGUEROA ALCORTA, PRES. AV. 2977, CABA",-34.581162,-58.396868,,0.0,,1,12.0,True
2634,MUSEO DE LAS ESCUELAS,MUSEO,,exhibicion,True,1,SAN TELMO,"PASEO COLON AV. 1318, CABA",-34.623066,-58.368048,,0.0,HTTP://MUSEODELASESCUELAS.BLOGSPOT.COM.AR,1,12.0,True
2635,MUSEO DE LOS NINOS ABASTO,MUSEO,,exhibicion,True,3,BALVANERA,"CORRIENTES AV. 3247, CABA",-34.603955,-58.410672,,0.0,HTTP://WWW.MUSEOABASTO.ORG.AR/,1,12.0,True
2636,MUSEO DE LOS PATRICIOS DE BUENOS AYRES - REGIMIENTO DE INFANTERIA N1,MUSEO,,exhibicion,True,14,PALERMO,"BULLRICH, INT. AV. 481, CABA",-34.576522,-58.426151,,0.0,WWW.PATRICIOSMIL.AR,1,19.0,True
2637,MUSEO DE LOS TUNELES SANTA FELICITAS Y TEMPLO ESCONDIDO,MUSEO,,exhibicion,True,4,BARRACAS,"PINZON 1480, CABA",-34.636905,-58.372352,,0.0,http://www.museosantafelicitas.org.ar/,1,375.0,False
2639,MUSEO DE MARCAPASOS Y PRECURSORES DE LA MEDICINA MODERNA,MUSEO,,exhibicion,True,3,BALVANERA,"CATAMARCA 536, CABA",-34.616556,-58.405643,,0.0,,1,100.0,True
2641,MUSEO DE PATOLOGIA DE LA UBA,MUSEO,,exhibicion,True,2,RECOLETA,"URIBURU JOSE E., PRES. 950, CABA",-34.597581,-58.398999,,0.0,https://www.fmed.uba.ar/departamentos_y_catedras/museo-de-patologia/informacion-general,1,5.0,True
2643,MUSEO DEL AGUA Y DE LA HISTORIA SANITARIA,MUSEO,,exhibicion,True,3,BALVANERA,"RIOBAMBA 750, CABA",-34.600277,-58.394304,,0.0,HTTP://WWW.AYSA.COM.AR/INDEX.PHP?ID_CONTENIDO=12&ID_SECCION=0,1,68.0,True
2644,MUSEO DEL AUDIFONO,MUSEO,,exhibicion,True,1,SAN NICOLAS,"PERON, JUAN DOMINGO, TTE. GENERAL 1647, CABA",-34.606637,-58.390057,,0.0,WWW.MUSEODELAUDIFONO.COM.AR,1,4.0,True
2646,MUSEO DEL AUTOMOVIL CLUB ARGENTINO,MUSEO,,exhibicion,True,14,PALERMO,"DEL LIBERTADOR AV. 1850, CABA",-34.582761,-58.399869,,0.0,WWW.ACA.ORG.AR,1,21.0,True
2647,MUSEO DEL BICENTENARIO,MUSEO,,exhibicion,True,1,MONSERRAT,"PASEO COLON AV. 100, CABA",-34.609137,-58.369494,,0.0,HTTP://WWW.CASAROSADA.GOB.AR/LA-CASA-ROSADA/MUSEO,1,38.0,True
2648,MUSEO DEL CINE PABLO DUCROS HICKEN,MUSEO,,exhibicion,True,4,BOCA,"CAFFARENA, AGUSTIN R. 49, CABA",-34.629575,-58.356957,,0.0,HTTP://WWW.BUENOSAIRES.GOB.AR/MUSEODELCINE,1,68.0,True
2649,MUSEO DEL HOLOCAUSTO DE BUENOS AIRES,MUSEO,,exhibicion,True,2,RECOLETA,"MONTEVIDEO 919, CABA",-34.598163,-58.389695,,0.0,WWW.MUSEODELHOLOCAUSTO.ORG.AR,1,7.0,True
2650,MUSEO DEL HOMBRE,MUSEO,,exhibicion,True,14,PALERMO,"3 DE FEBRERO 1370, CABA",-34.56629,-58.44615,,0.0,WWW.INAPL.GOB.AR,1,107.0,True
2651,MUSEO DEL HUMOR,MUSEO,,exhibicion,True,1,PUERTO MADERO,"DE LOS ITALIANOS AV. 851, CABA",-34.607272,-58.360625,,0.0,HTTP://WWW.BUENOSAIRES.GOB.AR/MUSEODELHUMOR,1,550.0,False
2653,MUSEO DEL LIBRO Y DE LA LENGUA,MUSEO,,exhibicion,True,2,RECOLETA,"LAS HERAS GENERAL AV. 2555, CABA",-34.585316,-58.399482,,0.0,https://www.bn.gov.ar/biblioteca/museo,1,285.0,False
2654,MUSEO DEL TRAJE,MUSEO,,exhibicion,True,1,MONSERRAT,"CHILE 832, CABA",-34.616341,-58.377856,,0.0,,2,13.0,True
2656,MUSEO DR. GENARO GIACOBINI,MUSEO,,exhibicion,True,4,PARQUE PATRICIOS,"CASEROS AV. 3087, CABA",-34.637311,-58.407177,,0.0,,1,115.0,True
2658,"MUSEO ETNOGRAFICO ""JUAN BAUTISTA AMBROSETTI""",MUSEO,,exhibicion,True,1,MONSERRAT,"MORENO 350, CABA",-34.611289,-58.371202,,0.0,,1,133.0,True
2660,MUSEO EVITA. INSTITUTO NACIONAL DE INVESTIGACIONES HISTORICAS EVA PERON.,MUSEO,,exhibicion,True,14,PALERMO,"LAFINUR 2988, CABA",-34.580734,-58.414667,,0.0,WWW.MUSEOEVITA.ORG,1,419.0,False
2661,MUSEO FORENSE DE LA MORGUE JUDICIAL,MUSEO,,exhibicion,True,3,BALVANERA,"JUNIN 762, CABA",-34.600355,-58.397196,,0.0,HTTP://WWW.CSJN.GOV.AR/CMFCS/FILES/MUSEO.HTM,1,69.0,True
2663,MUSEO FRANCISCANO JOSE MARIA BOTTARO,MUSEO,,exhibicion,True,1,MONSERRAT,"ALSINA, ADOLFO 380, CABA",-34.610158,-58.371766,,0.0,WWW.COMPLEJOFRANCISCANO.COM.AR,1,3.0,True
2664,MUSEO GEOGRAFICO,MUSEO,,exhibicion,True,4,PARQUE PATRICIOS,"CATAMARCA 2099, CABA",-34.634087,-58.401266,,0.0,,1,110.0,True
2665,MUSEO HERMANO ESTEBAN LA SALLE,MUSEO,,exhibicion,True,3,BALVANERA,"RIOBAMBA 650, CABA",-34.601473,-58.394213,,0.0,WWW.DELASALLE.ESC.EDU.AR,1,66.0,True
2666,MUSEO HISPANOAMERICANO FDEZ BLANCO Y CASA GIRONDO,MUSEO,,exhibicion,True,1,RETIRO,"SUIPACHA 1444, CABA",-34.590599,-58.37975,,0.0,,1,13.0,True
2668,MUSEO HISTORICO DE CERA,MUSEO,,exhibicion,True,4,BOCA,"VALLE IBERLUCEA DEL, DR. 1261, CABA",-34.639184,-58.362002,,0.0,WWW.MUSEODECERA.COM.AR,1,59.0,True
2669,MUSEO HISTORICO DE GENDARMERIA NACIONAL,MUSEO,,exhibicion,True,1,RETIRO,"CASTILLO, RAMON S., PRES. AV. 788, CABA",-34.580741,-58.375033,,0.0,HTTP://WWW.GENDARMERIA.GOV.AR/HISTORIA/MUSEO.HTML,1,347.0,False
2670,MUSEO HISTORICO DE LA HONORABLE CAMARA DE DIPUTADOS,MUSEO,,exhibicion,True,3,BALVANERA,"MITRE, BARTOLOME 2085, CABA",-34.608196,-58.396002,,0.0,,1,119.0,True
2671,MUSEO HISTORICO DEL HOSPITAL RIVADAVIA,MUSEO,,exhibicion,True,2,RECOLETA,"LAS HERAS GENERAL AV. 2670, CABA",-34.584358,-58.400812,,0.0,WWW.MVHBR.COM.AR,1,215.0,False
2672,MUSEO HISTORICO GUILLERMO BERAZATEGUI,MUSEO,,exhibicion,True,2,RECOLETA,"ECUADOR 1158, CABA",-34.596603,-58.404905,,0.0,,1,4.0,True
2674,MUSEO HISTORICO NACIONAL,MUSEO,,exhibicion,True,1,SAN TELMO,"DEFENSA 1600, CABA",-34.626626,-58.370973,,0.0,HTTPS://MUSEOHISTORICONACIONAL.CULTURA.GOB.AR/,1,144.0,True
2675,MUSEO HISTORICO NACIONAL DEL CABILDO Y DE LA REVOLUCION DE MAYO,MUSEO,,exhibicion,True,1,MONSERRAT,"BOLIVAR 65, CABA",-34.608851,-58.373567,,0.0,HTTPS://CABILDONACIONAL.CULTURA.GOB.AR/,1,11.0,True
2679,MUSEO HISTORICO Y DE LAS TRADICIONES POPULARES DE LA BOCA,MUSEO,,exhibicion,True,4,BOCA,"DON PEDRO DE MENDOZA AV. 1727, CABA",-34.63894,-58.359097,,0.0,,1,110.0,True
2680,"MUSEO HISTORICO Y NUMISMATICO DEL BANCO CENTRAL DE LA REPUBLICA ARGENTINA ""DR. JOSE EVARISTO URIBURU""",MUSEO,,exhibicion,True,1,SAN NICOLAS,"SAN MARTIN 216, CABA",-34.605334,-58.373775,,0.0,WWW.BCRA.GOV.AR,1,15.0,True
2683,MUSEO ITINERANTE DE ARTE CONTEMPORANEO DEL MERCOSUR ITIMUSEUM,MUSEO,,exhibicion,True,4,PARQUE PATRICIOS,"CASEROS AV. 2739, CABA",-34.636226,-58.401077,,0.0,http://museoitimuseum.blogspot.com/,1,128.0,True
2684,MUSEO JUDIO DE BUENOS AIRES,MUSEO,,exhibicion,True,1,SAN NICOLAS,"LIBERTAD 769, CABA",-34.599634,-58.383952,,0.0,WWW.MUSEOJUDIO.ORG.AR,1,53.0,True
2689,MUSEO MANOBLANCA,MUSEO,,exhibicion,True,4,NUEVA POMPEYA,"TABARE 1371, CABA",-34.651001,-58.423666,,0.0,,1,613.0,False
2690,MUSEO MARCO LA BOCA,MUSEO,,exhibicion,True,4,BOCA,"BROWN, ALTE. AV. 1301, CABA",-34.636264,-58.35844,,0.0,https://www.museomarco.com.ar/,1,141.0,True
2691,MUSEO MEMORIAS DE SAN JUAN EVANGELISTA,MUSEO,,exhibicion,True,4,BOCA,"OLAVARRIA 486, CABA",-34.636626,-58.359517,,0.0,,1,35.0,True
2692,MUSEO MITRE,MUSEO,,exhibicion,True,1,SAN NICOLAS,"SAN MARTIN 336, CABA",-34.604075,-58.373849,,0.0,HTTP://WWW.MUSEOMITRE.GOB.AR/,1,7.0,True
2694,MUSEO NACIONAL BELLAS ARTES,MUSEO,,exhibicion,True,2,RECOLETA,"DEL LIBERTADOR AV. 1473, CABA",-34.583673,-58.394746,,0.0,HTTP://WWW.BELLASARTES.GOB.AR/,1,12.0,True
2695,MUSEO NACIONAL DE ARTE DECORATIVO,MUSEO,,exhibicion,True,14,PALERMO,"DEL LIBERTADOR AV. 1902, CABA",-34.582442,-58.400859,,0.0,https://museoartedecorativo.cultura.gob.ar/,1,19.0,True
2696,MUSEO NACIONAL DEL GRABADO,MUSEO,,exhibicion,True,2,RECOLETA,"AGUERO 2502, CABA",-34.584762,-58.397754,,0.0,WWW.CULTURA.GOV.AR/DIRECCIONES,1,191.0,False
2697,"MUSEO NACIONAL FERROVIARIO ""RAUL SCALABRINI ORTIZ""",MUSEO,,exhibicion,True,1,RETIRO,"DEL LIBERTADOR AV. 405, CABA",-34.589982,-58.379361,,0.0,HTTPS://WWW.ARGENTINA.GOB.AR/MUSEOFERROVIARIO,1,14.0,True
2698,MUSEO NOTARIAL ARGENTINO,MUSEO,,exhibicion,True,2,RECOLETA,"CALLAO AV. 1542, CABA",-34.591321,-58.391548,,0.0,WWW.MUSEONOTARIAL.ORG.AR,1,251.0,False
2700,"MUSEO PARLAMENTARIO ""SENADOR DOMINGO FAUSTINO SARMIENTO""",MUSEO,,exhibicion,True,1,MONSERRAT,"YRIGOYEN, HIPOLITO AV. 1702, CABA",-34.610278,-58.390584,,0.0,HTTP://WWW.SENADO.GOV.AR/MICROSITIOS/MUSEO,1,125.0,True
2701,"MUSEO PARTICIPATIVO DE CIENCIAS ""PROHIBIDO NO TOCAR""",MUSEO,,exhibicion,True,2,RECOLETA,"JUNIN 1930, CABA",-34.586496,-58.391578,,0.0,WWW.MPC.ORG.AR,1,172.0,False
2702,MUSEO PARTICIPATIVO MINERO MUMIN,MUSEO,,exhibicion,True,1,MONSERRAT,"ROCA, JULIO A., PRESIDENTE DIAGONAL SUR AV. 651, CABA",-34.610975,-58.375718,,0.0,HTTP://MUMIN.GOB.AR/,1,64.0,True
2703,MUSEO PENITENCIARIO ARGENTINO ANTONIO BALLVE,MUSEO,,exhibicion,True,1,SAN TELMO,"HUMBERTO 1 378, CABA",-34.620698,-58.371153,,0.0,HTTP://MUSEOPENITENCIARIOARGENTINO.BLOGSPOT.COM.AR,1,155.0,False
2704,MUSEO PORTENO LO DE GUSTAVO DEL CAMPO A LA CIUDAD,MUSEO,,exhibicion,True,4,NUEVA POMPEYA,"CORRALES 1862, CABA",-34.65363,-58.428379,,0.0,,1,600.0,False
2707,MUSEO ROCA INSTITUTO DE INVESTIGACIONES HISTORICAS,MUSEO,,exhibicion,True,2,RECOLETA,"LOPEZ, VICENTE 2220, CABA",-34.587591,-58.395469,,0.0,HTTPS://MUSEOROCA.CULTURA.GOB.AR/,1,30.0,True
2709,MUSEO SCOUT NACIONAL,MUSEO,,exhibicion,True,1,RETIRO,"LIBERTAD 1282, CABA",-34.5932,-58.384517,,0.0,,1,137.0,True
2710,MUSEO SENSORIAL DE TAXIDERMIAS DE LA AACC,MUSEO,,exhibicion,True,14,PALERMO,"AV. DE LOS OMBUES 32, CABA",-34.55786079,-58.42310058,,0.0,,1,383.0,False
2711,MUSEO SIVORI,MUSEO,,exhibicion,True,14,PALERMO,"ISABEL, INFANTA AV. 555, CABA",-34.570719,-58.421165,,0.0,HTTP://WWW.BUENOSAIRES.GOB.AR/MUSEOSIVORI,1,133.0,True
2712,MUSEO TECNOLOGICO EDUARDO LATZINA,MUSEO,,exhibicion,True,1,MONSERRAT,"PASEO COLON AV. 650, CABA",-34.615249,-58.368821,,0.0,HTTP://WWW.AEOK.ORG/MUSEO/,1,109.0,True
2713,MUSEO UBA,MUSEO,,exhibicion,True,2,RECOLETA,"ALVEAR, MARCELO T. DE 2142, CABA",-34.597192,-58.398067,,0.0,HTTP://WWW.ODON.UBA.AR/MUSEO.PHP,1,9.0,True
2714,MUSEO VICENTE LOPEZ Y PLANES SADAIC,MUSEO,,exhibicion,True,1,SAN NICOLAS,"LAVALLE 1547, CABA",-34.60289,-58.38865,,0.0,WWW.SADAIC.ORG.AR,1,75.0,True
2715,MUSEO XUL SOLAR,MUSEO,,exhibicion,True,2,RECOLETA,"LAPRIDA 1212, CABA",-34.594707,-58.407807,,0.0,HTTP://WWW.XULSOLAR.ORG.AR,1,32.0,True
2716,MUSEO Y OBSERVATORIO DEL COLEGIO SAN JOSE,MUSEO,,exhibicion,True,3,BALVANERA,"MITRE, BARTOLOME 2455, CABA",-34.608561,-58.40146,,0.0,HTTP://WWW.OBSERVATORIOSANJOSE.COM.AR/,1,124.0,True
2717,PLANETARIO GALILEO GALILEI,MUSEO,,exhibicion,True,14,PALERMO,"SARMIENTO AV., CABA, CABA",-34.5711024,-58.4115468,,0.0,HTTP://WWW.PLANETARIO.GOB.AR,1,0.0,True
2718,REGIMIENTO DE GRANADEROS A CABALLO GRAL. SAN MARTIN,MUSEO,,exhibicion,True,14,PALERMO,"CAMPOS, LUIS M. AV. 554, CABA",-34.571519,-58.434531,,0.0,,1,522.0,False
2719,THE CAVERN BUENOS AIRES - MUSEO BEATLE,MUSEO,,exhibicion,True,1,SAN NICOLAS,"CORRIENTES AV. 1660, CABA",-34.604339,-58.389891,6.0,127.0,http://www.thecavern.com.ar/museo-beatle.html,1,11.0,True
2720,TORRE MONUMENTAL - CENTRO DE INFORMES DE MUSEOS,MUSEO,,exhibicion,True,1,RETIRO,"DEL LIBERTADOR AV. 49, CABA",-34.593157,-58.374552,,0.0,HTTP://WWW.BUENOSAIRES.GOB.AR/TORREMONUMENTAL,1,7.0,True
2722,ATLAS CINE PATIO BULLRICH,SALA DE CINE,,escenico,True,1,RETIRO,"DEL LIBERTADOR AV. 750, CABA",-34.5881,-58.38341,4.0,785.0,http://www.shoppingbullrich.com.ar/cine.php,1,17.0,True
2724,CINAIN (CINEMATECA Y ARCHIVO DE LA IMAGEN NACIONAL),SALA DE CINE,,escenico,True,1,MONSERRAT,"MORENO 1199, CABA",-34.61197,-58.38297,2.0,212.0,http://www.cinain.gob.ar/programacion/,1,119.0,True
2725,CINE AMIGOS DE LAS BELLAS ARTES,SALA DE CINE,,escenico,True,2,RECOLETA,"FIGUEROA ALCORTA, PRES. AV. 2280, CABA",-34.58262,-58.39412,1.0,235.0,https://cine.aamnba.org.ar/,1,11.0,True
2726,CINE AR GAUMONT,SALA DE CINE,,escenico,True,1,SAN NICOLAS,"RIVADAVIA AV. 1635, CABA",-34.60904,-58.38959,3.0,1167.0,http://www.incaa.gov.ar/?s=GAUMONT,1,38.0,True
2727,CINE COSMOS,SALA DE CINE,,escenico,True,3,BALVANERA,"CORRIENTES AV. 2046, CABA",-34.6046,-58.3961,2.0,163.0,WWW.COSMOSUBA.WORDPRESS.COM,1,17.0,True
2728,CINE LORCA,SALA DE CINE,,escenico,True,1,SAN NICOLAS,"CORRIENTES AV. 1428, CABA",-34.60411,-58.38697,2.0,452.0,https://cinelorca.wixsite.com/cine-lorca,1,11.0,True
2730,CINE VILLAGE RECOLETA,SALA DE CINE,,escenico,True,2,RECOLETA,"LOPEZ, VICENTE 2050, CABA",-34.58892,-58.39363,10.0,1776.0,WWW.VILLAGECINES.COM,1,192.0,False
2734,CINEMARK PALERMO,SALA DE CINE,,escenico,True,14,PALERMO,"BERUTI 3399, CABA",-34.58669,-58.41027,10.0,1738.0,WWW.CINEMARK.COM.AR/COMPLEJOS/4-CINEMARK-PALERMO,1,146.0,True
2735,CINEMARK PUERTO MADERO,SALA DE CINE,,escenico,True,1,PUERTO MADERO,"MOREAU DE JUSTO, ALICIA AV. 1920, CABA",-34.62156,-58.36531,8.0,1379.0,https://www.cinemarkhoyts.com.ar/,1,146.0,True
2736,HOYTS ABASTO,SALA DE CINE,,escenico,True,3,BALVANERA,"AGUERO 665, CABA",-34.60294,-58.41141,12.0,3021.0,https://www.cinemarkhoyts.com.ar/,1,62.0,True
2737,LEOPOLDO LUGONES,SALA DE CINE,,escenico,True,1,SAN NICOLAS,"CORRIENTES AV. 1530, CABA",-34.60424,-58.38864,1.0,212.0,https://complejoteatral.gob.ar/cine,1,12.0,True
2738,MONUMENTAL,SALA DE CINE,,escenico,True,1,SAN NICOLAS,"LAVALLE 780, CABA",-34.60241,-58.37779,7.0,1270.0,https://www.multiplex.com.ar/?fbclid=IwAR0JFjYvV1uAbn_rS14WHgHqd5ZrjzcVqD1SrTAAR1l3pb4B_3HAFg8sDew,1,118.0,True
2740,PASEO ALCORTA,SALA DE CINE,,escenico,True,14,PALERMO,"SALGUERO, JERONIMO 3172, CABA",-34.57564,-58.40412,2.0,232.0,https://www.atlascines.com/,1,342.0,False
2743,743 MULTIESPACIO ARTISTICO,SALA DE TEATRO,,escenico,True,1,SAN TELMO,"COCHABAMBA 743, CABA",-34.6234,-58.37632,,,,1,207.0,False
2744,A.M.I.A.,SALA DE TEATRO,,escenico,True,3,BALVANERA,"PASTEUR 633, CABA",-34.601782,-58.399712,1.0,237.0,https://cultura.amia.org.ar/,1,49.0,True
2749,AL ESCENARIO,SALA DE TEATRO,,escenico,True,4,BOCA,"ARAOZ DE LAMADRID, GREGORIO, GRAL. 1001, CABA",-34.639669,-58.366385,1.0,270.0,WWW.ALESCENARIO.COM.AR,1,17.0,True
2750,ALMABASTO,SALA DE TEATRO,,escenico,True,3,BALVANERA,"GALLO 333, CABA",-34.604713,-58.413265,1.0,113.0,,1,64.0,True
2756,APACHETA,SALA DE TEATRO,,escenico,True,4,BARRACAS,"FINOCHIETTO ENRIQUE DR. 483, CABA",-34.628158,-58.372142,1.0,50.0,WWW.APACHETASALAESTUDIO.BLOGSPOT.COM.AR,1,17.0,True
2757,APOLO,SALA DE TEATRO,,escenico,True,1,SAN NICOLAS,"CORRIENTES AV. 1372, CABA",-34.604053,-58.386193,1.0,494.0,WWW.TEATROAPOLO.COM.AR,1,16.0,True
2758,AREA 623,SALA DE TEATRO,,escenico,True,3,BALVANERA,"PASCO 623, CABA",-34.616498,-58.397756,,,,1,93.0,True
2759,ARENA SUR,SALA DE TEATRO,,escenico,True,4,NUEVA POMPEYA,"SAENZ AV. 459, CABA",-34.64477,-58.41626,,,,1,102.0,True
2760,ARLEQUINO,SALA DE TEATRO,,escenico,True,1,MONSERRAT,"ALSINA, ADOLFO 1484, CABA",-34.611192,-58.387146,1.0,200.0,http://elteatroarlequino.blogspot.com,1,6.0,True
2761,ARTE ANTICA / TEATRO EL ANTICUARIO,SALA DE TEATRO,,escenico,True,1,SAN TELMO,"SAN LORENZO 354, CABA",-34.61666,-58.37091,,,,1,200.0,False
2763,ASTERION TEATRO,SALA DE TEATRO,,escenico,True,3,BALVANERA,"ZELAYA 3122, CABA",-34.60163,-58.40987,,,,1,100.0,True
2764,ASTRAL,SALA DE TEATRO,,escenico,True,1,SAN NICOLAS,"CORRIENTES AV. 1639, CABA",-34.604175,-58.389894,1.0,1340.0,WWW.TEATROASTRAL.COM.AR,1,12.0,True
2765,ASTROS,SALA DE TEATRO,,escenico,True,1,SAN NICOLAS,"CORRIENTES AV. 746, CABA",-34.603522,-58.377283,1.0,1148.0,WWW.TEATROASTROS.COM.AR,1,11.0,True
2766,ASTURIAS,SALA DE TEATRO,,escenico,True,1,MONSERRAT,"SOLIS 475, CABA",-34.61455,-58.39043,1.0,350.0,,1,133.0,True
2770,AUDITORIO BEN AMI,SALA DE TEATRO,,escenico,True,3,BALVANERA,"JAURES, JEAN 746, CABA",-34.601521,-58.40797,1.0,60.0,WWW.AUDITORIOBENAMI.BLOGSPOT.COM.AR,1,49.0,True
2771,AUDITORIO CENDAS,SALA DE TEATRO,,escenico,True,14,PALERMO,"BULNES 1350, CABA",-34.595991,-58.416911,1.0,125.0,WWW.CENDAS.COM.AR,1,52.0,True
2772,AUDITORIO DE LA FUNDACION BEETHOVEN,SALA DE TEATRO,,escenico,True,2,RECOLETA,"SANTA FE AV. 1452, CABA",-34.59583,-58.387836,1.0,263.0,WWW.FUNDACIONBEETHOVEN.COM.AR,1,130.0,True
2773,AUDITORIO LOSADA,SALA DE TEATRO,,escenico,True,1,SAN NICOLAS,"CORRIENTES AV. 1551, CABA",-34.60416,-58.388661,1.0,130.0,,1,9.0,True
2776,BAR MAGICO TEATRO,SALA DE TEATRO,,escenico,True,1,CONSTITUCION,"CALVO, CARLOS 1631, CABA",-34.62004,-58.38931,,,,1,12.0,True
2777,BARTOLOMEO,SALA DE TEATRO,OTROS,escenico,True,1,SAN NICOLAS,"MITRE, BARTOLOME 1525, CABA",-34.607717,-58.388328,,0.0,,1,86.0,True
2778,BELISARIO CLUB DE CULTURA,SALA DE TEATRO,,escenico,True,1,SAN NICOLAS,"CORRIENTES AV. 1624, CABA",-34.604328,-58.38975,1.0,107.0,,1,12.0,True
2779,BORDER,SALA DE TEATRO,,escenico,True,14,PALERMO,"GODOY CRUZ 1838, CABA",-34.586524,-58.432506,1.0,115.0,WWW.BORDER.COM.AR,1,13.0,True
2780,BRILLA CORDELIA,SALA DE TEATRO,,escenico,True,3,BALVANERA,"PERON, JUAN DOMINGO, TTE. GENERAL 1926, CABA",-34.606983,-58.393799,2.0,80.0,http://brillacordelia.blogspot.com,1,10.0,True
2781,BRODWAY,SALA DE TEATRO,,escenico,True,1,SAN NICOLAS,"CORRIENTES AV. 1155, CABA",-34.603712,-58.383174,1.0,723.0,,1,10.0,True
2783,CALIBAN,SALA DE TEATRO,,escenico,True,1,MONSERRAT,"MEXICO 1428, CABA",-34.615546,-58.386411,1.0,90.0,WWW.TEATROCALIBAN.BLOGSPOT.COM.AR,1,127.0,True
2785,CARLOS CARELLA,SALA DE TEATRO,OTROS,escenico,True,1,SAN NICOLAS,"MITRE, BARTOLOME 970, CABA",-34.607252,-58.380237,1.0,275.0,,1,49.0,True
2787,CASTOR Y PALUX,SALA DE TEATRO,,escenico,True,1,CONSTITUCION,"TACUARI 955, CABA",-34.61904,-58.37877,,,,1,6.0,True
2790,CENTRO LATINOAMERICANO DE CREACION E INVESTIGACION TEATRAL - CELCIT -,SALA DE TEATRO,,escenico,True,1,MONSERRAT,"MORENO 431, CABA",-34.611298,-58.372449,1.0,80.0,WWW.CELCIT.ORG.AR,1,85.0,True
2791,CHACAREREAN TEATRE,SALA DE TEATRO,,escenico,True,14,PALERMO,"NICARAGUA 5565, CABA",-34.581945,-58.433083,1.0,176.0,WWW.CHACAREREANTEATRE.COM.AR,1,135.0,True
2792,CINE TEATRO BROWN,SALA DE TEATRO,,escenico,True,4,BOCA,"BROWN, ALTE. AV. 1375, CABA",-34.636697,-58.358182,1.0,250.0,http://teatrobrownoficial.blogspot.com/,1,141.0,True
2795,CINE TEATRO SOCIEDAD ITALIANA VITA NUOVA,SALA DE TEATRO,,escenico,True,1,SAN NICOLAS,"RIVADAVIA AV. 251, CABA",-34.60758,-58.37086,,,,1,204.0,False
2797,CIRCO DEL AIRE,SALA DE TEATRO,,escenico,True,1,MONSERRAT,"CHACABUCO 629, CABA",-34.615419,-58.376063,,0.0,www.circodelaire.blogspot.com,1,89.0,True
2798,CIRCUITO CULTURAL BARRACAS,SALA DE TEATRO,,escenico,True,4,BARRACAS,"IRIARTE, GRAL. AV. 2165, CABA",-34.648945,-58.377847,1.0,100.0,WWW.CCBARRACAS.COM.AR,1,268.0,False
2800,CLUB DE LAS ARTES,SALA DE TEATRO,,escenico,True,1,MONSERRAT,"SALTA 755, CABA",-34.617264,-58.383094,,0.0,,1,81.0,True
2802,CLUB DEL PROGRESO,SALA DE TEATRO,,escenico,True,1,SAN NICOLAS,"SARMIENTO 1334, CABA",-34.605243,-58.385518,,0.0,WWW.CLUBDELPROGRESO.COM,1,126.0,True
2804,CODIGO MONTESCO,SALA DE TEATRO,,escenico,True,14,PALERMO,"GORRITI 3956, CABA",-34.595436,-58.42072,,0.0,WWW.CODIGOMONTESCO.COM.AR,1,6.0,True
2805,COLUMBIA TEATRO,SALA DE TEATRO,,escenico,True,1,SAN NICOLAS,"CORRIENTES AV. 1537, CABA",-34.604143,-58.38845,1.0,80.0,,1,11.0,True
2807,DANDELION,SALA DE TEATRO,,escenico,True,2,RECOLETA,"CORDOBA AV. 2429, CABA",-34.59935,-58.40147,1.0,80.0,,1,15.0,True
2808,DEL VIEJO PALERMO,SALA DE TEATRO,OTROS,escenico,True,14,PALERMO,"CABRERA, JOSE A. 5567, CABA",-34.585964,-58.437707,,0.0,,1,70.0,True
2809,DELBORDE ESPACIO TEATRAL,SALA DE TEATRO,,escenico,True,1,SAN TELMO,"CHILE 630, CABA",-34.616146,-58.375046,1.0,55.0,WWW.DELBORDE.COM.AR,1,19.0,True
2817,EL BULULU,SALA DE TEATRO,,escenico,True,1,MONSERRAT,"RIVADAVIA AV. 1350, CABA",-34.60876,-58.385505,1.0,100.0,WWW.ELBULULUTEATRO.COM.AR,1,253.0,False
2821,EL CUBO,SALA DE TEATRO,,escenico,True,3,BALVANERA,"ZELAYA 3053, CABA",-34.601797,-58.408855,1.0,240.0,WWW.CUBOABASTO.COM.AR,1,97.0,True
2822,EL CUERVO,SALA DE TEATRO,,escenico,True,1,MONSERRAT,"SANTIAGO DEL ESTERO 433, CABA",-34.613715,-58.384666,2.0,80.0,WWW.TEATROELCUERVO.COM.AR,1,301.0,False
2824,EL DUENDE TEATRO,SALA DE TEATRO,,escenico,True,14,PALERMO,"ARAOZ 1469, CABA",-34.592426,-58.42545,,50.0,WWW.TEATROELDUENDE.COM,1,70.0,True
2825,EL ESPION,SALA DE TEATRO,,escenico,True,3,BALVANERA,"SARANDI 766, CABA",-34.61788,-58.394474,1.0,40.0,WWW.ESCUELITADETEATRO.COM.AR,1,90.0,True
2827,EL FINO,SALA DE TEATRO,,escenico,True,1,SAN NICOLAS,"PARANA 673, CABA",-34.60094,-58.38804,2.0,79.0,WWW.TEATROELFI.COM.AR,1,86.0,True
2828,EL GALPON DE CATALINAS,SALA DE TEATRO,,escenico,True,4,BOCA,"PEREZ GALDOS, BENITO AV. 93, CABA",-34.629205,-58.358371,1.0,250.0,WWW.CATALINASUR.COM.AR,1,20.0,True
2830,EL GATO VIEJO,SALA DE TEATRO,,escenico,True,1,RETIRO,"DEL LIBERTADOR AV. 405, CABA",-34.589982,-58.379361,,0.0,,1,14.0,True
2831,EL GHUETO,SALA DE TEATRO,,escenico,True,1,MONSERRAT,"REPUBLICA BOLIVARIANA DE VENEZUELA 1557, CABA",-34.614681,-58.388336,1.0,47.0,https://elghueto.wordpress.com,1,58.0,True
2832,EL METODO KAIROS,SALA DE TEATRO,,escenico,True,14,PALERMO,"EL SALVADOR 4530, CABA",-34.590637,-58.425368,,,,1,219.0,False
2834,EL OJO,SALA DE TEATRO,,escenico,True,3,BALVANERA,"PERON, JUAN DOMINGO, TTE. GENERAL 2115, CABA",-34.607132,-58.396782,1.0,100.0,WWW.LUISAGUSTONI.BLOGSPOT.COM.AR,1,5.0,True
2835,EL OPALO,SALA DE TEATRO,,escenico,True,3,BALVANERA,"JUNIN 380, CABA",-34.605023,-58.396769,1.0,50.0,WWW.ELOPALOTEATRO.BLOGSPOT.COM.AR,1,54.0,True
2837,EL POPULAR,SALA DE TEATRO,,escenico,True,3,BALVANERA,"CHILE 2080, CABA",-34.6172,-58.39565,2.0,180.0,http://www.teatroelpopular.com.ar,1,9.0,True
2838,EL PORTAL. TEATRO Y MULTIESPACIO INDEPENDIENTE,SALA DE TEATRO,,escenico,True,3,BALVANERA,"LAVALLE 3073, CABA",-34.602628,-58.409379,,,,1,161.0,False
2839,EL PORTENO,SALA DE TEATRO,,escenico,True,1,SAN NICOLAS,"CORRIENTES AV. 1630, CABA",-34.604337,-58.389868,1.0,130.0,WWW.TEATROPORTENIO.COM.AR,1,12.0,True
2844,EL TRAILER BAR TEATRO,SALA DE TEATRO,,escenico,True,14,PALERMO,"SERRANO 1595, CABA",-34.588938,-58.430038,,0.0,,1,10.0,True
2846,EL VICTORIAL,SALA DE TEATRO,OTROS,escenico,True,1,SAN TELMO,"PIEDRAS 722, CABA",-34.616612,-58.377373,,0.0,WWW.ELVICTORIAL.COM.AR,1,36.0,True
2847,EL VITRAL,SALA DE TEATRO,,escenico,True,1,SAN NICOLAS,"RODRIGUEZ PENA 344, CABA",-34.605049,-58.390859,3.0,110.0,WWW.TEATROELVITRAL.COM,1,80.0,True
2851,ESPACIO ABIERTO,SALA DE TEATRO,,escenico,True,1,SAN NICOLAS,"CARABELAS 255, CABA",-34.605332,-58.380263,1.0,60.0,WWW.ROXANARANDON.COM.AR,1,80.0,True
2853,ESPACIO AMBIGU,SALA DE TEATRO,,escenico,True,3,BALVANERA,"PERON, JUAN DOMINGO, TTE. GENERAL 1829, CABA",-34.606794,-58.392601,,,,1,5.0,True
2854,ESPACIO ARTISTICO COLETTE,SALA DE TEATRO,,escenico,True,1,SAN NICOLAS,"CORRIENTES AV. 1642, CABA",-34.604347,-58.38999,1.0,100.0,,1,9.0,True
2855,ESPACIO BELGRANO,SALA DE TEATRO,,escenico,True,3,BALVANERA,"BELGRANO AV. 3263, CABA",-34.61531,-58.41201,,,,1,230.0,False
2858,ESPACIO ECLECTICO,SALA DE TEATRO,,escenico,True,1,SAN TELMO,"HUMBERTO 1 730, CABA",-34.620885,-58.376216,2.0,200.0,WWW.ESPACIOECLECTICO.COM.AR,1,223.0,False
2863,ESPACIO LAVALLEN,SALA DE TEATRO,,escenico,True,1,CONSTITUCION,"SOLIS 1125, CABA",-34.621774,-58.390045,,0.0,WWW.ESPACIOLAVALLEN.BLOGSPOT.COM,1,121.0,True
2865,ESPACIO POLONIA,SALA DE TEATRO,,escenico,True,14,PALERMO,"FITZ ROY 1475, CABA",-34.58603,-58.43838,1.0,33.0,http://espaciopolonia.blogspot.com/,1,110.0,True
2869,ESPACIO TEMPLUM,SALA DE TEATRO,,escenico,True,3,BALVANERA,"AYACUCHO 318, CABA",-34.605576,-58.395223,2.0,75.0,WWW.ESPACIOTEMPLUM.COM.AR,1,120.0,True
2870,ESPACIO TOLE TOLE TEATRO,SALA DE TEATRO,,escenico,True,3,BALVANERA,"PASTEUR 683, CABA",-34.601269,-58.399753,1.0,40.0,WWW.ESPACIOTOELTOLE.COM.AR,1,105.0,True
2871,ESPACIO UTAKI,SALA DE TEATRO,,escenico,True,4,BOCA,"GARIBALDI 1675, CABA",-34.641444,-58.362639,,0.0,WWW.ESPACIOUTAKI.COM,1,153.0,False
2878,FLOR DE AZAFRAN,SALA DE TEATRO,,escenico,True,1,SAN TELMO,"PERU 1430, CABA",-34.62481,-58.37396,,,,1,119.0,True
2879,FRIEDRICH FARRAY SOCIEDADES LEY 19550 CAPITULO I SECCION IV,SALA DE TEATRO,,escenico,True,14,PALERMO,"CORDOBA AV. 5889, CABA",-34.585487,-58.443183,,0.0,,1,10.0,True
2880,FUNDACION MITICA,SALA DE TEATRO,OTROS,escenico,True,14,PALERMO,"THAMES 2078, CABA",-34.584999,-58.426623,,0.0,,1,122.0,True
2881,GALPON V,SALA DE TEATRO,OTROS,escenico,True,4,BARRACAS,"VELEZ SARSFIELD AV. 218, CABA",-34.636801,-58.390041,,0.0,,1,34.0,True
2884,GRUPO DE TEATRO COMUNITARIO POMPAPETRIYASOS DE PARQUE PATRICIOS,SALA DE TEATRO,,escenico,True,4,PARQUE PATRICIOS,"LUCA, ESTEBAN DE, CABA, CABA",-34.6325986,-58.4031123,,0.0,,1,137.0,True
2889,HOTEL BAUEN,SALA DE TEATRO,,escenico,True,3,BALVANERA,"CALLAO AV. 360, CABA",-34.605076,-58.392343,,0.0,WWW.BAUENHOTEL.COM.AR,1,71.0,True
2890,IFT,SALA DE TEATRO,,escenico,True,3,BALVANERA,"BOULOGNE SUR MER 549, CABA",-34.603685,-58.40641,3.0,280.0,WWW.TEATROIFT.ORG.AR,1,84.0,True
2893,JARDIN JAPONES,SALA DE TEATRO,,escenico,True,14,PALERMO,"CASARES AV. 3700, CABA",-34.574521,-58.407622,,0.0,WWW.JARDINJAPONES.ORG.AR,1,2.0,True
2894,KALIMA CULTURAL,SALA DE TEATRO,,escenico,True,14,PALERMO,"MATIENZO, BENJAMIN, TENIENTE 2424, CABA",-34.572986,-58.43986,,0.0,,1,114.0,True
2895,KORINTHIO TEATRO,SALA DE TEATRO,,escenico,True,2,RECOLETA,"CHARCAS 2737, CABA",-34.59454,-58.40541,,,,1,130.0,True
2896,LA CALLE DE LOS TITERES,SALA DE TEATRO,,escenico,True,4,BARRACAS,"CASEROS AV. 1750, CABA",-34.63331,-58.38682,,,,1,40.0,True
2898,LA CARPINTERIA TEATRO,SALA DE TEATRO,,escenico,True,3,BALVANERA,"JAURES, JEAN 858, CABA",-34.600478,-58.407576,1.0,100.0,WWW.LACARPINTERIATEATRO.COM.AR,1,72.0,True
2899,LA CASA DE APOLO,SALA DE TEATRO,,escenico,True,1,MONSERRAT,"CEVALLOS, VIRREY 768, CABA",-34.61756,-58.38896,,,,1,4.0,True
2900,LA CASONA,SALA DE TEATRO,,escenico,True,3,BALVANERA,"CORRIENTES AV. 1975, CABA",-34.604405,-58.394885,2.0,304.0,,1,14.0,True
2901,LA COMEDIA,SALA DE TEATRO,,escenico,True,2,RECOLETA,"RODRIGUEZ PENA 1062, CABA",-34.596423,-58.391945,2.0,548.0,WWW.LACOMEDIA.COM.AR,1,89.0,True
2905,LA FUGA CABRERA,SALA DE TEATRO,OTROS,escenico,True,14,PALERMO,"CABRERA, JOSE A. 4871, CABA",-34.590903,-58.430849,,100.0,,1,113.0,True
2906,LA GALERA,SALA DE TEATRO,,escenico,True,14,PALERMO,"HUMBOLDT 1591, CABA",-34.585827,-58.436408,1.0,99.0,WWW.LAGALERAENCANTADA.COM.AR,1,7.0,True
2908,LA GOLONDRINA TEATRO,SALA DE TEATRO,,escenico,True,3,BALVANERA,"SARMIENTO 2615, CABA",-34.606356,-58.403737,,0.0,https://www.teatrolagolondrina.com/,1,131.0,True
2909,LA GRADISCA,SALA DE TEATRO,,escenico,True,1,SAN TELMO,"GIUFFRA, JOSE M.,DR. 339, CABA",-34.617792,-58.370815,1.0,40.0,,1,204.0,False
2912,LA MANSION FABRICA DE ARTE,SALA DE TEATRO,,escenico,True,1,SAN NICOLAS,"MITRE, BARTOLOME 1192, CABA",-34.607458,-58.383365,,0.0,,1,137.0,True
2913,LA MARAVILLOSA. CASA DE ARTE.,SALA DE TEATRO,,escenico,True,14,PALERMO,"MEDRANO 1360, CABA",-34.593447,-58.419517,,30.0,WWW.LAMARAVILLOSA.COM.AR,1,126.0,True
2914,LA MASCARA,SALA DE TEATRO,,escenico,True,1,SAN TELMO,"PIEDRAS 736, CABA",-34.616809,-58.377361,1.0,165.0,WWW.LAMASCARA-TEATRO.BLOGSPOT.COM,1,58.0,True
2915,LA MUDA ESPACIO,SALA DE TEATRO,,escenico,True,1,MONSERRAT,"SALTA 611, CABA",-34.615594,-58.383108,,0.0,http://lamudaespacio.com,1,105.0,True
2916,LA MUECA TEATRO,SALA DE TEATRO,,escenico,True,14,PALERMO,"CABRERA, JOSE A. 4255, CABA",-34.595074,-58.425076,1.0,140.0,,1,115.0,True
2917,LA NAVE SURREALISTA,SALA DE TEATRO,,escenico,True,1,MONSERRAT,"SANTIAGO DEL ESTERO 635, CABA",-34.61592,-58.384491,,0.0,,1,80.0,True
2920,LA SEDE TEATRO,SALA DE TEATRO,,escenico,True,1,SAN NICOLAS,"SARMIENTO 1495, CABA",-34.60532,-58.387767,1.0,35.0,WWW.LASEDETEATRO.COM,1,133.0,True
2923,LA VERBENA ALMACEN DE ARTE,SALA DE TEATRO,,escenico,True,14,PALERMO,"MANSILLA, LUCIO NORBERTO, GENERAL 3808, CABA",-34.589723,-58.416773,,0.0,,1,10.0,True
2924,LABORATORIO MARTE,SALA DE TEATRO,,escenico,True,14,PALERMO,"AREVALO 1473, CABA",-34.582967,-58.442643,,0.0,,1,174.0,False
2925,LICEO,SALA DE TEATRO,,escenico,True,1,SAN NICOLAS,"RIVADAVIA AV. 1495, CABA",-34.608864,-58.387538,1.0,575.0,https://www.multiteatro.com.ar/,1,151.0,False
2926,LOLA MEMBRIVES,SALA DE TEATRO,,escenico,True,1,SAN NICOLAS,"CORRIENTES AV. 1280, CABA",-34.603973,-58.3848,1.0,1100.0,WWW.LOLAMEMBRIVES.COM,1,10.0,True
2929,MARGARITA XIRGU,SALA DE TEATRO,,escenico,True,1,SAN TELMO,"CHACABUCO 875, CABA",-34.618169,-58.375917,1.0,520.0,WWW.ESPACIOUNTREF-XIRGU.COM.AR,1,216.0,False
2931,MEDIO MUNDO CLUB DE ARTE,SALA DE TEATRO,,escenico,True,3,BALVANERA,"YRIGOYEN, HIPOLITO 2148, CABA",-34.61068,-58.39685,1.0,50.0,,1,57.0,True
2934,METROPOLITAN SURAN,SALA DE TEATRO,,escenico,True,1,SAN NICOLAS,"CORRIENTES AV. 1343, CABA",-34.603869,-58.385841,2.0,1454.0,WWW.METROPOLITANSURA.COM.AR,1,12.0,True
2937,MILOCHO TEATRO,SALA DE TEATRO,,escenico,True,2,RECOLETA,"URIBURU JOSE E., PRES. 1008, CABA",-34.596871,-58.398889,,,,1,9.0,True
2938,MIMOTEATRO ESCOBAR,SALA DE TEATRO,,escenico,True,1,MONSERRAT,"DEFENSA 601, CABA",-34.614918,-58.371826,1.0,56.0,,1,123.0,True
2941,MULTITEATRO,SALA DE TEATRO,,escenico,True,1,SAN NICOLAS,"CORRIENTES AV. 1283, CABA",-34.60381,-58.384843,4.0,2289.0,WWW.MULTITEATRO.COM.AR,1,9.0,True
2942,ND ATENEO,SALA DE TEATRO,,escenico,True,1,RETIRO,"PARAGUAY 918, CABA",-34.597775,-58.380138,1.0,743.0,WWW.NDTEATRO.COM.AR,1,28.0,True
2943,NOAVESTRUZ ESPACIO DE CULTURA INDEPENDIENTE,SALA DE TEATRO,,escenico,True,14,PALERMO,"HUMBOLDT 1857, CABA",-34.583815,-58.434096,1.0,70.0,WWW.AVESTRUZ.ORG.AR,1,281.0,False
2946,ONIRICO,SALA DE TEATRO,,escenico,True,14,PALERMO,"GUATEMALA 6084, CABA",-34.576504,-58.436869,1.0,50.0,,1,8.0,True
2947,OPERA,SALA DE TEATRO,,escenico,True,1,SAN NICOLAS,"CORRIENTES AV. 860, CABA",-34.603628,-58.378947,1.0,2500.0,WWW.OPERAORBISEGUROS.COM,1,10.0,True
2950,PASEO LA PLAZA,SALA DE TEATRO,,escenico,True,1,SAN NICOLAS,"CORRIENTES AV. 1660, CABA",-34.604339,-58.389891,1.0,0.0,WWW.PASEOLAPLAZA.COM.AR,1,11.0,True
2953,PICADILLY,SALA DE TEATRO,,escenico,True,1,SAN NICOLAS,"CORRIENTES AV. 1524, CABA",-34.604203,-58.388157,1.0,292.0,WWW.TEATROPICADILLY.COM.AR,1,11.0,True
2954,PLAZA COLOMBIA TEATRO BAR,SALA DE TEATRO,,escenico,True,4,BARRACAS,"MONTES DE OCA, MANUEL AV. 855, CABA",-34.6381,-58.37479,,,,1,130.0,True
2955,POLO CIRCO,SALA DE TEATRO,,escenico,True,4,PARQUE PATRICIOS,"GARAY, JUAN DE AV. 2200, CABA",-34.627894,-58.395219,1.0,100.0,HTTP://WWW.FESTIVALPOLOCIRCO.GOB.AR,1,89.0,True
2956,PROYECTO DANZA ESPACIO DE ARTE,SALA DE TEATRO,,escenico,True,1,MONSERRAT,"ENTRE RIOS AV. 166, CABA",-34.610964,-58.391737,,0.0,https://universodanzaok.wixsite.com/universodanza?fbclid=IwAR3YhmO3L5GKJLA5MB0GMlhS9KWj0oJTSds_OZuNX3spGykVkZUptN_BPIc,1,59.0,True
2958,QUERIDA ELENA,SALA DE TEATRO,,escenico,True,4,BOCA,"PI Y MARGALL 1124, CABA",-34.63078,-58.369704,,50.0,WWW.QUERIDAELENA.BLOGSPOT.COM.AR,1,121.0,True
2959,RONDEMAN ABASTO,SALA DE TEATRO,,escenico,True,3,BALVANERA,"LAVALLE 3177, CABA",-34.602181,-58.41074,2.0,280.0,,1,163.0,False
2960,SAINT ELMO,SALA DE TEATRO,,escenico,True,1,SAN TELMO,"PERU 1118, CABA",-34.62102,-58.37415,,,,1,120.0,True
2961,SALA DE MAQUINAS,SALA DE TEATRO,,escenico,True,1,SAN NICOLAS,"LAVALLE 1145, CABA",-34.602572,-58.383084,1.0,50.0,,1,135.0,True
2963,SALA JUAN BAUTISTA,SALA DE TEATRO,,escenico,True,1,SAN NICOLAS,"SARMIENTO 1551, CABA",-34.605371,-58.388586,,0.0,,1,69.0,True
2965,SALA SIRANUSH,SALA DE TEATRO,,escenico,True,14,PALERMO,"ARMENIA 1366, CABA",-34.591661,-58.430751,1.0,420.0,WWW.ACACULTURALARMENIA.ORG.AR,1,173.0,False
2967,SERGIO SOUZA,SALA DE TEATRO,,escenico,True,1,MONSERRAT,"RIVADAVIA AV. 1180, CABA",-34.608571,-58.383065,1.0,85.0,http://www.sergiosouzateatro.com,1,215.0,False
2968,SHA,SALA DE TEATRO,,escenico,True,3,BALVANERA,"SARMIENTO 2255, CABA",-34.606002,-58.398611,1.0,888.0,,1,57.0,True
2969,SILENCIO DE NEGRAS,SALA DE TEATRO,,escenico,True,1,MONSERRAT,"SAENZ PENA, LUIS, PRES. 663, CABA",-34.616272,-58.387539,2.0,100.0,,1,48.0,True
2970,SOCIEDAD HEBRAICA ARGENTINA (CINE TEATRO SHA),SALA DE TEATRO,,escenico,True,3,BALVANERA,"SARMIENTO 2227, CABA",-34.605991,-58.398316,,0.0,,1,31.0,True
2971,STAND UP,SALA DE TEATRO,,escenico,True,2,RECOLETA,"PARANA 1021, CABA",-34.596799,-58.388289,,0.0,https://standupclubarg.com/,1,35.0,True
2972,TABARIS,SALA DE TEATRO,,escenico,True,1,SAN NICOLAS,"CORRIENTES AV. 825, CABA",-34.603434,-58.378552,1.0,609.0,WWW.MULTITEATRO.COM.AR,1,13.0,True
2973,TADRON TEATRO,SALA DE TEATRO,,escenico,True,14,PALERMO,"VEGA, NICETO, CNEL. 4802, CABA",-34.592114,-58.431647,1.0,50.0,WWW.TADRONTEATRO.COM.AR,1,98.0,True
2974,TEATRO ABSURDO DE PALERMO,SALA DE TEATRO,,escenico,True,14,PALERMO,"RAVIGNANI, EMILIO, DR. 1557, CABA",-34.583022,-58.440768,,0.0,WWW.ABSURDOPALERMO.BLOGSPOT.COM,1,64.0,True
2975,TEATRO ALVEAR,SALA DE TEATRO,,escenico,True,1,SAN NICOLAS,"CORRIENTES AV. 1659, CABA",-34.604195,-58.390136,1.0,861.0,WWW.COMPLEJOTEATRAL.GOB.AR,1,15.0,True
2976,TEATRO ANDAMIO  90,SALA DE TEATRO,,escenico,True,1,SAN NICOLAS,"PARANA 660, CABA",-34.60104,-58.388131,1.0,145.0,WWW.ANDAMIO90.ORG,1,75.0,True
2977,TEATRO ANGEL GUIMERA,SALA DE TEATRO,,escenico,True,1,SAN TELMO,"CHACABUCO 863, CABA",-34.618169,-58.375917,1.0,510.0,,1,216.0,False
2978,TEATRO ARTEBRIN 741,SALA DE TEATRO,,escenico,True,4,BOCA,"BRIN, MINISTRO 741, CABA",-34.63054,-58.35884,,,,1,124.0,True
2980,TEATRO AVENIDA,SALA DE TEATRO,,escenico,True,1,MONSERRAT,"DE MAYO AV. 1222, CABA",-34.60921,-58.383743,1.0,1200.0,,1,192.0,False
2982,TEATRO BAMBALINAS,SALA DE TEATRO,,escenico,True,1,SAN TELMO,"CHACABUCO 947, CABA",-34.61914,-58.37588,,,,1,258.0,False
2985,TEATRO BUENAS ARTES,SALA DE TEATRO,,escenico,True,14,PALERMO,"GUATEMALA 4484, CABA",-34.588005,-58.422405,1.0,58.0,WWW.BSARTES.COM.AR,1,302.0,False
2986,TEATRO BUENOS AIRES,SALA DE TEATRO,,escenico,True,1,SAN NICOLAS,"RODRIGUEZ PENA 411, CABA",-34.6041,-58.39078,,,,1,26.0,True
2987,TEATRO CIEGO,SALA DE TEATRO,,escenico,True,14,PALERMO,"BORGES, JORGE LUIS 1974, CABA",-34.586186,-58.426382,,75.0,WWW.TEATROCIEGO.ORG,1,6.0,True
2988,TEATRO COLISEO,SALA DE TEATRO,,escenico,True,1,RETIRO,"ALVEAR, MARCELO T. DE 1125, CABA",-34.59679,-58.383083,1.0,1749.0,WWW.TEATROCOLISEO.ORG.AR,1,10.0,True
2989,TEATRO COLON,SALA DE TEATRO,,escenico,True,1,SAN NICOLAS,"CERRITO 618, CABA",-34.601054,-58.382442,1.0,132.0,WWW.TEATROCOLON.ORG.AR,1,138.0,True
2990,TEATRO COLONIAL,SALA DE TEATRO,,escenico,True,1,MONSERRAT,"PASEO COLON AV. 413, CABA",-34.612625,-58.369777,1.0,132.0,http://www.colonialteatro.com.ar/,1,168.0,False
2991,TEATRO CONTEMPORANEO,SALA DE TEATRO,,escenico,True,1,SAN TELMO,"COCHABAMBA 427, CABA",-34.62304,-58.37167,,,,1,97.0,True
2992,TEATRO DE LA FABULA,SALA DE TEATRO,,escenico,True,3,BALVANERA,"AGUERO 444, CABA",-34.604606,-58.411945,1.0,100.0,http://teatrodelafabula.blogspot.com/,1,57.0,True
2993,TEATRO DE LA RIBERA,SALA DE TEATRO,,escenico,True,4,BOCA,"DON PEDRO DE MENDOZA AV. 1821, CABA",-34.639028,-58.360776,1.0,643.0,WWW.COMPLEJOTEATRAL.GOB.AR,1,43.0,True
2994,TEATRO DEL ARTEFACTO,SALA DE TEATRO,,escenico,True,3,BALVANERA,"SARANDI 760, CABA",-34.617814,-58.394477,1.0,81.0,https://manurondeli.wixsite.com/teatrodelartefacto,1,82.0,True
2996,TEATRO DEL GLOBO,SALA DE TEATRO,,escenico,True,1,RETIRO,"ALVEAR, MARCELO T. DE 1149, CABA",-34.596797,-58.383259,1.0,468.0,,1,6.0,True
3002,TEATRO EL CONVENTO,SALA DE TEATRO,,escenico,True,1,SAN NICOLAS,"RECONQUISTA 269, CABA",-34.604606,-58.372345,,0.0,WWW.TEATROELCONVENTO.COM.AR,1,28.0,True
3003,TEATRO EL DAMERO,SALA DE TEATRO,,escenico,True,3,BALVANERA,"DEAN FUNES 506, CABA",-34.616446,-58.406856,1.0,40.0,WWW.TEATROELDAMERO.COM,1,151.0,False
3004,TEATRO EL EXTRANJERO,SALA DE TEATRO,,escenico,True,3,BALVANERA,"GOMEZ, VALENTIN 3378, CABA",-34.605167,-58.413018,1.0,47.0,WWW.ELEXTRANJEROTEATRO.COM,1,115.0,True
3005,TEATRO EL NACIONAL SANCOR SEGUROS,SALA DE TEATRO,,escenico,True,1,SAN NICOLAS,"CORRIENTES AV. 960, CABA",-34.603711,-58.38037,1.0,1022.0,WWW.TEATROELNACIONAL.COM,1,9.0,True
3006,TEATRO EL PICCOLINO,SALA DE TEATRO,,escenico,True,14,PALERMO,"FITZ ROY 2056, CABA",-34.581223,-58.433042,1.0,75.0,WWW.TEATROELPICCOLI.COM.AR,1,134.0,True
3009,TEATRO EMPIRE,SALA DE TEATRO,,escenico,True,3,BALVANERA,"YRIGOYEN, HIPOLITO 1934, CABA",-34.610507,-58.394029,1.0,296.0,WWW.TEATROEMPIRE.COM,1,126.0,True
3010,TEATRO ESCUELA LO DE GUIDI,SALA DE TEATRO,,escenico,True,3,BALVANERA,"RIOBAMBA 359, CABA",-34.605027,-58.39375,1.0,50.0,WWW.TEATROLODEGUIDI.COM.AR,1,63.0,True
3016,TEATRO LA OTRA ORILLA,SALA DE TEATRO,,escenico,True,3,BALVANERA,"URQUIZA, GRAL. 124, CABA",-34.61185,-58.410157,1.0,80.0,WWW.TEATROINESTABLE.COM,1,94.0,True
3017,TEATRO LA RANCHERIA,SALA DE TEATRO,,escenico,True,1,MONSERRAT,"MEXICO 1152, CABA",-34.615375,-58.38247,1.0,54.0,WWW.TEATROLARANCHERIA.ORG,1,127.0,True
3018,TEATRO LIBERARTE BODEGA CULTURAL,SALA DE TEATRO,,escenico,True,1,SAN NICOLAS,"CORRIENTES AV. 1555, CABA",-34.604164,-58.388721,2.0,290.0,,1,14.0,True
3019,TEATRO LUDE,SALA DE TEATRO,,escenico,True,2,RECOLETA,"MONTEVIDEO 842, CABA",-34.599017,-58.38974,,0.0,,1,8.0,True
3020,TEATRO LUISA VEHIL,SALA DE TEATRO,,escenico,True,3,BALVANERA,"YRIGOYEN, HIPOLITO 3133, CABA",-34.611572,-58.410775,3.0,145.0,http://www.teatroluisavehil.com/,1,137.0,True
3021,TEATRO MAIPO,SALA DE TEATRO,,escenico,True,1,SAN NICOLAS,"ESMERALDA 443, CABA",-34.603059,-58.37806,2.0,855.0,WWW.MAIPO.COM.AR,1,48.0,True
3022,TEATRO MOLIERE,SALA DE TEATRO,,escenico,True,1,MONSERRAT,"BALCARCE 682, CABA",-34.61557,-58.37054,,,,1,238.0,False
3023,TEATRO MULTIESCENA CPM,SALA DE TEATRO,,escenico,True,1,SAN NICOLAS,"CORRIENTES AV. 1764, CABA",-34.60447,-58.39166,,,,1,9.0,True
3024,TEATRO NACIONAL ARGENTINO - TEATRO CERVANTES,SALA DE TEATRO,,escenico,True,1,RETIRO,"LIBERTAD 815, CABA",-34.598841,-58.384013,1.0,558.0,WWW.TEATROCERVANTES.GOV.AR,1,35.0,True
3026,TEATRO ORFEO,SALA DE TEATRO,,escenico,True,14,PALERMO,"CAMPOS, LUIS M. AV. 1375, CABA",-34.563851,-58.44218,1.0,30.0,WWW.TEATROORFEO.BLOGSPOT.COM,1,118.0,True
3027,TEATRO PAYRO,SALA DE TEATRO,,escenico,True,1,SAN NICOLAS,"SAN MARTIN 766, CABA",-34.598998,-58.374198,1.0,120.0,WWW.TEATROPAYRO.COM.AR,1,10.0,True
3028,TEATRO PICADERO,SALA DE TEATRO,,escenico,True,3,BALVANERA,"DISCEPOLO, ENRIQUE SANTOS 1857, CABA",-34.603919,-58.393263,1.0,286.0,WWW.TEATROPICADERO.COM.AR,1,59.0,True
3029,TEATRO POLITEAMA,SALA DE TEATRO,,escenico,True,1,SAN NICOLAS,"PARANA 353, CABA",-34.60446,-58.38786,,,,1,40.0,True
3030,TEATRO POPULAR LA OTRA COSA,SALA DE TEATRO,,escenico,True,14,PALERMO,"BONPLAND 1660, CABA",-34.58371,-58.43783,,,,1,60.0,True
3031,TEATRO PREMIER,SALA DE TEATRO,,escenico,True,1,SAN NICOLAS,"CORRIENTES AV. 1565, CABA",-34.604176,-58.388872,1.0,470.0,,1,3.0,True
3033,TEATRO REDUCI,SALA DE TEATRO,,escenico,True,1,CONSTITUCION,"SAENZ PENA, LUIS, PRES. 1442, CABA",-34.62536,-58.38716,,,,1,90.0,True
3034,TEATRO REGINA - TSU,SALA DE TEATRO,,escenico,True,1,RETIRO,"SANTA FE AV. 1235, CABA",-34.595546,-58.384949,1.0,342.0,,1,118.0,True
3037,TEATRO SAN MARTIN,SALA DE TEATRO,,escenico,True,1,SAN NICOLAS,"CORRIENTES AV. 1530, CABA",-34.604241,-58.388642,4.0,1915.0,,1,12.0,True
3038,TEATRO SARMIENTO,SALA DE TEATRO,,escenico,True,14,PALERMO,"SARMIENTO AV. 2715, CABA",-34.579214,-58.418918,1.0,250.0,WWW.COMPLEJOTEATRAL.GOB.AR,1,11.0,True
3040,TEATRO TALLER DEL ANGEL,SALA DE TEATRO,,escenico,True,2,RECOLETA,"BRAVO, MARIO 1239, CABA",-34.595204,-58.414823,3.0,130.0,WWW.TALLERDELANGEL.COM.AR,1,45.0,True
3041,TEATRO TALLER EL GRITO,SALA DE TEATRO,,escenico,True,14,PALERMO,"COSTA RICA 5459, CABA",-34.583616,-58.433374,1.0,50.0,WWW.TEATROELGRITO.COM.AR,1,269.0,False
3044,TEATRO VERDI,SALA DE TEATRO,,escenico,True,4,BOCA,"BROWN, ALTE. AV. 736, CABA",-34.631207,-58.361858,,0.0,,1,50.0,True
3046,TERCER ACTO (EX LA CLAC),SALA DE TEATRO,,escenico,True,1,MONSERRAT,"DE MAYO AV. 1158, CABA",-34.609231,-58.382906,,70.0,,1,184.0,False
3047,TERRAZA TEATRO BAR,SALA DE TEATRO,,escenico,True,1,SAN NICOLAS,"CORRIENTES AV. 1660, CABA",-34.60434,-58.38989,,,,1,11.0,True
3048,TROMVARTE,SALA DE TEATRO,,escenico,True,14,PALERMO,"SANTA ROSA 5164, CABA",-34.587275,-58.431127,,0.0,https://tromvarte.wixsite.com,1,137.0,True
3050,UNIVERSIDAD NACIONAL DE SAN MARTIN,SALA DE TEATRO,,escenico,True,3,BALVANERA,"SANCHEZ DE BUSTAMANTE 89, CABA",-34.609548,-58.414528,,0.0,,1,227.0,False
3052,VICEVERSA ARTE EN CONVIVENCIA,SALA DE TEATRO,,escenico,True,14,PALERMO,"GORRITI 5839, CABA",-34.582985,-58.439692,,0.0,WWW.ARTEVICEVERSA.COM.AR,1,6.0,True
3053,ZELAYA,SALA DE TEATRO,,escenico,True,3,BALVANERA,"ZELAYA 3134, CABA",-34.601588,-58.410038,1.0,50.0,,1,98.0,True
