lon,lat,id,nombre,categoria,cocina,ambientacion,telefono,horario,calle_nombre,calle_altura,direccion_completa,barrio,comuna
-58.3633067544777,-34.6229634698018,1602,GUANTANAMERA,RESTAURANTE,CUBANA,MODERNO,4314 0770,,MOREAU DE JUSTO ALICIA,2092,"MOREAU DE JUSTO, ALICIA AV. 2092",Puerto Madero,1
-58.42543720259849,-34.5856950120038,2,4 EN 2 I,RESTAURANTE,,,4832 9510,,BORGES JORGE LUIS,2095,"BORGES, JORGE LUIS 2095",Palermo,14
-58.4222623518952,-34.571843204592,3,4 X 4 CAFE,BAR,MINUTAS,,4776 6000,,DEL LIBERTADOR,3838,DEL LIBERTADOR AV. 3838,Palermo,14
-58.3783093871916,-34.6047966507886,2091,5TA AVENIDA,RESTAURANTE,MINUTAS,MODERNO,4394 5611,lunes a viernes de 7.30 a 19,SARMIENTO,814,SARMIENTO 814,San Nicolas,1
-58.3719621592528,-34.6042923974068,2093,5TA AVENIDA I,RESTAURANTE,MINUTAS,MODERNO,4325 2960,lunes a viernes de 6 a 20,SARMIENTO,381,SARMIENTO 381,San Nicolas,1
-58.37407685032189,-34.6003776803366,2092,650,RESTAURANTE,FUSION,MODERNO,4313 9650,,SAN MARTIN,650,SAN MARTIN 650,San Nicolas,1
-58.3942957863223,-34.59470347785361,1636,788 FOODBAR,RESTAURANTE,MEDITERRANEA,MODERNO,4814 4788,,ARENALES,1877,ARENALES 1877,Recoleta,2
-58.4394317610567,-34.583305135953,5,7 SEVEN,RESTAURANTE,PORTENA,RUSTICA,4770 9698,,GORRITI,5802,GORRITI 5802,Palermo,14
-58.4365349998161,-34.5853461253674,6,8 MILIMETROS,RESTAURANTE,DE AUTOR,CINE,4899 0474,,GORRITI,5535,GORRITI 5535,Palermo,14
-58.38104344919621,-34.6014656002464,2094,9 DE JULIO,RESTAURANTE,,,4322 2501,,PELLEGRINI CARLOS,593,"PELLEGRINI, CARLOS 593",San Nicolas,1
-58.374451461303,-34.6021407820163,2095,ABC,RESTAURANTE,ALEMANA,ALEMANA,4393 3992,lunes a viernes de 12 a 17,LAVALLE,545,LAVALLE 545,San Nicolas,1
-58.3798147758162,-34.5941479793359,1950,ABRIL,RESTAURANTE,INTERNACIONAL,CLASICO PORTENO,4393 0684,lunes a sabado de 8 a 00,ARENALES,900,ARENALES 900,Retiro,1
-58.3702129129064,-34.616142070317,2549,ABRIL BRISTO,RESTAURANTE,TRADICIONAL,CLASICO PORTENO,4342 8000,,BALCARCE,722,BALCARCE 722,San Telmo,1
-58.43766997158011,-34.5830190073982,7,ACABAR,BAR,MINUTAS,BOHEMIO,4772 0845,,HONDURAS,5733,HONDURAS 5733,Palermo,14
-58.3775013908193,-34.6023464578949,2096,ACAPULCO,RESTAURANTE,PORTENA,CLASICO PORTENO,4394 7975,,LAVALLE,757,LAVALLE 757,San Nicolas,1
-58.3915926862805,-34.6126940644386,1336,ACAPULCO,CAFE,,,,,MORENO,1800,MORENO 1800,Monserrat,1
-58.4156704795484,-34.5977724811516,1639,ACROPOLIS,CAFE,SANDWICHERIA,CLASICO PORTENO,4963 4888,lunes a viernes de 7 a 20,CORDOBA,3493,CORDOBA AV. 3493,Recoleta,2
-58.39785244858279,-34.5971462910532,1641,AFICHE,CAFE,INTERNACIONAL,CLASICO PORTENO,4822 8979,,ALVEAR MARCELO T. De,2119,"ALVEAR, MARCELO T. De 2119",Recoleta,2
-58.3593958700541,-34.62879750602639,1222,AGARRATE CATALINA,RESTAURANTE,PARRILLA,CLASICO PORTENO,4307 1099,lunes a sabado de 9 a 16 y de 19 a 21,CABOTO,537,CABOTO 537,Boca,4
-58.3840685694159,-34.5893647755948,1951,AGRAZ,RESTAURANTE,INTERNACIONAL,MODERNO,4859 1129,,POSADAS,1232,POSADAS 1232,Retiro,1
-58.3654687594726,-34.6201025482923,1591,AIRES DE PATAGONIA,RESTAURANTE,PATAGONICA,RUSTICA,4315 2151,lunes a lunes de 11 al cierre,MOREAU DE JUSTO ALICIA,1798,"MOREAU DE JUSTO, ALICIA AV. 1798",Puerto Madero,1
-58.3709123711811,-34.615986926579,2547,A. J. JARDIN CERVERCERO,RESTAURANTE,TRADICIONAL,CLASICO PORTENO,4300 7480,lunes a domingo de 9 a 5,CHILE,342,CHILE AV. 342,San Telmo,1
-58.4340620412701,-34.5758678626506,13,ALABAMA,RESTAURANTE,,,,,SANTA FE,5270,SANTA FE AV. 5270,Palermo,14
-58.3905313648543,-34.6114376400842,1337,ALAI,CAFE,MINUTAS,MODERNO,4377 2363,,ALSINA ADOLFO,1702,"ALSINA, ADOLFO 1702",Monserrat,1
-58.3995221724229,-34.5968759476304,1637,A LA MAROSKA,RESTAURANTE,INTERNACIONAL,CLASICO PORTENO,4824 8878,,ALVEAR MARCELO T. De,2251,"ALVEAR, MARCELO T. De 2251",Recoleta,2
-58.3835654247122,-34.6091223514257,1339,ALAMEDA,RESTAURANTE,INTERNACIONAL,,4381 2859,lunes a lunes de 12 a 15 y de 20 a 00,DE MAYO,1203,DE MAYO AV. 1203,Monserrat,1
-58.39765853945929,-34.5871958739754,1642,ALAMEDA,RESTAURANTE,MINUTAS,MODERNO,4803 3380,,LAS HERAS GRAL.,2324,LAS HERAS GENERAL AV. 2324,Recoleta,2
-58.43258000114671,-34.5866983934752,8,AL ANDALUZ,BAR,MEDITERRANEA,ANTIGUO,4832 9286,,GODOY CRUZ,1823,GODOY CRUZ 1823,Palermo,14
-58.3734005626542,-34.6160696271792,2548,ALARICO,RESTAURANTE,ESPANOLA,CLASICO PORTENO,,lunes a viernes de 12 a 00 - sabado de 20 a 3,CHILE,518,CHILE 518,San Telmo,1
-58.3789128977236,-34.6220250119479,1093,AL BAR,BAR,INTERNACIONAL,MODERNO,4300 5208,,SAN JUAN,915,SAN JUAN AV. 915,Constitucion,1
-58.3775746026122,-34.619692937017,1094,ALBOR,BAR,PARRILLA,CLASICO PORTENO,,,CALVO CARLOS,819,"CALVO, CARLOS 819",Constitucion,1
-58.39657271560471,-34.59868723887,1640,AL CLUB,RESTAURANTE,PORTENA,MODERNO,4963 0040,,PARAGUAY,2044,PARAGUAY 2044,Recoleta,2
-58.385573258854,-34.5984218394274,1952,ALEA,CAFE,,,,,TALCAHUANO,888,TALCAHUANO 888,Retiro,1
-58.3887758598438,-34.5993068981028,1955,ALEKS,CAFE,,,,,CORDOBA,1541,CORDOBA AV. 1541,Recoleta,2
-58.3714442194098,-34.6007914296948,2097,ALEXANDER,RESTAURANTE,INTERNACIONAL,,4315 0112,,TUCUMAN,304,TUCUMAN 304,San Nicolas,1
-58.41872588422729,-34.5890033424844,12,ALFONSO 1RO,RESTAURANTE,,,,,PARAGUAY,3948,PARAGUAY 3948,Palermo,14
-58.4025772889453,-34.5953997096935,1643,ALFRED,RESTAURANTE,MINUTAS,MODERNO,4827 4200,,PUEYRREDON AV,1335,PUEYRREDON AV. 1335,Recoleta,2
-58.432140621757,-34.5873739032278,10,AL FRESCO,RESTAURANTE,TRADICIONAL,CLASICO PORTENO,4833 2776,lunes a sabado de 8 a 20,HONDURAS,5201,HONDURAS 5201,Palermo,14
-58.3720946676472,-34.5995978305796,2098,ALGO NATURAL,RESTAURANTE,TRADICIONAL,MODERNO,4312 5976,lunes a viernes de 8 a 16,VIAMONTE,351,VIAMONTE 351,San Nicolas,1
-58.43160636375629,-34.5890697016418,14,ALHARACA,RESTAURANTE,MINUTAS,MODERNO,4831 2787,,GORRITI,5045,GORRITI 5045,Palermo,14
-58.37399696353989,-34.6013869582901,2100,ALIMENTAR,RESTAURANTE,,,4328 7700,,SAN MARTIN,570,SAN MARTIN 570,San Nicolas,1
-58.382856313198,-34.6026351006136,2099,ALIMENTARI,RESTAURANTE,INTERNACIONAL,,4384 9364,,LAVALLE,1120,LAVALLE 1120,San Nicolas,1
-58.3720883301147,-34.604362556171,2101,ALIMENTOS,RESTAURANTE,FAST FOOD,MODERNO,4343 5656,lunes a viernes de 7 a 19,SARMIENTO,372,SARMIENTO 372,San Nicolas,1
-58.4061017502171,-34.5956177623085,1645,ALMACEN NATURISTA,RESTAURANTE,NATURISTA,MODERNO,4963 1513,lunes a sabado de 8 a 22,MANSILLA LUCIO NORBERTO GRAL.,2740,"MANSILLA, LUCIO NORBERTO, GENERAL 2740",Recoleta,2
-58.4352429850302,-34.5815867281755,15,ALMONTE,RESTAURANTE,ESPANOLA,ESPANOL,4773 7070,,BONPLAND,1939,BONPLAND 1939,Palermo,14
-58.4266733714375,-34.5919434442877,9,AL SHARK,RESTAURANTE,ARABE,ARABE,4833 6933,,SCALABRINI ORTIZ RAUL,1426,"SCALABRINI ORTIZ, RAUL AV. 1426",Palermo,14
-58.3704470888225,-34.6100760158173,1338,ALSINA 300,RESTAURANTE,MINUTAS,MODERNO,4331 7636,lunes a viernes de 8 a 19.30,ALSINA ADOLFO,300,"ALSINA, ADOLFO 300",Monserrat,1
-58.4155295351901,-34.586056029037,11,AL TAGLIO PIZZORANTE,RESTAURANTE,,,,,ARAOZ,2476,ARAOZ 2476,Palermo,14
-58.3749608012881,-34.6089784381209,1340,AMERICA DELI,CAFE,MINUTAS,MODERNO,4381 4807,,PERU,85,PERU 85,Monserrat,1
-58.3864079212694,-34.6133748439413,1342,AMERICANO,BAR,,,4982 7790,,BELGRANO,1421,BELGRANO AV. 1421,Monserrat,1
-58.3818340826569,-34.6165375578923,1341,AMICO,CAFE,MINUTAS,MODERNO,4381 4807,,CHILE,1110,CHILE 1110,Monserrat,1
-58.3866953976423,-34.6064117850412,2102,AMIGOS,BAR,MINUTAS,CLASICO PORTENO,4372 2671,lunes a viernes de 7 a 22,PERON JUAN DOMINGO TTE.,1417,"PERON, JUAN DOMINGO, TTE. GENERAL 1417",San Nicolas,1
-58.3876950440261,-34.5862135902441,1644,AMIGOS PROPIETARIOS,RESTAURANTE,TRADICIONAL,,,lunes a domingo mediodia y noche,AYACUCHO,2183,AYACUCHO 2183,Recoleta,2
-58.3815110412089,-34.6163938953059,1095,AMIKO,RESTAURANTE,PIZZERIA,,4381 4807,lunes a domingo de 12 a 15 y de 20 a 00,LIMA,700,LIMA 700,Monserrat,1
-58.3701506172542,-34.6021483460936,2104,ANAHI,BAR,MINUTAS,CLASICO PORTENO,4311 2412,lunes a viernes de 7 a 21,ALEM LEANDRO N.,481,"ALEM, LEANDRO N. AV. 481",San Nicolas,1
-58.3873465923737,-34.6112084946672,1343,AAARO CERO,CAFE,,,4382 0083,,ALSINA ADOLFO,1494,"ALSINA, ADOLFO 1494",Monserrat,1
-58.40529401374329,-34.5933196541842,1646,ANCHORENA PLAZA,RESTAURANTE,PIZZERIA,MODERNO,4484 8951,,SANTA FE,2702,SANTA FE AV. 2702,Recoleta,2
-58.4345805341968,-34.5756391436412,17,ANDEN,RESTAURANTE,INTERNACIONAL,MODERNO,4773 0707,,SANTA FE,5302,SANTA FE AV. 5302,Palermo,14
-58.4138839718904,-34.5908436022516,16,ANGECINA,RESTAURANTE,INTERNACIONAL,MODERNO,4825 1140,lunes a domingo de 8.30 a 2,REPUBLICA DOMINICANA,3386,REPUBLICA DOMINICANA 3386,Palermo,14
-58.4136008843876,-34.5907686760503,19,ANGELINA,RESTAURANTE,INTERNACIONAL,MODERNO,4825 1111,,CHARCAS,3386,CHARCAS 3386,Palermo,14
-58.4057703107868,-34.5927106584437,1647,ANGELO'S,CAFE,SANDWICHERIA,CLASICO PORTENO,,lunes a sabado de 19 a 7,SANTA FE,2779,SANTA FE AV. 2779,Recoleta,2
-58.3724070461193,-34.6020635910787,2103,ANGOSTURA,RESTAURANTE,MINUTAS,MODERNO,4314 2334,lunes a viernes de 7 a 20,LAVALLE,400,LAVALLE 400,San Nicolas,1
-58.3897818262129,-34.6007606316136,2105,ANKER,RESTAURANTE,INTERNACIONAL,,4371 9253,,VIAMONTE,1602,VIAMONTE 1602,San Nicolas,1
-58.4466472435345,-34.5681326812137,20,ANTAAO BAR,BAR,MINUTAS,CLASICO PORTENO,4706 3718,,VUELTA DE OBLIGADO,1101,VUELTA DE OBLIGADO 1101,Palermo,14
-58.4297354705563,-34.5862884745679,21,ANTE SALA,BAR,MINUTAS,MODERNO,4833 4200,,COSTA RICA,4969,COSTA RICA 4969,Palermo,14
-58.4320467079442,-34.5925139668326,22,ANUSH,BAR,ARMENIA,ARMENIA,4631 1349,,ARMENIA,1242,ARMENIA 1242,Palermo,14
-58.3807638569758,-34.60653982678789,2106,APETECE,RESTAURANTE,INTERNACIONAL,MODERNO,5237 5664,lunes a viernes de 8 a 20,PELLEGRINI CARLOS,169,"PELLEGRINI, CARLOS 169",San Nicolas,1
-58.37799130309629,-34.6024195918452,2108,ARABIAN FOOD,RESTAURANTE,FAST FOOD,MODERNO,4322 6705,lunes a viernes de 7 a 1 - sabado de 10 a 2 - domingo de 12 a 1,LAVALLE,796,LAVALLE 796,San Nicolas,1
-58.3769913042676,-34.6000048994859,2107,ARCANGEL,RESTAURANTE,MINUTAS,MODERNO,4322 4502,lunes a viernes de 8 a 20,VIAMONTE,702,VIAMONTE 702,San Nicolas,1
-58.3813061550126,-34.5941130562789,1953,ARENALES 999,BAR,,,,,ARENALES,999,ARENALES 999,Retiro,1
-58.43019031096949,-34.5708333275267,23,AREVALO AL FONDO,RESTAURANTE,TRADICIONAL,ELEGANTE,4776 5261,,AREVALO,3056,AREVALO 3056,Palermo,14
-58.4299210610117,-34.5723308769282,24,ARGUIBEL,RESTAURANTE,REGIONAL,BOHEMIO,4899 0700,,ARGUIBEL ANDRES,2826,"ARGUIBEL, ANDRES 2826",Palermo,14
-58.4307484113099,-34.5916620638737,25,ARMENIA RETAURANT,RESTAURANTE,ARMENIA,ARMENIA,4776 2500,,ARMENIA,1366,ARMENIA 1366,Palermo,14
-58.3752840230068,-34.60305761453881,2109,AROMA,RESTAURANTE,MINUTAS,MODERNO,4326 6707,,FLORIDA,428,FLORIDA 428,San Nicolas,1
-58.3850844716216,-34.5957227461066,1956,AROMA AMBIENTAL,BAR,,,,,SANTA FE,1260,SANTA FE AV. 1260,Retiro,1
-58.36622532630339,-34.6278258273059,1223,AROMA EXPRESS,RESTAURANTE,MINUTAS,MODERNO,4300 6552,lunes a domingo de 8 a 00,PI Y MARGALL,775,PI Y MARGALL 775,Boca,4
-58.3726088740394,-34.6421465066889,896,ARSENO,RESTAURANTE,PIZZERIA,CLASICO PORTENO,4301 7894,,ISABEL LA CATOLICA,1094,ISABEL LA CATOLICA 1094,Barracas,4
-58.37258861777899,-34.6219662040208,2550,ARTE CAFE,RESTAURANTE,MINUTAS,CLASICO PORTENO,4361 2002,lunes a domingo de 7.30 al cierre,SAN JUAN,480,SAN JUAN AV. 480,San Telmo,1
-58.4297535865296,-34.5875747462349,26,ARTE DE MAFIA,RESTAURANTE,ITALIANA,ITALIANA,4831 9213,,EL SALVADOR,4975,EL SALVADOR 4975,Palermo,14
-58.38301954309979,-34.6156151902567,1344,ARTESANIA DEL SABOR,RESTAURANTE,TRADICIONAL,MODERNO,4381 9075,,SALTA,622,SALTA 622,Monserrat,1
-58.3820514491477,-34.613068813389,1345,ARTUR,RESTAURANTE,,,,,BELGRANO AV,1119,BELGRANO AV. 1119,Monserrat,1
-58.36432740290999,-34.6059660529329,1593,ASIA DE CUBA,RESTAURANTE,INTERNACIONAL,ORIENTAL,4894 1328,,DEALESSI PIERINA,750,"DEALESSI, PIERINA 750",Puerto Madero,1
-58.3743071382669,-34.6243768109972,2551,ASI DE SIMPLE,CAFE,SANDWICHERIA,AMERICANO,4361 0974,lunes a domingo de 7.30 a 20.30,GARAY JUAN DE,615,"GARAY, JUAN DE AV. 615",San Telmo,1
-58.3750252402059,-34.6061256894968,2110,ASTOR PIAZZOLA,RESTAURANTE,,,81033382646,,FLORIDA,165,FLORIDA 165,San Nicolas,1
-58.3913606116277,-34.6009072285566,2111,ASTRAL,RESTAURANTE,PIZZERIA,,4371 5106,lunes a viernes de 7 a 00,RODRIGUEZ PEAA,687,RODRIGUEZ PEAA 687,San Nicolas,1
-58.3916682722087,-34.5902263995574,1648,AU BEC FIN,RESTAURANTE,FRANCESA,FRANCES,4805 0861,,LOPEZ VICENTE,1877,"LOPEZ, VICENTE 1877",Recoleta,2
-58.3603570895977,-34.6326198241575,1224,AUGUSTO,RESTAURANTE,PIZZERIA,CLASICO PORTENO,4362 2533,lunes a domingo de 6 a 00,BROWN ALTE.,888,"BROWN, ALTE. AV. 888",Boca,4
-58.3753621086916,-34.5988587131616,2114,AVE CAESAR,CAFE,TRADICIONAL,MODERNO,5555 5104,lunes a domingo de 9 a 23,FLORIDA,787,FLORIDA 787,San Nicolas,1
-58.368456576833,-34.6215279861421,2553,AVENIDAS,CAFE,INTERNACIONAL,CLASICO PORTENO,4361 9817,lunes a viernes de 7 a 21,PASEO COLON,1197,PASEO COLON AV. 1197,San Telmo,1
-58.43149848220489,-34.5878027398173,28,AZAFRAN,RESTAURANTE,ESPANOLA,ANTIGUO,4832 6487,,HONDURAS,5143,HONDURAS 5143,Palermo,14
-58.3710601971513,-34.6125001921664,1348,AZAPAR,RESTAURANTE,MINUTAS,,4343 7601,lunes a jueves de 15 a 21 - viernes y sabado de 18 a 3,BELGRANO,350,BELGRANO AV. 350,Monserrat,1
-58.4241813485125,-34.5864859789205,27,AZUL ESPUMANTE,RESTAURANTE,ORIENTAL,ORIENTAL,4833 1377,,GUATEMALA,4665,GUATEMALA 4665,Palermo,14
-58.3780869207139,-34.5911504800252,1954,AZUL PROFUNDO,RESTAURANTE,INTERNACIONAL,CLASICO PORTENO,4393 4747,lunes a viernes de 12 a 16 y de 20 a 1 - sabado de 20 a 2,DEL LIBERTADOR,310,DEL LIBERTADOR AV. 310,Retiro,1
-58.3640867153112,-34.5981741320108,1592,AZURRA,RESTAURANTE,MEDITERRANEA,MARINA,4341 9050,,MANSO JUANA,2,MANSO JUANA 2,Puerto Madero,1
-58.4149446768458,-34.5859246152634,29,AZURRO,RESTAURANTE,,,,,SANTA FE,3596,SANTA FE AV. 3596,Palermo,14
-58.44057409159021,-34.5859665385742,31,BA,RESTAURANTE,,,,,VEGA NICETO Cnel.,5702,"VEGA, NICETO, Cnel. AV. 5702",Palermo,14
-58.4035760082154,-34.5835585252794,1650,BABETTE,RESTAURANTE,MINUTAS,MODERNO,4804 3962,,LAS HERAS GRAL.,2972,LAS HERAS GENERAL AV. 2972,Recoleta,2
-58.3945664973354,-34.5958909186221,1651,BABIECA,RESTAURANTE,INTERNACIONAL,MODERNO,4814 1005,,SANTA FE,1898,SANTA FE AV. 1898,Recoleta,2
-58.44288002913689,-34.5830230560518,33,BABY BA,BAR,,,,,AREVALO,1466,AREVALO 1466,Palermo,14
-58.38601381039471,-34.6027982207866,2113,BACARO,RESTAURANTE,INTERNACIONAL,,4374 4054,,LAVALLE,1368,LAVALLE 1368,San Nicolas,1
-58.38499240006129,-34.6039863455393,2119,BACHERO PIZZERIA CENTRO,RESTAURANTE,PIZZERIA,MODERNO,4382 3353,lunes a viernes de 6.30 a 2,CORRIENTES,1300,CORRIENTES AV. 1300,San Nicolas,1
-58.4298286268386,-34.5876560727248,32,BACHET - BACHET,BAR,FUSION,MODERNO,4831 7373,martes a domingo de 5 a 17,EL SALVADOR,4960,EL SALVADOR 4960,Palermo,14
-58.43539043688789,-34.5833764116717,34,BACIO DA LUPO,RESTAURANTE,,,,,EL SALVADOR,5600,EL SALVADOR 5600,Palermo,14
-58.3868598996218,-34.5988148012756,1957,BACO,RESTAURANTE,INTERNACIONAL,MODERNO,4815 0368,,URUGUAY,855,URUGUAY 855,Retiro,1
-58.3785726261571,-34.6001256798746,2115,BAGDAD CAFE,RESTAURANTE,MINUTAS,CLASICO PORTENO,4328 0326,lunes a viernes de 8 a 18,VIAMONTE,820,VIAMONTE 820,San Nicolas,1
-58.4169352650574,-34.6582349492737,1482,BAHIA,RESTAURANTE,MINUTAS,CLASICO PORTENO,,,SAENZ AV,1455,SAENZ AV. 1455,Nueva Pompeya,4
-58.3671861890337,-34.6024341589905,1594,BAHIA MADERO,RESTAURANTE,INTERNACIONAL,MODERNO,4319 8730,,MOREAU DE JUSTO ALICIA,430,"MOREAU DE JUSTO, ALICIA AV. 430",Puerto Madero,1
-58.3711052388778,-34.5989813267213,2116,BAJO ALEM,BAR,MINUTAS,CLASICO PORTENO,4312 5709,lunes a viernes de 6 a 20,ALEM LEANDRO N.,750,"ALEM, LEANDRO N. AV. 750",San Nicolas,1
-58.40837938759189,-34.5804572079741,35,BAKANO,RESTAURANTE,PIZZERIA,MODERNO,4807 1011,,CERVIAO AV,3496,CERVIAO AV. 3496,Palermo,14
-58.3763345364325,-34.6010760574944,2117,BALDOMERO,BAR,MINUTAS,MODERNO,4393 8704,lunes a viernes de 8 a 20,TUCUMAN,681,TUCUMAN 681,San Nicolas,1
-58.38718683927421,-34.5992259359875,1653,BAMBU,RESTAURANTE,MINUTAS,CLASICO PORTENO,4813 0970,,CORDOBA,1415,CORDOBA AV. 1415,Recoleta,2
-58.42052790269071,-34.5900256363491,36,BANAURA BAR,RESTAURANTE,DE AUTOR,ART- DECO,,martes a domingo de 19 al cierre,SOLER,4202,SOLER 4202,Palermo,14
-58.358625844529,-34.6352625614996,1226,BANCHERO,RESTAURANTE,PIZZERIA,CLASICO PORTENO,4303 3232,lunes a domingo de 8 a 00,SUAREZ,396,SUAREZ 396,Boca,4
-58.4371516755552,-34.5834301032699,37,BAR,BAR,,,,,HONDURAS,5699,HONDURAS 5699,Palermo,14
-58.42757815712971,-34.5895653590043,39,BAR 6,BAR,INTERNACIONAL,DISENO,4833 6807,lunes a sabado de 8 a 3,ARMENIA,1676,ARMENIA 1676,Palermo,14
-58.4298424953751,-34.5887691465902,38,BAR ABIERTO,BAR,INTERNACIONAL,CLASICO PORTENO,4833 7640,,BORGES JORGE LUIS,1613,"BORGES, JORGE LUIS 1613",Palermo,14
-58.3731392674891,-34.6185346839657,2552,BAR ACONCAGUA,RESTAURANTE,TRADICIONAL,CLASICO PORTENO,4362 3826,lunes a viernes de 6 a 00,ESTADOS UNIDOS,502,ESTADOS UNIDOS 502,San Telmo,1
-58.3728360645541,-34.6030858787317,2118,BAR AMERICANO,RESTAURANTE,MINUTAS,MODERNO,4394 1459,lunes a viernes de 6 a 20,CORRIENTES,427,CORRIENTES AV. 427,San Nicolas,1
-58.3711471995797,-34.6042262630577,2120,BAR AMERICANO LA BOLSA,RESTAURANTE,MINUTAS,MODERNO,4325 0576,lunes a viernes de 6 a 20,SARMIENTO,301,SARMIENTO 301,San Nicolas,1
-58.3902133882866,-34.6147809002542,1346,BAR ASTURIANO,BAR,MINUTAS,CLASICO PORTENO,4383 3815,,VENEZUELA,1699,REPUBLICA BOLIVARIANA DE VENEZUELA 1699,Monserrat,1
-58.4042708666186,-34.5874919261464,1659,BARBACOA,RESTAURANTE,INTERNACIONAL,MODERNO,4805 0230,,BOLLINI,2133,BOLLINI 2133,Recoleta,2
-58.4106103795243,-34.5826035420544,47,BARBARO,BAR,,,4802 8388,,ARAOZ,2974,ARAOZ 2974,Palermo,14
-58.3556619193006,-34.6370072323802,1227,BAR BERLA,BAR,TRADICIONAL,CLASICO PORTENO,4303 8256,,DON PEDRO DE MENDOZA,1459,DON PEDRO DE MENDOZA AV. 1459,Boca,4
-58.3748458294464,-34.6111285854679,1349,BAR BIBON DE LAS LUCES,BAR,,,,,PERU,269,PERU 269,Monserrat,1
-58.3708348413262,-34.6253089258728,2554,BAR BRITANICO,RESTAURANTE,MINUTAS,CLASICO PORTENO,4361 2107,lunes a domingo de 1 a 00,BRASIL,399,BRASIL AV. 399,San Telmo,1
-58.4123863114573,-34.5942020468754,1655,BAR BUSTAMANTE,CAFE,INTERNACIONAL,CLASICO PORTENO,4963 6931,lunes a sabado de 6 a 23,SANCHEZ DE BUSTAMANTE,1382,SANCHEZ DE BUSTAMANTE 1382,Recoleta,2
-58.3767942819176,-34.6119738475866,1347,BAR CARLITOS,CAFE,MINUTAS,CLASICO PORTENO,4343 2216,,ROCA JULIO A. Pres.,737,"ROCA, JULIO A., PRESIDENTE AV. 737",Monserrat,1
-58.39130442087379,-34.6242998552023,1098,BAR & CO,RESTAURANTE,,,,,ENTRE RIOS,1322,ENTRE RIOS AV. 1322,Constitucion,1
-58.4064592618789,-34.5979562739376,1657,BAR CORDOBA,CAFE,MINUTAS,CLASICO PORTENO,4961 8848,lunes a domingo de 6 a 2,CORDOBA,2799,CORDOBA AV. 2799,Recoleta,2
-58.37614413290439,-34.6046001164955,2122,BAR DE BOCA,RESTAURANTE,MINUTAS,MODERNO,4325 3383,lunes a viernes de 8.30 a 17.30,SARMIENTO,667,SARMIENTO 667,San Nicolas,1
-58.399220116582,-34.593634517356,1656,BAR DINO,BAR,INTERNACIONAL,,,,AZCUENAGA,1277,AZCUENAGA 1277,Recoleta,2
-58.38601015574761,-34.6199219093523,1096,BAR DON,RESTAURANTE,INTERNACIONAL,CLASICO PORTENO,4304 2852,,CALVO CARLOS,1402,"CALVO, CARLOS 1402",Constitucion,1
-58.40919633994721,-34.6374708393184,1549,BAR EL MOLINO,RESTAURANTE,MINUTAS,CLASICO PORTENO,4677 1743,,24 DE NOVIEMBRE,2287,24 DE NOVIEMBRE 2287,Parque Patricios,4
-58.3841654639711,-34.6051633572406,2121,BAR GUANABARA,RESTAURANTE,,,4384 5229,,SARMIENTO,1232,SARMIENTO 1232,San Nicolas,1
-58.3888555706038,-34.637704432956,895,BAR HISPANO ARGENTINO,RESTAURANTE,MINUTAS,CLASICO PORTENO,4304 6036,,LUZURIAGA,301,LUZURIAGA 301,Barracas,4
-58.3767724514102,-34.6014583747148,2123,BAR HYDE PARK,RESTAURANTE,SANDWICHERIA,CLASICO PORTENO,4328 3930,lunes a domingo 00,MAIPU,572,MAIPU 572,San Nicolas,1
-58.390301313154,-34.6018899946493,2124,BAR IBERIA,RESTAURANTE,SANDWICHERIA,CLASICO PORTENO,4372 7298,lunes a viernes de 7 a 21,TUCUMAN,1648,TUCUMAN 1648,San Nicolas,1
-58.40586986008571,-34.5779622344737,41,BAR K-FE,CAFE,,,4803 9486,,CASTEX,3390,CASTEX 3390,Palermo,14
-58.4071101170768,-34.5936881404824,1658,BAR LAPRIDA,BAR,MINUTAS,CLASICO PORTENO,4827 2984,lunes a viernes de 6 a 22,CHARCAS,2900,CHARCAS 2900,Recoleta,2
-58.3898816897671,-34.6006844678286,2125,BAR LA ROBLA,RESTAURANTE,INTERNACIONAL,,4811 4484,,VIAMONTE,1615,VIAMONTE 1615,San Nicolas,1
-58.3725090582826,-34.5957222983705,1958,BAR LEGALES,CAFE,MINUTAS,CLASICO PORTENO,4312 5806,lunes a viernes de 7 a 19,ALEM LEANDRO N.,1028,"ALEM, LEANDRO N. AV. 1028",Retiro,1
-58.41050746722649,-34.5922812620218,1654,BAR LOS ANGELES,RESTAURANTE,MINUTAS,CLASICO PORTENO,4821 9036,,SANCHEZ DE BUSTAMANTE,1626,SANCHEZ DE BUSTAMANTE 1626,Recoleta,2
-58.3842939694692,-34.6166703859505,1350,BAR MAYO,CAFE,MINUTAS,CLASICO PORTENO,4383 6710,,CHILE,1300,CHILE 1300,Monserrat,1
-58.3810840673032,-34.600883025285,2127,BAR MEMOS,BAR,MINUTAS,ESPEJOS,,lunes a viernes de 7 a 19,PELLEGRINI CARLOS,645,"PELLEGRINI, CARLOS 645",San Nicolas,1
-58.38450263243521,-34.6282515332315,1099,BAR MICHI,RESTAURANTE,MINUTAS,,,,BRASIL,1302,BRASIL 1302,Constitucion,1
-58.3768430825713,-34.60701148621011,2126,BAR MITRE,BAR,MINUTAS,MODERNO,4342 2704,lunes a viernes de 6 a 21,MITRE BARTOLOME,730,"MITRE, BARTOLOME 730",San Nicolas,1
-58.43797175521979,-34.58396738821769,48,BAROLO BISTRO,RESTAURANTE,DE AUTOR,,4772 0841,lunes a viernes de 12 a 15 y de 20 al cierre,BONPLAND,1621,BONPLAND 1621,Palermo,14
-58.42420182979399,-34.5829449181851,43,BAR PATRICE,CAFE,MINUTAS,MODERNO,4776 1485,,CHARCAS,4402,CHARCAS 4402,Palermo,14
-58.4137379256526,-34.5916979147992,49,BARRA BONITA,RESTAURANTE,,MODERNO,4825 3342,lunes a sabado mediodia y noche,MANSILLA LUCIO NORBERTO GRAL.,3499,"MANSILLA, LUCIO NORBERTO, GENERAL 3499",Palermo,14
-58.3709837530274,-34.6007353472034,2135,BARRA LA TASCA,BAR,MINUTAS,CLASICO PORTENO,4311 6699,lunes a sabado de 5 a 20,TUCUMAN,238,TUCUMAN 238,San Nicolas,1
-58.3895247706281,-34.6043116010286,2128,BAR RAMOS,BAR,MINUTAS,MODERNO,4374 7046,lunes a domingo de 1 a 00,CORRIENTES,1604,CORRIENTES AV. 1604,San Nicolas,1
-58.39824447161529,-34.5893752547512,1661,BARRIENTOS,RESTAURANTE,,,4807 1936,,LARREA,1541,LARREA 1541,Recoleta,2
-58.3748531102525,-34.6110114683921,1351,BAR SIN NOMBRE,BAR,,,,,PERU,259,PERU 259,Monserrat,1
-58.3703750089991,-34.6043153172722,2130,BAR SRL,BAR,MINUTAS,MODERNO,4331 6285,lunes a viernes de 6 a 22,ALEM LEANDRO N.,292,"ALEM, LEANDRO N. AV. 292",San Nicolas,1
-58.3783021905292,-34.6023430213295,2129,BAR SUAREZ,BAR,MINUTAS,,4312 9222,,LAVALLE,803,LAVALLE 803,San Nicolas,1
-58.4245685077012,-34.5848697091763,72,B'ART,RESTAURANTE,TAPAS,TEATRAL,4777 1112,,BORGES JORGE LUIS,2180,"BORGES, JORGE LUIS 2180",Palermo,14
-58.3740042446174,-34.6003310265344,2131,BAR TIENDA LA BUSQUEDA,BAR,MINUTAS,DISENO,4311 4167,lunes a miercoles de 9 a 20 - jueves a sabado de 9 a 00,SAN MARTIN,657,SAN MARTIN 657,San Nicolas,1
-58.42615385636189,-34.588810323608,52,BARTOK,RESTAURANTE,,,4831 5441,,COSTA RICA,4600,COSTA RICA 4600,Palermo,14
-58.38145429260999,-34.6284127890946,1097,BARTOLO,CAFE,MINUTAS,MODERNO,4304 6113,,LIMA,1749,LIMA 1749,Constitucion,1
-58.3710914536755,-34.6065494482009,2134,BARTOLO,BAR,MINUTAS,MODERNO,,lunes a viernes de 6 a 20,MITRE BARTOLOME,321,"MITRE, BARTOLOME 321",San Nicolas,1
-58.3792963732862,-34.6012373788545,2132,BAR TUCUMAN,CAFE,MINUTAS,CLASICO PORTENO,4394 6074,lunes a viernes de 7 a 18,TUCUMAN,877,TUCUMAN 877,San Nicolas,1
-58.3796704152538,-34.5995456440951,2133,BAR UNO,CAFE,MINUTAS,CLASICO PORTENO,4322 3350,lunes a viernes de 8 a 18,SUIPACHA,757,SUIPACHA 757,San Nicolas,1
-58.4324650172254,-34.5876535042333,44,BAR URIARTE,RESTAURANTE,ITALIANA,MODERNO,4834 6004,lunes a domingo de 9 al cierre,URIARTE,1572,URIARTE 1572,Palermo,14
-58.41042997422271,-34.5887142745057,46,BAR VILAS,RESTAURANTE,SANDWICHERIA,MODERNO,4822 1376,,SANTA FE,3219,SANTA FE AV. 3219,Palermo,14
-58.41042997422271,-34.5887142745057,45,BAR VITO'S,BAR,MINUTAS,MODERNO,4822 1376,,SANTA FE,3219,SANTA FE AV. 3219,Palermo,14
-58.36468615869821,-34.6007296786576,1595,BAS BUENOS AIRES,RESTAURANTE,TRADICIONAL,DISENO,4312 2037,,"COSSETTINI, OLGA",260,"COSSETTINI, OLGA 260",Puerto Madero,1
-58.38893215129441,-34.6030361158772,2137,BAY BEN BAR NUEVO CAFE,BAR,MINUTAS,CLASICO PORTENO,4373 6000,lunes a viernes de 8 a 19,LAVALLE,1564,LAVALLE 1564,San Nicolas,1
-58.37882777030661,-34.60121755938,2139,BAYONA,BAR,INTERNACIONAL,CLASICO PORTENO,4322 3457,lunes a viernes de 8 a 19,TUCUMAN,839,TUCUMAN 839,San Nicolas,1
-58.41042396757749,-34.5864071338423,30,B & B,RESTAURANTE,MINUTAS,MODERNO,4827 4343,,BULNES,2215,BULNES 2215,Palermo,14
-58.37914696733729,-34.6128715059192,1352,BELGRANO 901,BAR,MINUTAS,,4334 4280,lunes a viernes de 6 a 21,BELGRANO,901,BELGRANO AV. 901,Monserrat,1
-58.3776748193087,-34.6151283952156,1353,BELLISIMO,RESTAURANTE,INTERNACIONAL,MODERNO,4342 0830,lunes a viernes de 8 a 19,MEXICO,802,MEXICO 802,Monserrat,1
-58.3791920075764,-34.5940656828756,1959,BENGAL,CAFE,ITALIANA,CLASICO PORTENO,4314 2926,lunes a sabado de 12 a 15 y de 20 al cierre,ARENALES,837,ARENALES 837,Retiro,1
-58.4022863370263,-34.5908206753327,1660,BENITA,RESTAURANTE,INTERNACIONAL,MODERNO,4823 3883,,ANCHORENA TOMAS M. DE DR,1716,"ANCHORENA, TOMAS MANUEL DE, DR. 1716",Recoleta,2
-58.42184763547729,-34.5845748691511,51,BERALDI,BAR,PORTENA,,4833 1144,,CHARCAS,4191,CHARCAS 4191,Palermo,14
-58.4014836346891,-34.5927687427785,1662,BERCY,RESTAURANTE,,,4822 0777,,PUEYRREDON AV,1585,PUEYRREDON AV. 1585,Recoleta,2
-58.4256081050185,-34.5882586447196,53,BEREBER,BAR,MARROQUI,ARABE,4832 5662,,ARMENIA,1880,ARMENIA 1880,Palermo,14
-58.36747212525621,-34.599966649833,1596,BICE,RESTAURANTE,ITALIANA,CLASICO PORTENO,4315 6216,,MOREAU DE JUSTO ALICIA,192,"MOREAU DE JUSTO, ALICIA AV. 192",Puerto Madero,1
-58.3731815696721,-34.6056076257147,2140,BIDOU DE LA MERCED,RESTAURANTE,,,4343 7812,,PERON JUAN DOMINGO TTE.,462,"PERON, JUAN DOMINGO, TTE. GENERAL 462",San Nicolas,1
-58.3748458294464,-34.6111285854679,1356,BIDOU DE LAS LUCES,RESTAURANTE,INTERNACIONAL,ANTIGUO,4331 1466,,PERU,269,PERU 269,Monserrat,1
-58.3713346513676,-34.6019873026873,2141,BIDOU DE LAVALLE,RESTAURANTE,MINUTAS,CLASICO PORTENO,4311 5573,lunes a viernes de 7 a 21,LAVALLE,302,LAVALLE 302,San Nicolas,1
-58.3826046080033,-34.5988554966823,1961,BIG BEN,RESTAURANTE,INTERNACIONAL,ANTIGUO,4815 3359,lunes a viernes de 7 a 21,CERRITO,814,CERRITO 814,Retiro,1
-58.3830746121351,-34.5954114246346,1960,BIG GARDEN,RESTAURANTE,INTERNACIONAL,MODERNO,4816 7600,,SANTA FE,1113,SANTA FE AV. 1113,Retiro,1
-58.43297070653011,-34.5669544837751,54,BIG MAMMA,RESTAURANTE,INTERNACIONAL,MODERNO,4772 0926,,MATIENZO BENJAMIN,1599,"MATIENZO, BENJAMIN, TENIENTE 1599",Palermo,14
-58.4127777054021,-34.5801465774163,56,BIG MAMMA,RESTAURANTE,MEDITERRANEA,AMERICANO,4806 6822,,CABELLO,3760,CABELLO 3760,Palermo,14
-58.3732974124912,-34.5953190345232,1962,BIG MAMMA,RESTAURANTE,TRADICIONAL,MODERNO,4894 1232,lunes a viernes de 8 a 20,RECONQUISTA,1080,RECONQUISTA 1080,Retiro,1
-58.3753621086916,-34.5988587131616,2143,BILLY LOMITO,RESTAURANTE,FAST FOOD,MODERNO,5555 5150,lunes a domingo de 9 a 22.30,FLORIDA,787,FLORIDA 787,San Nicolas,1
-58.4311146522592,-34.5812187621092,55,BIO,RESTAURANTE,VEGETARIANA,MODERNO,4774 3880,lunes a domingo de 12 a 16 - martes a domingo de 20 al cierre,HUMBOLDT,2199,HUMBOLDT 2199,Palermo,14
-58.3869883299818,-34.5984307178787,1963,BIRD,RESTAURANTE,TRADICIONAL,JAZZ,4813 7619,,URUGUAY,886,URUGUAY 886,Recoleta,2
-58.3963401836149,-34.5986309302088,1666,BISCIUT,RESTAURANTE,TRADICIONAL,MODERNO,4962 8155,,PARAGUAY,2027,PARAGUAY 2027,Recoleta,2
-58.393094073045,-34.5991198791461,1663,BISCOCH,RESTAURANTE,,,4816 5500,,CALLAO,856,CALLAO AV. 856,Recoleta,2
-58.3617535312486,-34.6136300825958,2827,BISTRO SUR,RESTAURANTE,CONTEMPORANEA,MODERNO,4010 9200,martes a sabado de 20 a 1,Salotti,445,SALOTTI MARTHA 445,Puerto Madero,1
-58.3741752025791,-34.6010048762387,2142,BLOSSOM,RESTAURANTE,MINUTAS,CLASICO PORTENO,4322 8614,lunes a viernes de 8 a 17,TUCUMAN,516,TUCUMAN 516,San Nicolas,1
-58.3967124228152,-34.5924332942649,1664,BLUE BROWN,RESTAURANTE,,,4822 3085,,JUNIN,1350,JUNIN 1350,Recoleta,2
-58.4261526765202,-34.5850562878076,57,BO-BO,RESTAURANTE,FUSION,DISENO,4774 0505,lunes a domingo de 8 a 1,GUATEMALA,4882,GUATEMALA 4882,Palermo,14
-58.4214407783958,-34.5734937910651,58,BOCADOS,RESTAURANTE,TRADICIONAL,MODERNO,4775 2088,,SEGUI,4611,"SEGUI, JUAN FRANCISCO 4611",Palermo,14
-58.3606742538685,-34.6320733105278,1225,BOCHICHA,RESTAURANTE,INTERNACIONAL,MODERNO,4361 1816,,BROWN ALTE.,802,"BROWN, ALTE. AV. 802",Boca,4
-58.4375355725268,-34.5802023162512,60,BODEGA 52,RESTAURANTE,,,4774 6908,,RAVIGNANI EMILIO Dr.,1905,"RAVIGNANI, EMILIO, Dr. 1905",Palermo,14
-58.4328772790739,-34.5706612906532,59,BODEN SEE,RESTAURANTE,INTERNACIONAL,CLASICO PORTENO,4774 9064,,ORTEGA Y GASSET,1880,ORTEGA Y GASSET 1880,Palermo,14
-58.4313697482871,-34.5731584351799,61,BOKOTO,RESTAURANTE,JAPONESA,ORIENTAL,4776 6505,,HUERGO,261,HUERGO 261,Palermo,14
-58.4228097663659,-34.5715333723722,62,BOM FIM,RESTAURANTE,MINUTAS,MODERNO,4775 9920,,DEL LIBERTADOR,3883,DEL LIBERTADOR AV. 3883,Palermo,14
-58.3748217681259,-34.6045690931779,2144,BOMPLER,RESTAURANTE,INTERNACIONAL,,4328 8900,,SARMIENTO,570,SARMIENTO 570,San Nicolas,1
-58.41098666330011,-34.5904158677666,64,BON JOUR,RESTAURANTE,PIZZERIA,CLASICO PORTENO,4822 0615,,GUEMES,3299,GUEMES 3299,Recoleta,2
-58.41098666330011,-34.5904158677666,1665,BONJOUR - PIZZA,RESTAURANTE,ITALIANA,MODERNO,4822 0615,,GUEMES,3299,GUEMES 3299,Recoleta,2
-58.37797880847221,-34.6034049696082,2146,BORDO,RESTAURANTE,INTERNACIONAL,,4322 1239,,CORRIENTES,799,CORRIENTES AV. 799,San Nicolas,1
-58.3829922989408,-34.624482407797,1100,BOREAL,CAFE,MINUTAS,CLASICO PORTENO,4304 8529,,SALTA,1391,SALTA 1391,Constitucion,1
-58.3750252402059,-34.6061256894968,2145,BOSTON CITY,RESTAURANTE,MINUTAS,CLASICO PORTENO,4343 1438,lunes a viernes de 7 a 19,FLORIDA,165,FLORIDA 165,San Nicolas,1
-58.43346240311211,-34.5707495816247,66,BRAULIO,RESTAURANTE,TRADICIONAL,CLASICO PORTENO,4777 8081,lunes a domingo mediodia y noche,BAEZ,518,BAEZ 518,Palermo,14
-58.37701038058159,-34.6069658698104,2147,BREAD FACTORY,CAFE,PORTENA,MODERNO,4322 2786,lunes a viernes de 8 a 19,MITRE BARTOLOME,747,"MITRE, BARTOLOME 747",San Nicolas,1
-58.371244028419,-34.6015497642587,2150,BREAK TIME,RESTAURANTE,FUSION,MODERNO,4312 1010,lunes a viernes de 8 a 20,25 DE MAYO,536,25 DE MAYO 536,San Nicolas,1
-58.38858227750979,-34.6054342533316,2149,BRETON,RESTAURANTE,MINUTAS,MODERNO,4374 3033,lunes a viernes de 7 a 2 - sabado de 1 a 00 - domingo de 7 a 00,SARMIENTO,1548,SARMIENTO 1548,San Nicolas,1
-58.39981847749871,-34.5920161811421,1667,BRICCO,RESTAURANTE,MINUTAS,MODERNO,4821 6979,lunes a sabado de 7 a 21,JUNCAL,2295,JUNCAL 2295,Recoleta,2
-58.39207387981111,-34.6045039553048,2151,BRICK,RESTAURANTE,TRADICIONAL,MODERNO,4371 1916,lunes a domingo de 7 a 2,CORRIENTES,1792,CORRIENTES AV. 1792,San Nicolas,1
-58.42608368964189,-34.5888574807608,68,BRIS,RESTAURANTE,SANDWICHERIA,MODERNO,4833 6776,,COSTA RICA,4592,COSTA RICA 4592,Palermo,14
-58.3782940836411,-34.599270459287,2153,BROCCOLINO,RESTAURANTE,ITALIANA,ITALIANA,4322 7652,,ESMERALDA,776,ESMERALDA 776,San Nicolas,1
-58.3717149548086,-34.6043322727974,2152,BROKER BAR,RESTAURANTE,INTERNACIONAL,ANTIGUO,4342 9970,lunes a viernes de 8 a 20,SARMIENTO,342,SARMIENTO 342,San Nicolas,1
-58.4300173181227,-34.5884754694234,67,BRUJAS,RESTAURANTE,PIZZERIA,MODERNO,4831 3712,,BORGES JORGE LUIS,1640,"BORGES, JORGE LUIS 1640",Palermo,14
-58.4149134377545,-34.5956511975078,1668,BRULE,CAFE,MINUTAS,MODERNO,4963 5749,lunes a viernes de 8 a 20,GORRITI,3600,GORRITI 3600,Recoleta,2
-58.3960522185763,-34.5979159171327,1669,BRUNCH,CAFE,MINUTAS,CLASICO PORTENO,4962 8381,,AYACUCHO,966,AYACUCHO 966,Recoleta,2
-58.4333433730984,-34.5909636419917,69,BRUNELLO,RESTAURANTE,MINUTAS,,4776 0705,,VEGA NICETO Cnel.,4992,"VEGA, NICETO, Cnel. 4992",Palermo,14
-58.42004256189961,-34.5841184750662,70,BS.AS. ESPRESSO,RESTAURANTE,MINUTAS,MODERNO,4812 3295,,GUEMES,4229,GUEMES 4229,Palermo,14
-58.3714163563274,-34.5997421169746,2154,BUDAPEST,RESTAURANTE,INTERNACIONAL,CLASICO PORTENO,4312 5445,lunes a viernes de 8 a 2,25 DE MAYO,690,25 DE MAYO 690,San Nicolas,1
-58.3903900409146,-34.6091006085199,2155,BUENA SUERTE,RESTAURANTE,INTERNACIONAL,,4373 0814,,RIVADAVIA AV,1689,RIVADAVIA AV. 1689,San Nicolas,1
-58.394960888109,-34.589161738365,1670,BUEN GUSTO,RESTAURANTE,MINUTAS,MODERNO,4808 0072,,LAS HERAS GRAL.,2101,LAS HERAS GENERAL AV. 2101,Recoleta,2
-58.4228097663659,-34.5715333723722,71,BUENOS AIRES NEWS,RESTAURANTE,PIZZERIA,MODERNO,4778 1500,jueves a sabado de 12 al cierre,DEL LIBERTADOR,3883,DEL LIBERTADOR AV. 3883,Palermo,14
-58.3712301203535,-34.6147669525393,2558,BURZAKO,RESTAURANTE,ESPANOLA,CLASICO PORTENO,4334 0721,lunes a viernes de 12 a 16- jueves a sabado de 20 a 1,MEXICO,345,MEXICO 345,Monserrat,1
-58.401962012392,-34.5978270881844,1672,BUZIOS,RESTAURANTE,,,,,PARAGUAY,2400,PARAGUAY 2400,Recoleta,2
-58.3732887891772,-34.6394943522761,897,CABAAA COLONIA BARRACAS,RESTAURANTE,ALEMANA,ALEMANA,4301 2999,,OLAVARRIA,1601,OLAVARRIA 1601,Barracas,4
-58.4284643335187,-34.5876640253608,74,CABERNET,RESTAURANTE,DE AUTOR,ELEGANTE,4831 3071,,BORGES JORGE LUIS,1757,"BORGES, JORGE LUIS 1757",Palermo,14
-58.38967806413779,-34.6018526939373,2156,CAFE AZNAR,RESTAURANTE,SANDWICHERIA,CLASICO PORTENO,4373 5725,lunes a viernes de 10 a 19,TUCUMAN,1602,TUCUMAN 1602,San Nicolas,1
-58.3901910652059,-34.6167450316901,1354,CAFE BAR CHISOL,RESTAURANTE,,,4383 2632,,CHILE,1699,CHILE 1699,Monserrat,1
-58.3634193303445,-34.639240825401,2157,CAFE BAR DE LOS ARTISTAS,BAR,SANDWICHERIA,CLASICO PORTENO,4301 0171,lunes a domingo de 10 a 18,ARAOZ DE LAMADRID G. GRAL.,784,"ARAOZ DE LAMADRID, GREGORIO, GRAL. 784",Boca,4
-58.36248262531961,-34.6396026764778,1228,CAFE BAR FILIBERTO,RESTAURANTE,SANDWICHERIA,CLASICO PORTENO,4302 1815,lunes a domingo de 9.30 a 18,MAGALLANES,825,MAGALLANES 825,Boca,4
-58.3745344994785,-34.6044911972746,2159,CAFE BARI,BAR,MINUTAS,MODERNO,4325 0444,lunes a viernes de 7 a 18,SARMIENTO,561,SARMIENTO 561,San Nicolas,1
-58.38883178103021,-34.6113156380454,1357,CAFE BUENOS AIRES,RESTAURANTE,MINUTAS,CLASICO PORTENO,4372 6734,,ALSINA ADOLFO,1600,"ALSINA, ADOLFO 1600",Monserrat,1
-58.37769145452379,-34.6070715221176,2170,CAFECITO,CAFE,MINUTAS,MODERNO,4343 5222,lunes a domingo de 8 a 1,MITRE BARTOLOME,790,"MITRE, BARTOLOME 790",San Nicolas,1
-58.42235341756929,-34.577441392175,73,CAFE DE LA AMISTAD,BAR,MINUTAS,MODERNO,4772 6929,,JUNCAL,4499,JUNCAL 4499,Palermo,14
-58.3806711786312,-34.6035697290914,2158,CAFE DE LA CIUDAD,CAFE,MINUTAS,,4322 6174,,CORRIENTES,999,CORRIENTES AV. 999,San Nicolas,1
-58.3832700572561,-34.610946495358,1355,CAFE DE LA FLOR,CAFE,MINUTAS,MODERNO,4384 6196,,ALSINA ADOLFO,1200,"ALSINA, ADOLFO 1200",Monserrat,1
-58.3906381365959,-34.5877197392375,1674,CAFE DE LA PAIX,RESTAURANTE,INTERNACIONAL,MODERNO,4804 6820,,QUINTANA,595,"QUINTANA, MANUEL, PRES. AV. 595",Recoleta,2
-58.3858265428088,-34.6015526943324,2160,CAFE DE LAS CORTES,CAFE,MINUTAS,MODERNO,4373 2542,lunes a viernes de 7 a 18,TUCUMAN,1327,TUCUMAN 1327,San Nicolas,1
-58.4259752144856,-34.5885014727585,75,CAFE DE LA SEDA,BAR,INTERNACIONAL,CLASICO PORTENO,4831 4040,,ARMENIA,1820,ARMENIA 1820,Palermo,14
-58.37338354649079,-34.6107270132336,1358,CAFE DE LAS LUCES,CAFE,INTERNACIONAL,CLASICO PORTENO,4342 9312,,BOLIVAR,240,BOLIVAR 240,Monserrat,1
-58.4165609859791,-34.5846348966652,76,CAFE DEL BOTANICO,CAFE,INTERNACIONAL,MODERNO,4833 5515,,SANTA FE,3799,SANTA FE AV. 3799,Palermo,14
-58.3792959006896,-34.6057256166952,2162,CAFE EL URBANO,RESTAURANTE,TRADICIONAL,MODERNO,4328 6409,,SUIPACHA,237,SUIPACHA 237,San Nicolas,1
-58.3740597838249,-34.6021676384931,2164,CAFE FINANZAS,RESTAURANTE,MINUTAS,CLASICO PORTENO,4322 6677,lunes a sabado de 7 a 22,LAVALLE,502,LAVALLE 502,San Nicolas,1
-58.41033571237579,-34.5908377988404,1675,CAFE FLORENCIA,CAFE,MINUTAS,MODERNO,4826 5777,,GUEMES,3199,GUEMES 3199,Recoleta,2
-58.40593452002651,-34.5899763781544,1677,CAFE FUNDADOR,CAFE,MINUTAS,MODERNO,4827 5040,,BERUTI,2954,BERUTI 2954,Recoleta,2
-58.38806837728249,-34.6028556017679,2165,CAFE HOMERO,RESTAURANTE,MINUTAS,MODERNO,4372 3929,lunes a viernes de 8 a 20,LAVALLE,1501,LAVALLE 1501,San Nicolas,1
-58.38928634982449,-34.6042103804562,2167,CAFE LA PAZ,RESTAURANTE,MINUTAS,MODERNO,4373 3647,lunes a domingo de 7 a 00,CORRIENTES,1593,CORRIENTES AV. 1593,San Nicolas,1
-58.3893157054626,-34.5877489372577,1676,CAFE MARTINEZ,CAFE,PIZZERIA,MODERNO,4805 7509,,AYACUCHO,1985,AYACUCHO 1985,Recoleta,2
-58.3879826466194,-34.5992634134513,1678,CAFE MARTINEZ,CAFE,MINUTAS,CLASICO PORTENO,4816 3223,,CORDOBA,1499,CORDOBA AV. 1499,Recoleta,2
-58.4191623785038,-34.5732470647079,77,CAFE MARTINEZ,CAFE,,,,,DEL LIBERTADOR,3598,DEL LIBERTADOR AV. 3598,Palermo,14
-58.4098625506874,-34.5800357266418,79,CAFE MARTINEZ,CAFE,,,4804 6804,,SCALABRINI ORTIZ RAUL,3195,"SCALABRINI ORTIZ, RAUL 3195",Palermo,14
-58.3885373616959,-34.5951935932355,1679,CAFE MARTINIQUE,CAFE,,,4815 6565,,PARANA,1156,PARANA 1156,Recoleta,2
-58.38885987522701,-34.5892956195728,1680,CAFE MONET,CAFE,MINUTAS,CLASICO PORTENO,4812 6983,lunes a domingo de 7 a 00,QUINTANA MANUEL PRES.,400,"QUINTANA, MANUEL, PRES. 400",Recoleta,2
-58.3858936922106,-34.6147657367705,1359,CAFE MONSERRAT,CAFE,SANDWICHERIA,MODERNO,4381 2588,,SAN JOSE,524,SAN JOSE 524,Monserrat,1
-58.3739917440171,-34.5985234913518,1964,CAFE ORLEANS,CAFE,MINUTAS,CLASICO PORTENO,4311 5194,,CORDOBA,499,CORDOBA AV. 499,Retiro,1
-58.3811694446177,-34.5995203615198,2166,CAFE PELLEGRINI,RESTAURANTE,MINUTAS,CLASICO PORTENO,4322 1555,lunes a sabado de 8 a 1,PELLEGRINI CARLOS,761,"PELLEGRINI, CARLOS 761",San Nicolas,1
-58.381225709303,-34.5952576633124,1965,CAFE PLAZA,RESTAURANTE,TRADICIONAL,CLASICO PORTENO,4393 4833,lunes a domingo de 12 a 3,SANTA FE,999,SANTA FE AV. 999,Retiro,1
-58.39110967927279,-34.5880737946053,1682,CAFE QUINTANA,RESTAURANTE,MINUTAS,ANTIGUO,4804 0016,,ORTIZ ROBERTO M. Pres.,1865,"ORTIZ, ROBERTO M., Pres. 1865",Recoleta,2
-58.38951521357921,-34.5887608493187,1681,CAFE QUINTANA,RESTAURANTE,MINUTAS,CLASICO PORTENO,4805 1328,,QUINTANA MANUEL PRES.,460,"QUINTANA, MANUEL, PRES. AV. 460",Recoleta,2
-58.3587532469695,-34.6362469202574,1229,CAFE ROMA,CAFE,SANDWICHERIA,ANTIGUO,4302 1354,lunes a domingo de 7 a 20,OLAVARRIA,409,OLAVARRIA 409,Boca,4
-58.3721320880655,-34.621950063201,2556,CAFE SAN JUAN,RESTAURANTE,INTERNACIONAL,FRANCES,4300 1112,martes a domingo de 10 a 00,SAN JUAN,450,SAN JUAN AV. 450,San Telmo,1
-58.387119516793,-34.5967536012101,1966,CAFE SMPSON,RESTAURANTE,SANDWICHERIA,ANTIGUO,4813 4910,,URUGUAY,1026,URUGUAY 1026,Recoleta,2
-58.3705774444189,-34.6107636269867,1360,CAFE STATUS,CAFE,MINUTAS,MODERNO,,,BALCARCE,254,BALCARCE 254,Monserrat,1
-58.372546512838,-34.604398996599,2168,CAFE STERLING,RESTAURANTE,MINUTAS,MODERNO,4394 8761,lunes a viernes de 7 a 20,SARMIENTO,402,SARMIENTO 402,San Nicolas,1
-58.3861175124966,-34.6112505469805,1361,CAFETERIA 2003,RESTAURANTE,MINUTAS,MODERNO,4381 4773,,SAN JOSE,220,SAN JOSE 220,Monserrat,1
-58.3885507620998,-34.634157561239,898,CAFETERIA F.A.S,RESTAURANTE,MINUTAS,CLASICO PORTENO,,,PERDRIEL,25,PERDRIEL 25,Barracas,4
-58.38951726672379,-34.601189622436,2172,CAFETERIA MONTEVIDEO,CAFE,MINUTAS,,4373 5840,lunes a viernes de 8 a 19.30,MONTEVIDEO,667,MONTEVIDEO 667,San Nicolas,1
-58.3781220717603,-34.6088255573869,1362,CAFE TORTONI,RESTAURANTE,PARRILLA,ANTIGUO,4342 4328,lunes a sabado de 8 a 3.30 - domingo de 8 a 1,DE MAYO,825,DE MAYO AV. 825,Monserrat,1
-58.37911820647179,-34.605965981214,2169,CAFE VIENES,BAR,FAST FOOD,MODERNO,4327 0407,lunes a domingo de 7 a 1,PERON JUAN DOMINGO TTE.,893,"PERON, JUAN DOMINGO, TTE. GENERAL 893",San Nicolas,1
-58.3814226722291,-34.5950874342576,1967,CAFE VINCENT,CAFE,MINUTAS,CLASICO PORTENO,4394 0933,lunes a sabado de 9 a 22,PELLEGRINI CARLOS,1123,"PELLEGRINI, CARLOS 1123",Retiro,1
-58.3915509579091,-34.6000166542063,2171,CAFE Y BAR ENCUENTRO,BAR,MINUTAS,,4813 0915,,RODRIGUEZ PEAA,780,RODRIGUEZ PEAA 780,San Nicolas,1
-58.4481993785153,-34.5681653795398,80,CAFFE CITY,CAFE,,,,,CABILDO,1209,CABILDO AV. 1209,Palermo,14
-58.4044688947324,-34.580904421593,78,CAFFE TABAC,BAR,MINUTAS,CLASICO PORTENO,4802 1191,,DEL LIBERTADOR,2300,DEL LIBERTADOR AV. 2300,Palermo,14
-58.37794794752629,-34.6094461138415,1363,CAFIOLO,RESTAURANTE,MINUTAS,,4331 3448,lunes a viernes de 7 a 20,YRIGOYEN HIPOLITO,802,"YRIGOYEN, HIPOLITO 802",Monserrat,1
-58.3776535089406,-34.6033850510761,2173,CAIMUN,RESTAURANTE,INTERNACIONAL,,4394 6742,,CORRIENTES,777,CORRIENTES AV. 777,San Nicolas,1
-58.4270959620425,-34.5906770501683,81,CALDEN DEL SOHO,BAR,TRADICIONAL,CLASICO PORTENO,4833 2211,,HONDURAS,4701,HONDURAS 4701,Palermo,14
-58.4378467796933,-34.585567502287,82,CALLE ROY,RESTAURANTE,MEDITERRANEA,MODERNO,4772 8281,martes a sabado de 21 al cierre,FITZ ROY,1519,FITZ ROY 1519,Palermo,14
-58.3731539273988,-34.614719905136,1365,CAMBALACHE,RESTAURANTE,INTERNACIONAL,TANGO,4342 4244,,BOLIVAR,592,BOLIVAR 592,Monserrat,1
-58.3624004872766,-34.6383060169684,1230,CAMINITO TANGO SHOW,CAFE,INTERNACIONAL,TANGO,4301 1520,,VALLE IBERLUCEA del Dr.,1158,"VALLE IBERLUCEA del, Dr. 1158",Boca,4
-58.39824447161529,-34.5893752547512,1683,CAMPECHANO,RESTAURANTE,PARRILLA,MODERNO,4806 6015,,LARREA,1541,LARREA 1541,Recoleta,2
-58.431053069061,-34.5721702881643,84,CAMPO BRAVO,RESTAURANTE,PARRILLA,CLASICO PORTENO,4514 5820,,BAEZ,292,BAEZ 292,Palermo,14
-58.3861004650004,-34.6145307719032,1364,CAMPO DEI FIORI,RESTAURANTE,ITALIANA,ESPANOL,4381 1800,,VENEZUELA,1401,REPUBLICA BOLIVARIANA DE VENEZUELA 1401,Monserrat,1
-58.4305107160176,-34.571080072738,83,CAMPO DEI FIORI,RESTAURANTE,ITALIANA,CLASICO PORTENO,4778 0550,,ARCE,305,ARCE 305,Palermo,14
-58.4017025819531,-34.5932490943454,1684,CAMPOS DEL PILAR,RESTAURANTE,TRADICIONAL,,4807 5488,lunes a lunes de 12 a 15 y de 20 a 00,PUEYRREDON AV,1501,PUEYRREDON AV. 1501,Recoleta,2
-58.408604027059,-34.5805199607579,86,CANAL,RESTAURANTE,PARRILLA,,4802 6461,,SALGUERO JERONIMO,2692,"SALGUERO, JERONIMO 2692",Palermo,14
-58.3832168529398,-34.5990394555843,1968,CANDILEJAS,CAFE,,,,,CORDOBA,1147,CORDOBA AV. 1147,Retiro,1
-58.39761238396461,-34.5928708380496,1685,CANELA,RESTAURANTE,DE AUTOR,CLASICO PORTENO,4825 8330,,JUNCAL,2124,JUNCAL 2124,Recoleta,2
-58.4247892537588,-34.5773581237202,89,CANGAS DE NARCEA,RESTAURANTE,ESPANOLA,CLASICO PORTENO,4773 3351,,BERUTI,4643,BERUTI 4643,Palermo,14
-58.3829729766446,-34.6085665268931,1366,CANTARES,RESTAURANTE,TAPAS,,4381 6965,,RIVADAVIA AV,1180,RIVADAVIA AV. 1180,Monserrat,1
-58.403040398904,-34.5976409725521,87,CANTON,RESTAURANTE,INTERNACIONAL,CLASICO PORTENO,4778 3896,,PARAGUAY,2476,PARAGUAY 2476,Recoleta,2
-58.4248526638671,-34.5797325727077,90,CANTONES,RESTAURANTE,INTERNACIONAL,,,,FRAY JUSTO SANTAMARIA DE ORO,2466,FRAY JUSTO SANTAMARIA DE ORO 2466,Palermo,14
-58.3766835061102,-34.6019177600224,2175,CAPATAZ,RESTAURANTE,,,,,MAIPU,529,MAIPU 529,San Nicolas,1
-58.3793264721243,-34.6067821038127,2174,CAPITELES,RESTAURANTE,TRADICIONAL,MODERNO,4325 0889,lunes a viernes de 8 a 18,SUIPACHA,130,SUIPACHA 130,San Nicolas,1
-58.37453207850861,-34.6150919703098,1367,CAPRI,RESTAURANTE,INTERNACIONAL,COLONIAL,4361 9600,lunes a sabado de 8 a 20,PERU,602,PERU 602,Monserrat,1
-58.38523506642839,-34.6039994249466,2176,CAPRIATTI,RESTAURANTE,ITALIANA,MODERNO,,lunes a domingo de 7 a 00,CORRIENTES,1302,CORRIENTES AV. 1302,San Nicolas,1
-58.4256119126355,-34.5855627593522,2818,Caracas Bar,BAR,VENEZOLANA,MODERNO,47768704,lunes a lunes de 12.30 a 4.30,guatemala,4802,GUATEMALA 4802,Palermo,14
-58.3731867322431,-34.5929646256025,1969,CARDINALE,RESTAURANTE,ITALIANA,ITALIANA,4318 9000,lunes a domingo de 6 a 00,SAN MARTIN,1225,SAN MARTIN 1225,Retiro,1
-58.43542783593821,-34.5847713008183,88,CARITO MORENA,RESTAURANTE,PARRILLA,MODERNO,4772 2277,,HONDURAS,5501,HONDURAS 5501,Palermo,14
-58.3915483919063,-34.5887713781329,1686,CARLITOS,RESTAURANTE,MINUTAS,CLASICO PORTENO,4806 9265,,GUIDO,1962,GUIDO 1962,Recoleta,2
-58.36353416873879,-34.6362336379076,1231,CARLITOS,RESTAURANTE,ITALIANA,CLASICO PORTENO,4342 2433,lunes a sabado de 12 a 15 y de 20 a 00,BRANDSEN,694,BRANDSEN 694,Boca,4
-58.4132267223891,-34.5845945742901,91,CARMESI,RESTAURANTE,MINUTAS,CLASICO PORTENO,4833 7667,,ARAOZ,2701,ARAOZ 2701,Palermo,14
-58.4383740145791,-34.5872951279051,92,CARNAL,RESTAURANTE,,,,,VEGA NICETO Cnel.,5507,"VEGA, NICETO, Cnel. AV. 5507",Palermo,14
-58.3959517594929,-34.5996248947104,1687,CARNER BAR,RESTAURANTE,PORTENA,MODERNO,4966 0963,,CORDOBA,2001,CORDOBA AV. 2001,Recoleta,2
-58.38049404527221,-34.6049416159586,2177,CAROBEL,RESTAURANTE,INTERNACIONAL,,4327 0552,,SARMIENTO,964,SARMIENTO 964,San Nicolas,1
-58.3947064125939,-34.5955806441604,1690,CARTOON,RESTAURANTE,INTERNACIONAL,MODERNO,4812 1764,,RIOBAMBA,1112,RIOBAMBA 1112,Recoleta,2
-58.40472104981399,-34.5920269158981,1688,CASA DE LA NONNA,RESTAURANTE,ITALIANA,MODERNO,4821 4000,lunes a domingo de 9 a 00,ARENALES,2771,ARENALES 2771,Recoleta,2
-58.37491488689611,-34.619647867808,2559,CASA DE LAS PIZZAS,RESTAURANTE,INTERNACIONAL,CLASICO PORTENO,4300 4341,lunes a domingo de 10 a 14 y de 18 a 23,CALVO CARLOS,637,"CALVO, CARLOS 637",San Telmo,1
-58.3739382871964,-34.6012148856079,2178,CASA ROCA,RESTAURANTE,TRADICIONAL,ANTIGUO,4393 5777,lunes a viernes de 12 a 16,SAN MARTIN,579,SAN MARTIN 579,San Nicolas,1
-58.4361449251237,-34.5668644141395,498,CASITA CHINA,RESTAURANTE,CHINA,CHINA,4771 6681,martes a domingo de 12 a 15,MAURE,1711,MAURE 1711,Palermo,14
-58.3781287898525,-34.5988151403514,1970,CASTELAR,RESTAURANTE,MINUTAS,CLASICO PORTENO,4314 6869,,CORDOBA,799,CORDOBA AV. 799,Retiro,1
-58.37124530230329,-34.6171149470984,2561,CATALINAS,RESTAURANTE,TRADICIONAL,CLASICO PORTENO,4362 4714,,INDEPENDENCIA,375,INDEPENDENCIA AV. 375,San Telmo,1
-58.43243699776961,-34.5800400103212,93,CAVAS & CUEVAS GRAND BAR,RESTAURANTE,DE AUTOR,CLASICO PORTENO,4773 0598,,GUATEMALA,5650,GUATEMALA 5650,Palermo,14
-58.3909287207376,-34.6055806463887,2179,CELTA BAR,RESTAURANTE,MINUTAS,MODERNO,4371 7338,lunes a domingo de 1 a 00,SARMIENTO,1702,SARMIENTO 1702,San Nicolas,1
-58.37390714571011,-34.6416826403112,899,CENTURY FOOD,RESTAURANTE,INTERNACIONAL,MODERNO,4301 5663,,MONTES DE OCA MANUEL,1176,"MONTES DE OCA, MANUEL 1176",Barracas,4
-58.3945115471947,-34.5950121198171,1691,CERVATILLO,RESTAURANTE,INTERNACIONAL,CLASICO PORTENO,4813 8975,,RIOBAMBA,1193,RIOBAMBA 1193,Recoleta,2
-58.3959932083263,-34.595364813755,1689,CERVATILLO II,BAR,PORTENA,CLASICO PORTENO,4813 5228,,AYACUCHO,1127,AYACUCHO 1127,Recoleta,2
-58.4311354284229,-34.5707154046863,94,CERVECERIA ARCE,RESTAURANTE,TRADICIONAL,EQUITACION,4772 4666,,ARCE,375,ARCE 375,Palermo,14
-58.4126367692064,-34.5866478496089,96,CHAJA,RESTAURANTE,MINUTAS,MODERNO,4823 3003,,SALGUERO JERONIMO,2069,"SALGUERO, JERONIMO 2069",Palermo,14
-58.3932570707721,-34.5854420265455,1692,CHAMPS ELYSEES,BAR,INTERNACIONAL,CLASICO PORTENO,5777 6000,,PUEYRREDON,2501,PUEYRREDON AV. 2501,Recoleta,2
-58.3843089548584,-34.6268415103257,1101,CHANTO OTTO,CAFE,,CLASICO PORTENO,,,SANTIAGO DEL ESTERO,1594,SANTIAGO DEL ESTERO 1594,Constitucion,1
-58.37659525006099,-34.5999101730622,2180,CHAPLIN,RESTAURANTE,PARRILLA,CLASICO PORTENO,4322 6725,lunes a viernes de 11 a 16,VIAMONTE,691,VIAMONTE 691,San Nicolas,1
-58.3841694596719,-34.6260062459622,1103,CHARLY BAR,CAFE,MINUTAS,CLASICO PORTENO,4305 5252,,PAVON,1299,PAVON 1299,Constitucion,1
-58.3864825649051,-34.6054674572068,2181,CHAVAL,RESTAURANTE,INTERNACIONAL,,4373 4486,,URUGUAY,286,URUGUAY 286,San Nicolas,1
-58.3726345314691,-34.5954667565507,1971,CHE BAR,CAFE,MINUTAS,CLASICO PORTENO,4313 8893,lunes a viernes de 7 a 21,ALEM LEANDRO N.,1036,"ALEM, LEANDRO N. AV. 1036",Retiro,1
-58.3833401271489,-34.6106010482161,1368,"CHE, BO",RESTAURANTE,,,4383 4009,,SALTA,178,SALTA 178,Monserrat,1
-58.3899843548182,-34.5971590160535,1693,CHE BUENOS AIRES,RESTAURANTE,TRADICIONAL,CLASICO PORTENO,4811 6804,,ALVEAR MARCELO T. De,1601,"ALVEAR, MARCELO T. De 1601",Recoleta,2
-58.3838511378609,-34.5878563861119,1972,CHE BUENOS AIRES,CAFE,INTERNACIONAL,CLASICO PORTENO,4815 2554,,DEL LIBERTADOR,800,DEL LIBERTADOR AV. 800,Retiro,1
-58.38089905297421,-34.6013174820587,2182,CHELO,RESTAURANTE,INTERNACIONAL,,4393 8557,,TUCUMAN,999,TUCUMAN 999,San Nicolas,1
-58.3756548627853,-34.6521686675344,901,CHERIBO,CAFE,INTERNACIONAL,CLASICO PORTENO,4302 2585,,CRUZ OSVALDO,2099,"CRUZ, OSVALDO AV. 2099",Barracas,4
-58.3973139916811,-34.5944724889262,1694,CHEZ O!!,RESTAURANTE,MEDITERRANEA,CLASICO PORTENO,4821 2774,,ARENALES,2102,ARENALES 2102,Recoleta,2
-58.4342591305601,-34.5757801152212,95,CHINA ARGENTINA,RESTAURANTE,TENEDOR LIBRE,MEDITERRANEO,4771 9944,lunes a domingo de 12 a 15 y de 20 a 00,SANTA FE,5300,SANTA FE AV. 5300,Palermo,14
-58.3892060195004,-34.6054101541044,2184,CHIQUILIN,RESTAURANTE,INTERNACIONAL,CLASICO PORTENO,4371 1652,,SARMIENTO,1599,SARMIENTO 1599,San Nicolas,1
-58.4336481083652,-34.5817566147445,97,CHRISTOPHE,RESTAURANTE,,,4771 1150,,FITZ ROY,1994,FITZ ROY 1994,Palermo,14
-58.3831129667326,-34.6166595618008,1370,CIBER,RESTAURANTE,MINUTAS,MODERNO,,,SALTA,703,SALTA 703,Monserrat,1
-58.4299031611581,-34.587474095696,98,CIELITO LINDO,RESTAURANTE,MEXICANA,MEXICANO,4832 8054,lunes a domingo de 20 a 00,EL SALVADOR,4999,EL SALVADOR 4999,Palermo,14
-58.3725128417236,-34.6384681171032,900,CIEN MOTIVOS,CAFE,MINUTAS,CLASICO PORTENO,4303 1609,,SUAREZ,1502,SUAREZ 1502,Barracas,4
-58.41312231270911,-34.5971311439805,1695,CILANTRO COMEDOR MUNDANO,RESTAURANTE,PERUANA,MODERNO,4962 3148,martes a sabado de 21 a 2,SANCHEZ DE BUSTAMANTE,1186,SANCHEZ DE BUSTAMANTE 1186,Recoleta,2
-58.3742305674963,-34.6044690320545,2183,CIRCE,RESTAURANTE,INTERNACIONAL,GRIEGA,4393 8111,lunes a viernes de 7 a 20,SARMIENTO,537,SARMIENTO 537,San Nicolas,1
-58.37964271695721,-34.6011044331148,2185,CITADINO,RESTAURANTE,ITALIANA,MODERNO,4328 1374,lunes a viernes de 8.30 a 17.30,SUIPACHA,624,SUIPACHA 624,San Nicolas,1
-58.3726601121214,-34.6003554520256,2188,CITY BAR,BAR,MINUTAS,CLASICO PORTENO,4312 9124,,RECONQUISTA,650,RECONQUISTA 650,San Nicolas,1
-58.3752164623942,-34.6021017020483,2186,CITY CORNER,BAR,MINUTAS,CLASICO PORTENO,4393 2833,lunes a sabado de 8 a 22,FLORIDA,501,FLORIDA 501,San Nicolas,1
-58.3745123596517,-34.6009669401956,2189,CLARIDGE'S,RESTAURANTE,INTERNACIONAL,,4374 7700,,TUCUMAN,535,TUCUMAN 535,San Nicolas,1
-58.3757916592839,-34.6045768379973,2187,CLARK CENTRO,RESTAURANTE,INTERNACIONAL,,,,SARMIENTO,645,SARMIENTO 645,San Nicolas,1
-58.3924386713387,-34.5885212607451,1697,CLARK'S,RESTAURANTE,INTERNACIONAL,CLASICO PORTENO,4801 9502,,JUNIN,1777,JUNIN 1777,Recoleta,2
-58.39652666461921,-34.5996361797317,1698,CLASICAS,RESTAURANTE,,,4961 8840,,CORDOBA,2045,CORDOBA AV. 2045,Recoleta,2
-58.3931064737294,-34.5990018193183,1696,CLASICA Y MODERNA,RESTAURANTE,INTERNACIONAL,CLASICO PORTENO,4812 8707,,CALLAO,892,CALLAO AV. 892,Recoleta,2
-58.4242006995031,-34.57783465935569,99,CLASICO,RESTAURANTE,PIZZERIA,CLASICO PORTENO,4776 5460,,BERUTI,4594,BERUTI 4594,Palermo,14
-58.3729425389369,-34.6206894653254,2560,CLASICO,BAR,MINUTAS,CLASICO PORTENO,4307 0516,lunes a domingo de 7 a 00,HUMBERTO 1o,501,HUMBERTO 1o 501,San Telmo,1
-58.39078170430589,-34.6039210455958,2190,CLOVER LIGHT,RESTAURANTE,MINUTAS,,4373 6060,lunes a viernes de 8 a 19,RODRIGUEZ PEAA,433,RODRIGUEZ PEAA 433,San Nicolas,1
-58.3727573813654,-34.5952165557551,1973,CLUB DANES,RESTAURANTE,,CLASICO PORTENO,4312 9266,lunes a viernes de 12 a 15,ALEM LEANDRO N.,1074,"ALEM, LEANDRO N. AV. 1074",Retiro,1
-58.42948665296289,-34.59187885909839,100,CLUB DEL VINO,RESTAURANTE,INTERNACIONAL,RUSTICA,4833 0050,,CABRERA JOSE A.,4737,"CABRERA, JOSE A. 4737",Palermo,14
-58.4318423529726,-34.5873659418957,101,CLUB EROS,RESTAURANTE,MINUTAS,RUSTICA,4832 1313,lunes a domingo de 12 a 16 y de 20 al cierre,URIARTE,1609,URIARTE 1609,Palermo,14
-58.4018357373329,-34.5945015789881,1699,COCINA & CIA,RESTAURANTE,INTERNACIONAL,MODERNO,4823 4431,,SANTA FE,2461,SANTA FE AV. 2461,Recoleta,2
-58.4201266242745,-34.5899386006289,103,COCINA REGIONAL 1810,RESTAURANTE,REGIONAL,FOLKLORICO,4864 4507,lunes a domingo de 11 a 16 y de 19 a 00,ALVAREZ JULIAN,1918,"ALVAREZ, JULIAN 1918",Palermo,14
-58.38022311697461,-34.6013444760594,2192,COCO PASO,RESTAURANTE,MINUTAS,CLASICO PORTENO,4322 8275,lunes a viernes de 8 a 20,TUCUMAN,938,TUCUMAN 938,San Nicolas,1
-58.3724140599683,-34.6045391663201,2191,COFETIN,RESTAURANTE,MINUTAS,MODERNO,4326 7606,lunes a viernes de 7 a 18,RECONQUISTA,286,RECONQUISTA 286,San Nicolas,1
-58.3912753931927,-34.5888865030028,1701,COMES,RESTAURANTE,INTERNACIONAL,MODERNO,4800 0344,,GUIDO,1931,GUIDO 1931,Recoleta,2
-58.3696843787325,-34.612252675112,1369,COMET,RESTAURANTE,MINUTAS,CLASICO PORTENO,4334 3711,lunes a viernes de 7 a 20,BELGRANO,217,BELGRANO AV. 217,Monserrat,1
-58.429632308218,-34.5721694955149,102,COMO,RESTAURANTE,ITALIANA,ITALIANA,4774 1787,,ARGUIBEL ANDRES,2859,"ARGUIBEL, ANDRES 2859",Palermo,14
-58.4022807212626,-34.5977725243878,1703,COMODINES,RESTAURANTE,PORTENA,MODERNO,4961 2640,,PARAGUAY,2402,PARAGUAY 2402,Recoleta,2
-58.4218730019947,-34.582925045258,104,COMODINES,RESTAURANTE,PORTENA,MODERNO,4832 8282,,GUEMES,4400,GUEMES 4400,Palermo,14
-58.3655903346678,-34.62002478362169,1597,COMO? EL 12,RESTAURANTE,PIZZERIA,,4312 5338,,MOREAU DE JUSTO ALICIA,1799,"MOREAU DE JUSTO, ALICIA AV. 1799",Puerto Madero,1
-58.3905178609251,-34.6043917406233,2193,COMPUBAR,RESTAURANTE,TRADICIONAL,MODERNO,5218 2851,lunes a sabado de 9 a 2,CORRIENTES,1686,CORRIENTES AV. 1686,San Nicolas,1
-58.4377024098284,-34.5835959917736,105,CONCEPTO,RESTAURANTE,MEDITERRANEA,MINIMALISTA,4773 0411,,BONPLAND,1670,BONPLAND 1670,Palermo,14
-58.39475090453161,-34.58829524924001,1702,CONCEPTO INDIGO,RESTAURANTE,GOURMET,MINIMALISTA,4806 7430,,LOPEZ VICENTE,2152,"LOPEZ, VICENTE 2152",Recoleta,2
-58.4060011636008,-34.5833431707557,107,CONCEPTO INDIGO,RESTAURANTE,MEDITERRANEA,ORIENTAL,4801 4080,,LAS HERAS GRAL.,3195,LAS HERAS GENERAL AV. 3195,Palermo,14
-58.38166590563129,-34.6154100224726,1371,CONFITERIA ATECA,RESTAURANTE,MINUTAS,MODERNO,4381 6362,,LIMA,603,LIMA 603,Monserrat,1
-58.3794828038651,-34.6039246482412,2196,CONFITERIA IDEAL,RESTAURANTE,MINUTAS,ANTIGUO,5265 8078,lunes a domingo de 8 a 22,SUIPACHA,384,SUIPACHA 384,San Nicolas,1
-58.3771552376183,-34.6023739887091,2194,CONFITERIA LE CARAVELLE,RESTAURANTE,SANDWICHERIA,CLASICO PORTENO,4322 1673,lunes a domingo de 7.30 a 23,LAVALLE,726,LAVALLE 726,San Nicolas,1
-58.424993141159,-34.5785687700783,106,CONFITERIA PALERMO,RESTAURANTE,INTERNACIONAL,MODERNO,4773 5133,,SANTA FE,4599,SANTA FE AV. 4599,Palermo,14
-58.38767553227179,-34.6100840278633,1374,CONGRESO PLAZA,RESTAURANTE,PIZZERIA,MODERNO,4374 9657,,YRIGOYEN HIPOLITO,1502,"YRIGOYEN, HIPOLITO AV. 1502",Monserrat,1
-58.43662439773021,-34.5844979697311,108,CONTACTO,RESTAURANTE,MINUTAS,MODERNO,,,FITZ ROY,1663,FITZ ROY 1663,Palermo,14
-58.3991175880572,-34.5870888487475,1704,CORDELIA,RESTAURANTE,,MODERNO,4806 2167,lunes a domingo de 7 a 23,LAPRIDA,2102,LAPRIDA 2102,Recoleta,2
-58.37555861058189,-34.5988032925985,2112,CORDOBA 616,CAFE,MINUTAS,CLASICO PORTENO,4322 1548,lunes a jueves de 6 a 3 - viernes a domingo de 6 a 00,CORDOBA,616,CORDOBA AV. 616,San Nicolas,1
-58.37330224433349,-34.603284188826,2195,CORINTO,RESTAURANTE,MINUTAS,MODERNO,4394 8834,lunes a viernes de 6 a 20,CORRIENTES,450,CORRIENTES AV. 450,San Nicolas,1
-58.41661077544349,-34.5884612222631,109,CORLEONE,RESTAURANTE,PARRILLA,,,,CHARCAS,3671,CHARCAS 3671,Palermo,14
-58.3712180970819,-34.6008754769538,2197,COSMOPOLITAIN,RESTAURANTE,INTERNACIONAL,CLASICO PORTENO,4893 2332,lunes a viernes de 12.30 a 15.30,25 DE MAYO,597,25 DE MAYO 597,San Nicolas,1
-58.39698798041179,-34.5930577830135,1705,COSTA VERDE,CAFE,MINUTAS,CLASICO PORTENO,4823 2223,,JUNCAL,2102,JUNCAL 2102,Recoleta,2
-58.3908862990541,-34.6034484852909,2199,COTIDIANO BAR,RESTAURANTE,MINUTAS,,4373 2828,lunes a viernes de 8 a 20,RODRIGUEZ PEAA,488,RODRIGUEZ PEAA 488,San Nicolas,1
-58.4374704889473,-34.5833935781352,110,COYAR DE BUITRES,RESTAURANTE,MARISCOS,,4774 5154,lunes a sabado de 18 al cierre,BONPLAND,1698,BONPLAND 1698,Palermo,14
-58.3724583109424,-34.6025598932951,2198,CREPES FACTORY,BAR,FAST FOOD,MODERNO,4382 7250,,RECONQUISTA,455,RECONQUISTA 455,San Nicolas,1
-58.3728719422756,-34.59818727480869,1975,CRISTOPHER,RESTAURANTE,DE AUTOR,,4313 0182,,RECONQUISTA,850,RECONQUISTA 850,Retiro,1
-58.38290610035499,-34.5925987161034,1974,CRISTOPHER,RESTAURANTE,MINUTAS,ANTIGUO,4813 0239,,CERRITO,1314,CERRITO 1314,Retiro,1
-58.3866769655864,-34.6122925908765,1372,CROMOS,CAFE,MINUTAS,CLASICO PORTENO,,,MORENO,1449,MORENO 1449,Monserrat,1
-58.4298274625126,-34.5884183266686,111,CRONICO,BAR,FAST FOOD,CINE,4833 0708,,BORGES JORGE LUIS,1646,"BORGES, JORGE LUIS 1646",Palermo,14
-58.3829750715825,-34.6061645152623,2200,CRONO BAR,BAR,TRADICIONAL,MODERNO,4383 6226,lunes a viernes de 8 a 20,PERON JUAN DOMINGO TTE.,1165,"PERON, JUAN DOMINGO, TTE. GENERAL 1165",San Nicolas,1
-58.4383927758595,-34.5841914343305,112,CUATRO LUNAS,BAR,,,,,BONPLAND,1594,BONPLAND 1594,Palermo,14
-58.43214950283979,-34.5701263883118,113,CUMAN,BAR,MINUTAS,CLASICO PORTENO,4779 0169,,ARCE,499,ARCE 499,Palermo,14
-58.3919531188771,-34.5954281949074,1707,CUMANA,CAFE,TRADICIONAL,CLASICO PORTENO,4813 9207,lunes a domingo de 12 a 1,RODRIGUEZ PEAA,1149,RODRIGUEZ PEAA 1149,Recoleta,2
-58.43688001136379,-34.5813355458163,114,D7'A SEPTIMO DIA,BAR,MINUTAS,BOHEMIO,4774 4191,,CARRANZA ANGEL JUSTINIANO,1875,"CARRANZA, ANGEL JUSTINIANO 1875",Palermo,14
-58.40053617533729,-34.5937455669123,1706,DACROY,RESTAURANTE,,,4825 3885,,ARENALES,2399,ARENALES 2399,Recoleta,2
-58.3742503863174,-34.5968830912124,1976,DADA,RESTAURANTE,TRADICIONAL,MODERNO,4314 4787,,SAN MARTIN,941,SAN MARTIN 941,Retiro,1
-58.43188028925071,-34.5925285911598,115,DAFNI,RESTAURANTE,GRIEGA,GRIEGA,4899 0770,,ARMENIA,1231,ARMENIA 1231,Palermo,14
-58.39157161060329,-34.5864979374303,1708,DALI,RESTAURANTE,INTERNACIONAL,MODERNO,5777 600,,JUNIN,1950,JUNIN 1950,Recoleta,2
-58.4393263242224,-34.5832562267318,117,DALINGER,RESTAURANTE,PIZZERIA,,4777 2827,,GORRITI,5801,GORRITI 5801,Palermo,14
-58.436885967839,-34.5850826507377,116,DAMIANO,BAR,,,4778 1771,,GORRITI,5577,GORRITI 5577,Palermo,14
-58.4057321870869,-34.5798893004302,118,DANDY,BAR,TRADICIONAL,MODERNO,4803 7675,,DEL LIBERTADOR,2410,DEL LIBERTADOR AV. 2410,Palermo,14
-58.3945548548773,-34.5906318441432,1709,DANELA,RESTAURANTE,,,,,JUNIN,1541,JUNIN 1541,Recoleta,2
-58.4370273914223,-34.5848502851269,119,DASHI,RESTAURANTE,ORIENTAL,MODERNO,4776 3506,,FITZ ROY,1613,FITZ ROY 1613,Palermo,14
-58.37959651635529,-34.6019940236462,2204,DBA DANIEL BUENOS AIRES BAR,CAFE,MINUTAS,CLASICO PORTENO,4326 0065,lunes a viernes de 7.30 a 20,SUIPACHA,532,SUIPACHA 532,San Nicolas,1
-58.4159852578794,-34.5910443446064,124,DEJA VU,RESTAURANTE,,,4825 4443,,PARAGUAY,3701,PARAGUAY 3701,Palermo,14
-58.4146072336442,-34.5947056104526,1711,DE LA CARCOVA,RESTAURANTE,SANDWICHERIA,MODERNO,4961 0784,lunes a viernes de 7.30 a 21.30,BRAVO MARIO,1299,"BRAVO, MARIO 1299",Recoleta,2
-58.373782815673,-34.6037999509693,2202,DEL CIRCULO,CAFE,TRADICIONAL,CLASICO PORTENO,4328 8119,lunes a viernes de 12 a 15,SAN MARTIN,353,SAN MARTIN 353,San Nicolas,1
-58.3849404738835,-34.596976809554,123,DELEITE,RESTAURANTE,INTERNACIONAL,MODERNO,4815 6633,,ALVEAR MARCELO T. De,1256,"ALVEAR, MARCELO T. De 1256",Retiro,1
-58.3711706406808,-34.624944440777,2562,DEL ESTABLO,BAR,INTERNACIONAL,BOHEMIO,4363 0133,,DEFENSA,1463,DEFENSA 1463,San Telmo,1
-58.401742684272,-34.5928633987966,1713,DELFOS,RESTAURANTE,MINUTAS,MODERNO,4825 3088,lunes a sabado de 6 a 22,PUEYRREDON AV,1550,PUEYRREDON AV. 1550,Recoleta,2
-58.3901258396215,-34.6006912542585,2205,DELICITY,CAFE,MINUTAS,MODERNO,4816 4994,lunes a viernes de 8 a 18,VIAMONTE,1617,VIAMONTE 1617,San Nicolas,1
-58.4051992545542,-34.5769881715825,128,DELICITY,RESTAURANTE,MINUTAS,MODERNO,4807 1070,,SALGUERO JERONIMO,3071,"SALGUERO, JERONIMO 3071",Palermo,14
-58.4092432946202,-34.580924008685,127,DELICITY,RESTAURANTE,MINUTAS,MODERNO,4801 8739,,SALGUERO JERONIMO,2604,"SALGUERO, JERONIMO 2604",Palermo,14
-58.4140696818391,-34.5862927855919,126,DELICITY,RESTAURANTE,MINUTAS,MODERNO,4833 0479,,SANTA FE,3503,SANTA FE AV. 3503,Palermo,14
-58.4082756807707,-34.5866443604233,125,DELICITY,RESTAURANTE,MINUTAS,MODERNO,4823 1298,lunes a domingo de 8 a 21,JUNCAL,3100,JUNCAL 3100,Recoleta,2
-58.40326982915209,-34.5968314123776,1715,DELICITY,RESTAURANTE,MINUTAS,MODERNO,4961 2394,lunes a domingo de 8 a 21,PUEYRREDON AV,1178,PUEYRREDON AV. 1178,Recoleta,2
-58.4034857713531,-34.5942206051364,1714,DELICITY SWEET HOUSE,RESTAURANTE,TRADICIONAL,MODERNO,4826 9790,lunes a domingo de 8 a 2030,SANTA FE,2600,SANTA FE AV. 2600,Recoleta,2
-58.3794939135046,-34.6025965796723,2206,DELIER,CAFE,FAST FOOD,MODERNO,4322 0363,lunes a viernes de 6 a 20,SUIPACHA,483,SUIPACHA 483,San Nicolas,1
-58.4393263242224,-34.5832562267318,129,DELINGER,RESTAURANTE,TAPAS,ALEMANA,,,GORRITI,5801,GORRITI 5801,Palermo,14
-58.37980286068611,-34.591476917593,1978,DELIVERY PIZZA,BAR,MINUTAS,CLASICO PORTENO,4393 7549,lunes a sabado de 8.30 a 1,ARROYO,882,ARROYO 882,Retiro,1
-58.4035523617435,-34.5676500505888,623,DE LOS CAMINANTES,RESTAURANTE,MINUTAS,MODERNO,4865 2667,,SARMIENTO,4701,SARMIENTO AV. 4701,Palermo,14
-58.3880992637967,-34.5971501106926,1716,DELUCCA,RESTAURANTE,SEVENTIES,,4812 7462,,ALVEAR MARCELO T. De,1500,"ALVEAR, MARCELO T. De 1500",Recoleta,2
-58.36985515367,-34.636694838596,1232,DENISY BAR,RESTAURANTE,MINUTAS,MODERNO,4301 1480,lunes a vie de 8 a 23,REGIMIENTO DE PATRICIOS,711,REGIMIENTO DE PATRICIOS AV. 711,Barracas,4
-58.4228244278834,-34.59341419749089,122,DE OLIVAS Y LUSTRES,RESTAURANTE,TAPAS,ANTIGUO,4867 3388,,GASCON,1460,GASCON 1460,Palermo,14
-58.4328254013564,-34.5869647185371,130,DESDE EL ALMA,RESTAURANTE,TRADICIONAL,CLASICO PORTENO,4831 5812,,HONDURAS,5296,HONDURAS 5296,Palermo,14
-58.3873940944971,-34.613610968376,1373,DESEO CAFE,CAFE,SANDWICHERIA,MODERNO,4383 7630,,BELGRANO,1500,BELGRANO AV. 1500,Monserrat,1
-58.4124857505641,-34.5938247943902,1717,DES HORAS,RESTAURANTE,MINUTAS,MODERNO,4964 9146,lunes a viernes de 7 a 20,PARAGUAY,3261,PARAGUAY 3261,Recoleta,2
-58.37866311727279,-34.5950339359441,1980,DESIDERIO,BAR,TRADICIONAL,CLASICO PORTENO,4312 1954,lunes a sabado de 6 a 00,SANTA FE,801,SANTA FE AV. 801,Retiro,1
-58.3960534456282,-34.6314585522118,1551,DESPENSA,RESTAURANTE,MINUTAS,MODERNO,,,PICHINCHA,1895,PICHINCHA AV. 1895,Parque Patricios,4
-58.3861004650004,-34.6145307719032,1376,DIABLADA,CAFE,PARRILLA,FOLKLORICO,4383 4766,,VENEZUELA,1401,REPUBLICA BOLIVARIANA DE VENEZUELA 1401,Monserrat,1
-58.37898284167029,-34.6050059535538,2208,DIAGONAL,CAFE,TRADICIONAL,CLASICO PORTENO,4326 0365,,SAENZ PEAA ROQUE PRES.,897,"SAENZ PEAA, ROQUE, PRES. AV. 897",San Nicolas,1
-58.3843854028014,-34.6280066154191,1104,DIEGO BAR,BAR,MINUTAS,CLASICO PORTENO,,,SANTIAGO DEL ESTERO,1697,SANTIAGO DEL ESTERO 1697,Constitucion,1
-58.3732254096217,-34.6031097424384,2207,DIEGO II,BAR,MINUTAS,CLASICO PORTENO,4394 2826,lunes a viernes de 5 a 2,CORRIENTES,455,CORRIENTES AV. 455,San Nicolas,1
-58.3721242768649,-34.6020435329069,2209,DIMAR,BAR,MINUTAS,CLASICO PORTENO,4893 2827,lunes a viernes de 8 a 20,LAVALLE,372,LAVALLE 372,San Nicolas,1
-58.3732626920485,-34.6160639814501,1377,DIOS LOS CRIA,BAR,REGIONAL,COLONIAL,4300 7340,lunes a domingo de 9 a 00,CHILE,502,CHILE 502,San Telmo,1
-58.43993251272489,-34.5875522146134,132,DIPEI,BAR,MINUTAS,CLASICO PORTENO,,,CORDOBA,5599,CORDOBA AV. 5599,Palermo,14
-58.3679411634272,-34.6135225605211,1378,DIQUE 1,BAR,MINUTAS,CLASICO PORTENO,4331 8853,lunes a viernes de 8 a 20,VENEZUELA,102,REPUBLICA BOLIVARIANA DE VENEZUELA 102,Monserrat,1
-58.4375706668903,-34.5832351032913,133,DIVINA PATAGONIA,BAR,,,4771 6864,,HONDURAS,5710,HONDURAS 5710,Palermo,14
-58.4156801232109,-34.5972448331221,1719,DIXS BAR,RESTAURANTE,MINUTAS,MODERNO,4963 2598,lunes a viernes de 7 a 23,BRAVO MARIO,1055,"BRAVO, MARIO 1055",Recoleta,2
-58.412907332228,-34.5907604000342,131,DI YAHOO,RESTAURANTE,INTERNACIONAL,,,,GUISE,1924,GUISE 1924,Palermo,14
-58.4365888584709,-34.5839991094265,134,DOMINGA,RESTAURANTE,MEDITERRANEA,MEDITERRANEO,4771 4443,,HONDURAS,5618,HONDURAS 5618,Palermo,14
-58.3714366187513,-34.5994492376238,2211,DOMINIO,RESTAURANTE,PIZZERIA,,,,25 DE MAYO,706,25 DE MAYO 706,San Nicolas,1
-58.4172063027311,-34.5844740952815,140,DOAA FLOR,RESTAURANTE,MINUTAS,CLASICO PORTENO,4833 6831,,MALABIA,2497,MALABIA 2497,Palermo,14
-58.3744302189225,-34.6220391362779,2563,DOAA TERE,RESTAURANTE,REGIONAL,ANTIGUO,4300 66573,lunes a sabado de 12 a 23,SAN JUAN,618,SAN JUAN AV. 618,San Telmo,1
-58.415458671199,-34.5794051384502,135,DON BASILICO,RESTAURANTE,PIZZERIA,MODERNO,4806 4826,,REPUBLICA DE LA INDIA,2899,REPUBLICA DE LA INDIA 2899,Palermo,14
-58.3734101930761,-34.6148990256368,1379,DON BUSTOS,RESTAURANTE,INTERNACIONAL,FOLKLORICO,4307 7386,lunes a domingo de 8 a 1,MEXICO,518,MEXICO 518,Monserrat,1
-58.3748041676555,-34.6095178125427,1382,DON CAFE,CAFE,,,,,PERU,154,PERU 154,Monserrat,1
-58.37799528507011,-34.6024197997868,2213,DON GALINDEZ,RESTAURANTE,PARRILLA,MODERNO,4322 6705,,LAVALLE,798,LAVALLE 798,San Nicolas,1
-58.4330317556205,-34.5805915684363,136,DON GOMEZ,RESTAURANTE,PARRILLA,MODERNO,4772 1131,,SOLER,5644,SOLER 5644,Palermo,14
-58.4392569118995,-34.5658353408894,137,DON IGNACIO,RESTAURANTE,TRADICIONAL,CLASICO PORTENO,4776 7278,,OLLEROS,1879,OLLEROS AV. 1879,Palermo,14
-58.4355162188656,-34.5818251999963,138,DON ISIDRO,RESTAURANTE,,,4899 0882,,BONPLAND,1905,BONPLAND 1905,Palermo,14
-58.4242920633696,-34.5863248928773,139,DON JULIO,RESTAURANTE,TRADICIONAL,ANTIGUO,4832 6058,,GUATEMALA,4699,GUATEMALA 4699,Palermo,14
-58.3762822136839,-34.6046677895431,2214,DON LUIS,RESTAURANTE,MINUTAS,MODERNO,4328 2082,lunes a viernes de 6.30 a 18.30,SARMIENTO,682,SARMIENTO 682,San Nicolas,1
-58.3827322922705,-34.6153934813107,1381,DON OGARDI,RESTAURANTE,ITALIANA,ANTIGUO,4382 7219,,MEXICO,1176,MEXICO 1176,Monserrat,1
-58.43599407391629,-34.5755570464768,142,DON`T TELL MAMA,RESTAURANTE,TRADICIONAL,MODERNO,4775 4798,,PARAGUAY,5700,PARAGUAY 5700,Palermo,14
-58.3914277416687,-34.6019590930282,2216,DOORS,RESTAURANTE,,,4371 2834,,TUCUMAN,1702,TUCUMAN 1702,San Nicolas,1
-58.4017025819531,-34.5932490943454,1718,DOOTS,RESTAURANTE,INTERNACIONAL,MODERNO,4825 7080,,PUEYRREDON AV,1501,PUEYRREDON AV. 1501,Recoleta,2
-58.3724518374673,-34.5958388351405,1981,DORA,RESTAURANTE,TRADICIONAL,CLASICO PORTENO,4311 2891,lunes a sabado de 12 a 2,ALEM LEANDRO N.,1016,"ALEM, LEANDRO N. AV. 1016",Retiro,1
-58.3834515368481,-34.6120142631433,1380,DOS DE ORO,BAR,,,4381 7464,,MORENO,1201,MORENO 1201,Monserrat,1
-58.4370273914223,-34.5848502851269,143,DOSHI,RESTAURANTE,,,4776 3506,,FITZ ROY,1613,FITZ ROY 1613,Palermo,14
-58.4363719378255,-34.5639501159703,141,DOS REYES BAR,RESTAURANTE,TRADICIONAL,CLASICO PORTENO,4772 1165,,DEL LIBERTADOR,4986,DEL LIBERTADOR AV. 4986,Palermo,14
-58.3702983514141,-34.6161212711895,2565,DR. GUEVARA,RESTAURANTE,TRADICIONAL,CLASICO PORTENO,4361 1118,,BALCARCE,711,BALCARCE 711,San Telmo,1
-58.3871086412627,-34.5969104479713,1720,DRINK STOP,RESTAURANTE,TRADICIONAL,CLASICO PORTENO,4811 0445,,URUGUAY,1014,URUGUAY 1014,Recoleta,2
-58.3732486235497,-34.5956306955224,1983,DRUID IN,RESTAURANTE,INTERNACIONAL,CLASICO PORTENO,4312 3688,,RECONQUISTA,1040,RECONQUISTA 1040,Retiro,1
-58.4333213944929,-34.5829980077913,145,DUBILNERS,RESTAURANTE,,,,,HUMBOLDT,1946,HUMBOLDT 1946,Palermo,14
-58.4021178340207,-34.5944234495593,1721,DUERO,RESTAURANTE,,,,,SANTA FE,2499,SANTA FE AV. 2499,Recoleta,2
-58.432133516195,-34.5785796681259,148,EA,BAR,MINUTAS,RUSTICA,4772 0011,,PARAGUAY,5302,PARAGUAY 5302,Palermo,14
-58.3936009370506,-34.6349227375785,1552,E & E,RESTAURANTE,MINUTAS,CLASICO PORTENO,,,CASEROS,2194,CASEROS AV. 2194,Parque Patricios,4
-58.4326873508429,-34.5807282690927,149,EFE 1,BAR,,,,,SOLER,5601,SOLER 5601,Palermo,14
-58.43007950880551,-34.5727396063572,150,EH! SANTINO,RESTAURANTE,ITALIANA,ITALIANA,4779 9060,,BAEZ,196,BAEZ 196,Palermo,14
-58.3708863720429,-34.5998361670717,2218,EIFFEL,BAR,MINUTAS,MODERNO,4315 1524,,ALEM LEANDRO N.,674,"ALEM, LEANDRO N. AV. 674",San Nicolas,1
-58.3749416504838,-34.6127505644953,1383,EL 602,BAR,MINUTAS,MODERNO,4331 9917,lunes a sabado de 7 a 23,BELGRANO,602,BELGRANO AV. 602,Monserrat,1
-58.4087416986298,-34.6427037507826,1553,EL ALBA,RESTAURANTE,MINUTAS,CLASICO PORTENO,,,CHUTRO PEDRO  Prof. Dr.,3300,"CHUTRO, PEDRO, Prof., Dr. 3300",Parque Patricios,4
-58.38529460911511,-34.6063378262363,2220,EL ALBA,BAR,MINUTAS,MODERNO,4372 4976,lunes a viernes de 6 a 19.30,PERON JUAN DOMINGO TTE.,1319,"PERON, JUAN DOMINGO, TTE. GENERAL 1319",San Nicolas,1
-58.3833653314011,-34.6143792164424,1384,EL ALFARERO,RESTAURANTE,MINUTAS,CLASICO PORTENO,4382 6895,,VENEZUELA,1215,REPUBLICA BOLIVARIANA DE VENEZUELA 1215,Monserrat,1
-58.3731867322431,-34.5929646256025,1982,EL ALGIBE,RESTAURANTE,INTERNACIONAL,,4318 9000,lunes a domingo de 6 a 00,SAN MARTIN,1225,SAN MARTIN 1225,Retiro,1
-58.36802856807611,-34.6134172655502,1385,EL AMADOR,RESTAURANTE,INTERNACIONAL,MODERNO,4342 6104,lunes a viernes de 8 a 00,VENEZUELA,101,REPUBLICA BOLIVARIANA DE VENEZUELA 101,Monserrat,1
-58.3787143930606,-34.6070868597406,2219,EL ANCLA DEL ORO,BAR,MINUTAS,MODERNO,4328 7830,lunes a viernes de 7.30 a 19,MITRE BARTOLOME,863,"MITRE, BARTOLOME 863",San Nicolas,1
-58.3726412959994,-34.6159938374465,2564,EL ANDEN,RESTAURANTE,INTERNACIONAL,CLASICO PORTENO,4342 4602,lunes a viernes de 10 a 17 y sabado de 10 a 17 y de 19 a 4,CHILE,467,CHILE 467,Monserrat,1
-58.37679278812021,-34.5992213344949,2221,EL ARGENTINO,BAR,MINUTAS,MODERNO,4328 6415,,MAIPU,761,MAIPU 761,San Nicolas,1
-58.40226895628761,-34.5991304542924,1723,EL ASADOR,RESTAURANTE,,,4963 2983,,CORDOBA,2475,CORDOBA AV. 2475,Recoleta,2
-58.4322423366992,-34.5697406255579,151,EL BAGUAL,RESTAURANTE,TRADICIONAL,CLASICO PORTENO,4777 5028,,ORTEGA Y GASSET,1777,ORTEGA Y GASSET 1777,Palermo,14
-58.38752067572471,-34.6110183771403,1388,EL BAR,RESTAURANTE,MINUTAS,CLASICO PORTENO,4373 8834,,SAENZ PEAA LUIS PRES.,193,"SAENZ PEAA, LUIS, PRES. 193",Monserrat,1
-58.4091145207959,-34.6345614351244,1556,EL BARCITO,RESTAURANTE,MINUTAS,RUSTICA,4942 4692,,BRASIL,3195,BRASIL 3195,Parque Patricios,4
-58.3738317604049,-34.6149204224789,1387,EL BAR DE LA ESQUINA,RESTAURANTE,MINUTAS,CLASICO PORTENO,,lunes a viernes de 8 a 20,MEXICO,536,MEXICO 536,Monserrat,1
-58.3705003716024,-34.612132784056,1389,EL BODEGON,RESTAURANTE,INTERNACIONAL,MODERNO,4343 4783,,BALCARCE,378,BALCARCE 378,Monserrat,1
-58.3634436988449,-34.6341567107995,1233,EL BOLICHE,BAR,PARRILLA,CLASICO PORTENO,4362 4031,lunes a domingo de 11 a 15.30,VALLE ARISTOBULO DEL,610,"VALLE, ARISTOBULO DEL 610",Boca,4
-58.4205233971799,-34.5855611521412,152,EL BUEN GOURMET,RESTAURANTE,PORTENA,CLASICO PORTENO,4832 6684,,CHARCAS,4063,CHARCAS 4063,Palermo,14
-58.3736232584271,-34.6431249270719,902,EL BURGUER MIX,RESTAURANTE,FAST FOOD,CLASICO PORTENO,4303 6006,,MONTES DE OCA MANUEL,1336,"MONTES DE OCA, MANUEL 1336",Barracas,4
-58.40356276607449,-34.5833195561007,153,EL CABALLITO,RESTAURANTE,TRADICIONAL,CLASICO PORTENO,4806 0102,,LAS HERAS GRAL.,2995,LAS HERAS GENERAL AV. 2995,Palermo,14
-58.40825519769771,-34.589264394963,1722,EL CAFE DE ARENALES,RESTAURANTE,MINUTAS,MODERNO,4822 9239,lunes a sabado de 7.30 a 21.30,ARENALES,3102,ARENALES 3102,Recoleta,2
-58.4056447464025,-34.6295600089908,1554,EL CAFE DE LA ESQUINA,CAFE,MINUTAS,CLASICO PORTENO,,,CHICLANA,2920,CHICLANA AV. 2920,Parque Patricios,4
-58.37288772502711,-34.6209092278993,2566,EL CARACOL,RESTAURANTE,MINUTAS,ANTIGUO,4361 6497,lunes a domingo de 7 a 00,BOLIVAR,1101,BOLIVAR 1101,San Telmo,1
-58.4121836250167,-34.5897622384532,154,EL CEIBAL,RESTAURANTE,PARRILLA,CLASICO PORTENO,4823 5807,,GUEMES,3402,GUEMES 3402,Palermo,14
-58.3887573700165,-34.61249165500899,1390,EL CENTINELA,RESTAURANTE,,,4372 9938,,MORENO,1594,MORENO 1594,Monserrat,1
-58.38214003873,-34.6058499301344,2222,EL CERRITO,RESTAURANTE,TRADICIONAL,CLASICO PORTENO,4382 7225,,CERRITO,222,CERRITO 222,San Nicolas,1
-58.3740521213395,-34.5996711304457,1984,EL CLAUSTRO SANTA CATALINA RESTAURA,RESTAURANTE,DE AUTOR,MINIMALISTA,4312 0235,lunes a viernes de 8 a 19,SAN MARTIN,705,SAN MARTIN 705,San Nicolas,1
-58.3804337079628,-34.6035551798715,2224,EL CLAVEL DE EGIPTO,RESTAURANTE,PORTENA,MODERNO,4390 3858,,CORRIENTES,965,CORRIENTES AV. 965,San Nicolas,1
-58.37677492675179,-34.6034930583846,2223,EL CLAVEL DE SUAREZ,RESTAURANTE,MINUTAS,MODERNO,4325 3320,lunes a jueves de 6 a 00 - viernes y sabado de 1 a 00,CORRIENTES,702,CORRIENTES AV. 702,San Nicolas,1
-58.3683581860826,-34.6480408550667,903,EL CORDOBES,RESTAURANTE,INTERNACIONAL,CLASICO PORTENO,,,RIO CUARTO,1308,RIO CUARTO 1308,Barracas,4
-58.3617507563836,-34.640196441969,1235,EL CORSARIO,BAR,TRADICIONAL,MARINA,4301 6574,lunes a jueves de 10 a 22 - viernes a domingo de 10 a 1,DON PEDRO DE MENDOZA,1987,DON PEDRO DE MENDOZA AV. 1987,Boca,4
-58.386376674864,-34.6005155619345,2225,EL CRACK,RESTAURANTE,MINUTAS,CLASICO PORTENO,4372 9759,,VIAMONTE,1379,VIAMONTE 1379,San Nicolas,1
-58.3855198157091,-34.5978457780417,1985,EL CUARTITO,RESTAURANTE,PIZZERIA,CLASICO PORTENO,4816 4331,lunes a lunes de 12 al cierre,TALCAHUANO,937,TALCAHUANO 937,Retiro,1
-58.3829908543239,-34.6259566701851,1105,EL DEPO,BAR,MINUTAS,CLASICO PORTENO,4305 9894,,PAVON,1201,PAVON 1201,Constitucion,1
-58.3758353442215,-34.5988226631927,2226,EL DORADO,RESTAURANTE,MINUTAS,CLASICO PORTENO,4322 5311 int 1,lunes a sabado de 7 a 00,CORDOBA,622,CORDOBA AV. 622,San Nicolas,1
-58.3896066289073,-34.5972331158137,1724,EL DORADO,RESTAURANTE,TRADICIONAL,CLASICO PORTENO,4813 0677,,ALVEAR MARCELO T. De,1600,"ALVEAR, MARCELO T. De 1600",Recoleta,2
-58.3862678635456,-34.6098338522763,1392,EL DUENDE,RESTAURANTE,INTERNACIONAL,MODERNO,4508 0170,,SAN JOSE,93,SAN JOSE 93,Monserrat,1
-58.3728957941337,-34.6159907667077,1391,EL DUENDE BAR,BAR,,,,,CHILE,495,CHILE 495,Monserrat,1
-58.4379095706952,-34.5837767943926,155,EL ENCANTO,RESTAURANTE,,,,,BONPLAND,1642,BONPLAND 1642,Palermo,14
-58.3714011059641,-34.6195299795885,1106,EL ENCUENTRO,RESTAURANTE,SANDWICHERIA,CLASICO PORTENO,4300 5226,,CALVO CARLOS,400,"CALVO, CARLOS 400",San Telmo,1
-58.4240073513656,-34.5789721849497,156,EL ENDIABLADO,RESTAURANTE,TRADICIONAL,MODERNO,4778 3514,,FRAY JUSTO SANTAMARIA DE ORO,2517,FRAY JUSTO SANTAMARIA DE ORO 2517,Palermo,14
-58.3818998716683,-34.61106889117431,1393,EL ESCORIAL,BAR,,,4381 6403,,LIMA,215,LIMA 215,Monserrat,1
-58.4301622925606,-34.5726911663367,157,EL ESTANCIERO,RESTAURANTE,TRADICIONAL,CLASICO PORTENO,4899 0951,,BAEZ,202,BAEZ 202,Palermo,14
-58.3682013276668,-34.6354111969355,1234,EL ESTAAO,BAR,MINUTAS,CLASICO PORTENO,4302 8888,lunes a sabado de 9 a 22,VALLE ARISTOBULO DEL,1100,"VALLE, ARISTOBULO DEL 1100",Boca,4
-58.3864128466624,-34.6006106282411,2228,EL EVENTO,RESTAURANTE,,,4372 1037,,VIAMONTE,1380,VIAMONTE 1380,San Nicolas,1
-58.3863425371799,-34.6040643488248,2229,EL FARO,RESTAURANTE,TRADICIONAL,CLASICO PORTENO,4371 1801,,CORRIENTES,1392,CORRIENTES AV. 1392,San Nicolas,1
-58.374140811537,-34.6196221287313,2567,EL FEDERAL,BAR,MINUTAS,CLASICO PORTENO,4300 4313,lunes a domingo de 7 a 2,CALVO CARLOS,599,"CALVO, CARLOS 599",San Telmo,1
-58.4325611684383,-34.5871734972744,158,EL FEDERAL,RESTAURANTE,REGIONAL,FOLKLORICO,4832 6500,,HONDURAS,5254,HONDURAS 5254,Palermo,14
-58.4309768197937,-34.5893019962854,159,EL FEDERAL. PULPERIA,RESTAURANTE,REGIONAL,FOLKLORICO,4832 8084,,SERRANO,1507,SERRANO 1507,Palermo,14
-58.3705604064936,-34.5997623077338,2227,EL FIGON DE BONILLA,RESTAURANTE,TRADICIONAL,CLASICO PORTENO,4312 0690,,ALEM LEANDRO N.,673,"ALEM, LEANDRO N. AV. 673",San Nicolas,1
-58.42371348501921,-34.5767442706876,160,EL FOGON,RESTAURANTE,TRADICIONAL,CLASICO PORTENO,4773 3595,,JUNCAL,4602,JUNCAL 4602,Palermo,14
-58.3977266428351,-34.5971638957462,1726,EL GALEANO,BAR,MINUTAS,CLASICO PORTENO,4821 1715,,ALVEAR MARCELO T. De,2101,"ALVEAR, MARCELO T. De 2101",Recoleta,2
-58.42025560041039,-34.582313376923,161,EL GALEON,RESTAURANTE,MINUTAS,CLASICO PORTENO,4831 0544,,SANTA FE,4002,SANTA FE AV. 4002,Palermo,14
-58.38553304406729,-34.6087075719485,2230,EL GALLO,BAR,MINUTAS,MODERNO,4383 3014,lunes a viernes de 8 a 18,RIVADAVIA AV,1345,RIVADAVIA AV. 1345,San Nicolas,1
-58.38717127496321,-34.5960071376347,1987,EL GALPON,RESTAURANTE,TRADICIONAL,ANTIGUO,4811 9791,,URUGUAY,1078,URUGUAY 1078,Recoleta,2
-58.3903036603914,-34.6042104834359,2231,EL GATO NEGRO,BAR,INTERNACIONAL,CLASICO PORTENO,4374 1730,,CORRIENTES,1669,CORRIENTES AV. 1669,San Nicolas,1
-58.3829130452437,-34.6265638983582,1109,EL GAUCHITO GIL,RESTAURANTE,PARRILLA,MODERNO,,,SALTA,1567,SALTA 1567,Constitucion,1
-58.4059228352849,-34.6370968464796,1557,EL GLOBITO,CAFE,PIZZERIA,CLASICO PORTENO,4943 3680,,CASEROS,3015,CASEROS AV. 3015,Parque Patricios,4
-58.38329558066179,-34.6097245177856,1394,EL GLOBO,RESTAURANTE,INTERNACIONAL,ANTIGUO,4381 3926,,YRIGOYEN HIPOLITO,1199,"YRIGOYEN, HIPOLITO 1199",Monserrat,1
-58.4181606419866,-34.5955331214655,162,EL GORRITI RESTAURANT,RESTAURANTE,TRADICIONAL,ANTIGUO,4862 8031,lunes a domingo de 12 a 16 y de 19 a 00,GORRITI,3780,GORRITI 3780,Palermo,14
-58.3963814806834,-34.59870516189081,1725,EL GRADUADO,BAR,,,4961 9780,,PARAGUAY,2038,PARAGUAY 2038,Recoleta,2
-58.4057234540028,-34.6366310025012,1555,EL GRAN ESPAAOL,RESTAURANTE,PARRILLA,CLASICO PORTENO,,,LA RIOJA,2161,LA RIOJA 2161,Parque Patricios,4
-58.4034671281518,-34.5974061155808,1727,EL GUARANI,RESTAURANTE,MINUTAS,CLASICO PORTENO,,,PUEYRREDON AV,1106,PUEYRREDON AV. 1106,Recoleta,2
-58.37128393401871,-34.6253341000835,2569,EL HIPOPOTAMO,BAR,MINUTAS,CLASICO PORTENO,4300 8450,,BRASIL,401,BRASIL 401,San Telmo,1
-58.40230724834409,-34.6364518976287,1558,EL HURACAN,RESTAURANTE,MINUTAS,CLASICO PORTENO,4308 3520,,CASEROS,2807,CASEROS AV. 2807,Parque Patricios,4
-58.39824447161529,-34.5893752547512,1733,ELIEL,RESTAURANTE,MINUTAS,MODERNO,4803 0700,,LARREA,1541,LARREA 1541,Recoleta,2
-58.3836301946255,-34.6097430524775,1395,EL IMPARCIAL,RESTAURANTE,INTERNACIONAL,ESPANOL,4383 2414,,YRIGOYEN HIPOLITO,1201,"YRIGOYEN, HIPOLITO 1201",Monserrat,1
-58.3766215001522,-34.6081125724866,2232,EL JARDIN,RESTAURANTE,,,,,RIVADAVIA,715,RIVADAVIA AV. 715,San Nicolas,1
-58.395471246187,-34.5913073184327,1729,EL KOZAKO,RESTAURANTE,ESLAVA,,4804 3527,martes a sabado de 20 al cierre,JUNIN,1460,JUNIN 1460,Recoleta,2
-58.3938589918105,-34.6348952076975,756,EL LITORAL,CAFE,,,,,PASCO,2200,PASCO 2200,Parque Patricios,4
-58.4367609042871,-34.5809642741012,163,EL MANTO,RESTAURANTE,ARMENIA,ANTIGUO,4774 2409,,COSTA RICA,5801,COSTA RICA 5801,Palermo,14
-58.3617208868287,-34.6135759691502,2828,EL MERCADO,RESTAURANTE,ARGENTINA,MODERNO,4010 9200,,Salotti,445,SALOTTI MARTHA 445,Puerto Madero,1
-58.3901933678076,-34.6138012878937,1396,EL MESON DE DON ENRIQUE,RESTAURANTE,MINUTAS,CLASICO PORTENO,4383 5987,,BELGRANO,1696,BELGRANO AV. 1696,Monserrat,1
-58.3673110801136,-34.6014526381548,1599,EL MIRASOL DE PUERTO MADERO,RESTAURANTE,PARRILLA,RUSTICA,4315 6277,lunes a lunes de 12 a 15 y de 20 a 00,MOREAU DE JUSTO ALICIA,202,"MOREAU DE JUSTO, ALICIA AV. 202",Puerto Madero,1
-58.44048820512511,-34.5825160655279,164,EL MYSTICO,RESTAURANTE,TRADICIONAL,RUSTICA,4775 3653,,GORRITI,5902,GORRITI 5902,Palermo,14
-58.37929316187671,-34.6057239659146,2234,EL NACIONAL,RESTAURANTE,TRADICIONAL,CLASICO PORTENO,4327 0710,lunes a viernes de 7 a 20 - sabado de 8 a 12,SUIPACHA,201,SUIPACHA 201,San Nicolas,1
-58.3702726258232,-34.6184639357069,2568,EL NACIONAL,RESTAURANTE,TRADICIONAL,ANTIGUO,4361 5539,martes a domingo de 9 al cierre - lunes de 9 a 18 - sabado de 18 al cierre,ESTADOS UNIDOS,302,ESTADOS UNIDOS 302,San Telmo,1
-58.3698702124904,-34.5994850792468,2233,EL NAVEGANTE,RESTAURANTE,INTERNACIONAL,CLASICO PORTENO,4311 0641,lunes a sabado de 7 a 00,VIAMONTE,154,VIAMONTE 154,San Nicolas,1
-58.3682012117448,-34.6123262977494,1398,EL NIDO,RESTAURANTE,MINUTAS,CLASICO PORTENO,4331 5236,lunes a viernes de 7 a 19,BELGRANO,126,BELGRANO AV. 126,Monserrat,1
-58.39526683868471,-34.5895985507849,1728,EL NORTE,RESTAURANTE,PIZZERIA,CLASICO PORTENO,4803 1370,,URIBURU,1680,"URIBURU JOSE E., Pres. 1680",Recoleta,2
-58.4378437648195,-34.5669642330655,165,EL NOVILLO ALEGRE,RESTAURANTE,PARRILLA,CLASICO PORTENO,4772 4458,,GOROSTIAGA,1833,GOROSTIAGA 1833,Palermo,14
-58.3854677018591,-34.6004694219048,755,EL NUEVO HENRY BAR,CAFE,MINUTAS,CLASICO PORTENO,4951 0684,,VIAMONTE,1301,VIAMONTE 1301,San Nicolas,1
-58.3611079051472,-34.6321826995306,1236,EL NUEVO MILENIO,BAR,MINUTAS,CLASICO PORTENO,4307 1613,lunes a domingo de 12 a 14 y de 20 a 00,VILLAFAAE WENCESLAO,412,"VILLAFAAE, WENCESLAO 412",Boca,4
-58.36980475701071,-34.6122593132373,1397,EL NUEVO PUENTE,RESTAURANTE,MINUTAS,MODERNO,4342 1121,lunes a viernes de 7 a 21,BELGRANO,233,BELGRANO AV. 233,Monserrat,1
-58.4003054226683,-34.6362382958844,1559,EL NUEVO REFUGIO,RESTAURANTE,MINUTAS,CLASICO PORTENO,,,CASEROS,2700,CASEROS AV. 2700,Parque Patricios,4
-58.373776350613,-34.6220138340321,2570,EL OASIS,RESTAURANTE,MINUTAS,ANTIGUO,4300 9730,lunes a domingo de 8 a 23.30,SAN JUAN,600,SAN JUAN AV. 600,San Telmo,1
-58.3568497213729,-34.6296318425512,1237,EL OBRERO,RESTAURANTE,TRADICIONAL,BODEGA,4362 9912,lunes a lunes de 8 a 2,CAFFARENA AGUSTIN R.,64,"CAFFARENA, AGUSTIN R. 64",Boca,4
-58.402559093018,-34.5944691614772,1730,EL OLMO,RESTAURANTE,MINUTAS,CLASICO PORTENO,4821 5828,lunes a domingo de 7 a 1,SANTA FE,2502,SANTA FE AV. 2502,Recoleta,2
-58.3775664832851,-34.6046863804643,2235,EL OMBU,RESTAURANTE,INTERNACIONAL,,4325 0641,,SARMIENTO,775,SARMIENTO 775,San Nicolas,1
-58.40481870607061,-34.638274545412,1560,EL OMBU PARRILLA BAR,RESTAURANTE,PARRILLA,CLASICO PORTENO,,,PATAGONES,2976,PATAGONES 2976,Parque Patricios,4
-58.389638736717,-34.6043207982548,2238,EL PALACIO DE LA PAPA FRITA,RESTAURANTE,INTERNACIONAL,CLASICO PORTENO,4322 1599,,CORRIENTES,1612,CORRIENTES AV. 1612,San Nicolas,1
-58.3771876455081,-34.6023293239913,2236,EL PALACIO DE LA PAPA FRITA,RESTAURANTE,INTERNACIONAL,CLASICO PORTENO,4393 5849,lunes a miercoles de 11.30 a 23 - jueves a domingo de 11.30 a 2,LAVALLE,735,LAVALLE 735,San Nicolas,1
-58.3802821253876,-34.6025314339851,2237,EL PALACIO DE LA PAPA FRITA,RESTAURANTE,INTERNACIONAL,CLASICO PORTENO,4322 1599,,LAVALLE,954,LAVALLE 954,San Nicolas,1
-58.3773107992546,-34.6033640650322,2239,EL PALACIO DE LA PIZZA,RESTAURANTE,INTERNACIONAL,,,,CORRIENTES,751,CORRIENTES AV. 751,San Nicolas,1
-58.3744165248361,-34.6402272696151,904,EL PAMPA,BAR,MINUTAS,FOLKLORICO,4301 4337,,MONTES DE OCA MANUEL,1051,"MONTES DE OCA, MANUEL 1051",Barracas,4
-58.42262642015671,-34.5716549670458,166,EL PARRILLON DE RECOLETA,RESTAURANTE,TRADICIONAL,MODERNO,4778 3773,,DEL LIBERTADOR,3880,DEL LIBERTADOR AV. 3880,Palermo,14
-58.3827557239414,-34.5959248738194,1989,EL PASEO CAE,CAFE,MINUTAS,CLASICO PORTENO,4812 6092,,CERRITO,1070,CERRITO 1070,Retiro,1
-58.376993881876,-34.6237066927512,2571,EL PATIO DE SAN TELMO,RESTAURANTE,INTERNACIONAL,CLASICO PORTENO,4362 8296,lunes a sabado de 7 a 19,PIEDRAS,1316,PIEDRAS 1316,San Telmo,1
-58.3783950572297,-34.65282830292239,906,EL PATO,BAR,,,4301 9462,,GONCALVES DIAS,885,GONCALVES DIAS 885,Barracas,4
-58.37233721007279,-34.6046066142794,2242,EL PATO DE SAN RAMON,RESTAURANTE,TRADICIONAL,CLASICO PORTENO,4343 0290,lunes a viernes de 10 a 16,RECONQUISTA,269,RECONQUISTA 269,San Nicolas,1
-58.4240866061506,-34.5847140861849,167,EL PENSADOR,RESTAURANTE,INTERNACIONAL,MODERNO,4832 4616,,PARAGUAY,4495,PARAGUAY 4495,Palermo,14
-58.3714135628122,-34.6202336516614,2572,EL PERRO ANDALUZ,RESTAURANTE,MEDITERRANEA,CLASICO PORTENO,4362 5562,,DEFENSA,1066,DEFENSA 1066,San Telmo,1
-58.37360025630939,-34.6031327166456,2243,EL PETOLO,RESTAURANTE,INTERNACIONAL,MODERNO,4328 0685,lunes a viernes de 8 a 00,CORRIENTES,485,CORRIENTES AV. 485,San Nicolas,1
-58.4241448146331,-34.5848030393405,168,EL PINGAINO DE PALERMO,RESTAURANTE,,,,,PARAGUAY,4496,PARAGUAY 4496,Palermo,14
-58.3714153089414,-34.6158971430245,1399,EL PIRINGUNDIN,RESTAURANTE,,,4343 3272,lunes a domingo de 8.30 a 2,CHILE,355,CHILE AV. 355,Monserrat,1
-58.376250168639,-34.6057777348001,2244,EL PORTAL,RESTAURANTE,,,,,PERON JUAN DOMINGO TTE.,681,"PERON, JUAN DOMINGO, TTE. GENERAL 681",San Nicolas,1
-58.3712148396326,-34.6160074575719,2573,EL PORTON,BAR,MINUTAS,CLASICO PORTENO,4300 9419,lunes a sabado de 10 a 22,CHILE,362,CHILE AV. 362,San Telmo,1
-58.43302086860501,-34.570912776998,169,EL PORTUGUES,RESTAURANTE,PARRILLA,CLASICO PORTENO,4771 8699,,BAEZ,499,BAEZ 499,Palermo,14
-58.4252970837866,-34.5854572458865,170,EL PREFERIDO DE PALERMO,RESTAURANTE,TRADICIONAL,CLASICO PORTENO,4774 6585,lunes a sabado de 12 a 16 y de 20 al cierre,BORGES JORGE LUIS,2108,"BORGES, JORGE LUIS 2108",Palermo,14
-58.37294038185929,-34.6467442133664,905,EL PROGRESO,BAR,TRADICIONAL,ANTIGUO,4301 0671,,MONTES DE OCA MANUEL,1702,"MONTES DE OCA, MANUEL 1702",Barracas,4
-58.3749388048068,-34.6556268200684,907,EL PUENTECITO,BAR,TRADICIONAL,CLASICO PORTENO,4301 1794,,LUJAN,2101,LUJAN 2101,Barracas,4
-58.3596744384402,-34.634125974501,1238,EL PUERTO DE ARIEL,RESTAURANTE,MINUTAS,CLASICO PORTENO,4362 5034,lunes a domingo de 8 a 21,BROWN ALTE.,1061,"BROWN, ALTE. AV. 1061",Boca,4
-58.4286268965869,-34.5876471131645,171,EL PURGATORIO,RESTAURANTE,INTERNACIONAL,DISENO,4834 6177,,BORGES JORGE LUIS,1766,"BORGES, JORGE LUIS 1766",Palermo,14
-58.3741933361757,-34.6243667597896,2574,EL QUEBRACHO,BAR,TRADICIONAL,CLASICO PORTENO,4300 5679,lunes a domingo de 8 a 23.30,GARAY JUAN DE,601,"GARAY, JUAN DE AV. 601",San Telmo,1
-58.37827056350471,-34.6461263649446,908,EL QUEQUE,RESTAURANTE,PARRILLA,CLASICO PORTENO,4301 6808,,VIEYTES,1184,VIEYTES 1184,Barracas,4
-58.374741162738,-34.61164835094939,2245,EL QUERANDI,RESTAURANTE,INTERNACIONAL,TANGO,5199 1770,,PERU,302,PERU 302,Monserrat,1
-58.3868439253851,-34.6285828783298,1107,EL QUIJOTE,RESTAURANTE,MINUTAS,CLASICO PORTENO,4305 2321,,BRASIL,1499,BRASIL 1499,Constitucion,1
-58.3803826658645,-34.6001639072096,2246,EL RAGU. PARRILLA AL PASO,RESTAURANTE,PARRILLA,CLASICO PORTENO,4322 9499,lunes a viernes de 8 a 18,VIAMONTE,948,VIAMONTE 948,San Nicolas,1
-58.42597851932071,-34.5795720978467,172,EL RAPIDO,RESTAURANTE,TRADICIONAL,CLASICO PORTENO,4774 5661,,GODOY CRUZ,2623,GODOY CRUZ 2623,Palermo,14
-58.3726357260336,-34.6007416906449,2247,EL RECOLETO,RESTAURANTE,INTERNACIONAL,MODERNO,4311 6700,,RECONQUISTA,602,RECONQUISTA 602,San Nicolas,1
-58.37174709738439,-34.6161144700871,2576,EL REFUGIO DEL ARLEQUIN,RESTAURANTE,INTERNACIONAL,CLASICO PORTENO,4300 9904,lunes a domingo de 12 a 20,DEFENSA,705,DEFENSA 705,San Telmo,1
-58.37140265629311,-34.6309796282319,910,EL REMANSO,RESTAURANTE,MINUTAS,CLASICO PORTENO,4307 4405,,PI Y MARGALL,1300,PI Y MARGALL 1300,Barracas,4
-58.4368129311182,-34.5828139768104,173,EL RESCATE DE DORYA,RESTAURANTE,,,4771 6555,,BONPLAND,1762,BONPLAND 1762,Palermo,14
-58.3879564622736,-34.6006046423334,2248,EL RESORTE,CAFE,SANDWICHERIA,ANTIGUO,5811 3390,lunes a viernes de 8 a 20,VIAMONTE,1499,VIAMONTE 1499,San Nicolas,1
-58.37062643562329,-34.6011028707952,2249,EL RETORNO,CAFE,,,4315 3504,,ALEM LEANDRO N.,564,"ALEM, LEANDRO N. AV. 564",San Nicolas,1
-58.4290933626009,-34.5807385729284,174,EL REY DEL VINO,RESTAURANTE,INTERNACIONAL,BODEGA,4772 5819,,PARAGUAY,5001,PARAGUAY 5001,Palermo,14
-58.38315726223389,-34.6142822187436,1400,EL RINCON,RESTAURANTE,MINUTAS,CLASICO PORTENO,4383 3932,,SALTA,495,SALTA 495,Monserrat,1
-58.37141509927179,-34.5997395892995,2252,EL RONCAL,RESTAURANTE,,,4313 5474,,25 DE MAYO,688,25 DE MAYO 688,San Nicolas,1
-58.3807638569758,-34.60653982678789,2250,EL RONCAL,RESTAURANTE,,,4394 1256,,PELLEGRINI CARLOS,163,"PELLEGRINI, CARLOS 163",San Nicolas,1
-58.3726083781075,-34.6011485772465,2251,EL RONCAL,RESTAURANTE,MINUTAS,MODERNO,4326 6283,lunes a viernes de 6 a 22,RECONQUISTA,584,RECONQUISTA 584,San Nicolas,1
-58.37319859679461,-34.595950261118,1991,EL SALMON DOS,CAFE,TRADICIONAL,CLASICO PORTENO,4315 3362,,RECONQUISTA,1014,RECONQUISTA 1014,Retiro,1
-58.4088790102757,-34.5903552979548,1731,EL SANJUANINO,RESTAURANTE,REGIONAL,MODERNO,4784 5989,martes a domingo de 12 a 15 y de 20 a 00,SANCHEZ DE BUSTAMANTE,1788,SANCHEZ DE BUSTAMANTE 1788,Recoleta,2
-58.3855705944948,-34.609417562869,1402,EL SITIO,RESTAURANTE,INTERNACIONAL,ANTIGUO,4384 1150,,DE MAYO,1354,DE MAYO AV. 1354,Monserrat,1
-58.443272027199,-34.58185061277661,175,EL SOL,RESTAURANTE,TRADICIONAL,CLASICO PORTENO,4772 1045,,CABRERA JOSE A.,6099,"CABRERA, JOSE A. 6099",Palermo,14
-58.3874503744915,-34.600657632765,2254,EL SOLAR,RESTAURANTE,MINUTAS,MODERNO,4372 1452,lunes a viernes de 8 a 17,VIAMONTE,1452,VIAMONTE 1452,San Nicolas,1
-58.3885661140497,-34.5984333607673,1732,EL SOSIEGO,RESTAURANTE,TRADICIONAL,CLASICO PORTENO,4813 5363,,PARAGUAY,1524,PARAGUAY 1524,Recoleta,2
-58.4300356129406,-34.5889392161952,176,EL TALLER,RESTAURANTE,MINUTAS,BOHEMIO,4831 5501,,SERRANO,1595,SERRANO 1595,Palermo,14
-58.3842681591503,-34.5990880815137,1990,EL TEATRO,BAR,MINUTAS,MODERNO,4816 3501,,CORDOBA,1225,CORDOBA AV. 1225,Retiro,1
-58.3851689974179,-34.60632933734669,2253,EL TELE,RESTAURANTE,INTERNACIONAL,,,,PERON JUAN DOMINGO TTE.,1307,"PERON, JUAN DOMINGO, TTE. GENERAL 1307",San Nicolas,1
-58.4438425907351,-34.5824348856721,177,EL TIMON,RESTAURANTE,INTERNACIONAL,MARINA,4772 0370,,DORREGO,1649,DORREGO 1649,Palermo,14
-58.3858265428088,-34.6015526943324,2255,EL TOSTADERO,RESTAURANTE,TRADICIONAL,CLASICO PORTENO,4373 2514,lunes a viernes de 6 a 19,TUCUMAN,1349,TUCUMAN 1349,San Nicolas,1
-58.38808631430039,-34.5983995999247,178,EL TRAPICHE,RESTAURANTE,,,,,PARAGUAY,1500,PARAGUAY 1500,Recoleta,2
-58.3818672071249,-34.6120786875003,1401,EL TREBOL,CAFE,MINUTAS,MODERNO,4382 7293,,LIMA,317,LIMA 317,Monserrat,1
-58.3983593689396,-34.5954998651223,1734,EL TREBOL,RESTAURANTE,MINUTAS,MODERNO,4822 6417,,SANTA FE,2198,SANTA FE AV. 2198,Recoleta,2
-58.383554547526,-34.6085588492836,2256,EL TRIDENTE,BAR,MINUTAS,MODERNO,4381 3427,lunes a viernes de 8 a 21,RIVADAVIA AV,1201,RIVADAVIA AV. 1201,San Nicolas,1
-58.372944948423,-34.5976276838939,1992,EL VERDE,BAR,INTERNACIONAL,IRLANDES,4315 3693,,RECONQUISTA,878,RECONQUISTA 878,Retiro,1
-58.38337400667971,-34.6037257539537,2257,EL VESUBIO,BAR,MINUTAS,CLASICO PORTENO,4382 3735,lunes a domingo de 1 a 00,CORRIENTES,1181,CORRIENTES AV. 1181,San Nicolas,1
-58.3697854840244,-34.6170785801629,2578,EL VIEJO ALMACEN,RESTAURANTE,INTERNACIONAL,CLASICO PORTENO,4342 3353,lunes a domingo de 12 a 16 y de 20 a 1,INDEPENDENCIA,299,INDEPENDENCIA AV. 299,San Telmo,1
-58.3716737398349,-34.6147769514798,1403,EL VIEJO ALMAFUERTE,CAFE,ESPANOLA,ESPANOL,4343 8982,lunes a domingo de 11 a 23,MEXICO,399,MEXICO 399,Monserrat,1
-58.3916377179108,-34.6131385273696,1404,ELVO,RESTAURANTE,INTERNACIONAL,MODERNO,4372 5346,,ENTRE RIOS,340,ENTRE RIOS AV. 340,Monserrat,1
-58.4374414048744,-34.5847993703109,179,EMBRUJO,RESTAURANTE,INTERNACIONAL,,4776 4502,,GORRITI,5612,GORRITI 5612,Palermo,14
-58.36747212525621,-34.599966649833,1601,EMBRUJO RESTO,RESTAURANTE,INTERNACIONAL,,4313 1199,lunes a viernes de 12 a 15.30 y de 20 a 1 - sabado de 12 a 15.30 y de 20 al cierre,MOREAU DE JUSTO ALICIA,176,"MOREAU DE JUSTO, ALICIA AV. 176",Puerto Madero,1
-58.3861067451805,-34.5993397311385,2258,EMBRUJO RESTO,RESTAURANTE,INTERNACIONAL,,4373 5211,lunes a viernes de 12 a 15.30 y de 20 a 1 - sabado de 12 a 15.30 y de 20 al cierre,CORDOBA,1344,CORDOBA AV. 1344,San Nicolas,1
-58.3732541006919,-34.59788853385761,1993,EMPIRE THAI,RESTAURANTE,TAILANDESA,,4312 5706,,TRES SARGENTOS,427,TRES SARGENTOS 427,Retiro,1
-58.4354406775109,-34.5669287618355,180,EPICUREOS,RESTAURANTE,DE AUTOR,CLASICO PORTENO,4772 8108,,SOLDADO DE LA INDEPENDENCIA,851,SOLDADO DE LA INDEPENDENCIA 851,Palermo,14
-58.3777800474835,-34.6080046654807,2259,ESMERALDA,RESTAURANTE,TRADICIONAL,MODERNO,4331 1213,lunes a viernes de 8 a 19,ESMERALDA,15,ESMERALDA 15,San Nicolas,1
-58.4347566849669,-34.5792272844178,181,ESPACIO MIRADA,RESTAURANTE,MINUTAS,RUSTICA,4772 4231,,SOLER,5802,SOLER 5802,Palermo,14
-58.43568617273029,-34.5800252530262,182,ESPACIO MIRADA,RESTAURANTE,INTERNACIONAL,ARTESANIAS,4772 9221,,NICARAGUA,5802,NICARAGUA 5802,Palermo,14
-58.42466342329411,-34.5892619601295,183,ESPACIO RENATA,RESTAURANTE,INTERNACIONAL,ARTESANIAS,4831 1440,,MALABIA,1835,MALABIA 1835,Palermo,14
-58.3762822136839,-34.6046677895431,2260,ESPRESSO,RESTAURANTE,MINUTAS,MODERNO,4394 5995,,SARMIENTO,684,SARMIENTO 684,San Nicolas,1
-58.3879509358381,-34.602096446184,2261,ESPRESSO,RESTAURANTE,INTERNACIONAL,,4371 1458,,PARANA,571,PARANA 571,San Nicolas,1
-58.3718034464585,-34.6125447949666,1406,ESPRESSO,RESTAURANTE,INTERNACIONAL,MODERNO,4343 2352,lunes a viernes de 6.30 a 22 - sabado y domingo de 8 a 20,BELGRANO,400,BELGRANO AV. 400,Monserrat,1
-58.37030879277739,-34.6164538964112,2581,ESQUINA TANGO,RESTAURANTE,INTERNACIONAL,TANGO,4308 8221,,BALCARCE,749,BALCARCE 749,San Telmo,1
-58.3735326524836,-34.6126501247569,1405,ESTACION PUEBLO,RESTAURANTE,REGIONAL,MODERNO,4345 5010,lunes a viernes de 8 a 20,BELGRANO,502,BELGRANO AV. 502,Monserrat,1
-58.3654438534725,-34.6203184232234,1600,ESTILO CAMPO,RESTAURANTE,PARRILLA,RUSTICA,4312 4546,,MOREAU DE JUSTO ALICIA,1840,"MOREAU DE JUSTO, ALICIA AV. 1840",Puerto Madero,1
-58.3736180493007,-34.6431530976641,909,ESTUDIANTE,BAR,SANDWICHERIA,CLASICO PORTENO,,,MONTES DE OCA MANUEL,1312,"MONTES DE OCA, MANUEL 1312",Barracas,4
-58.413904186175,-34.5842610359743,1735,ETNIAS,RESTAURANTE,DE AUTOR,,4833 3336,,BERUTI,3759,BERUTI 3759,Palermo,14
-58.3795115275786,-34.5990445527051,2262,ETRE,RESTAURANTE,INTERNACIONAL,MODERNO,4322 9570,lunes a sabado de 7 a 00,CORDOBA,896,CORDOBA AV. 896,San Nicolas,1
-58.3757176542977,-34.6011010606024,2263,EURO BAR,RESTAURANTE,INTERNACIONAL,,4375 0438,,TUCUMAN,628,TUCUMAN 628,San Nicolas,1
-58.375433201612,-34.6197127014915,2579,EUROPA,RESTAURANTE,SANDWICHERIA,ANTIGUO,4307 1796,lunes a domingo de 6 a 21,CALVO CARLOS,678,"CALVO, CARLOS 678",San Telmo,1
-58.3779963079773,-34.6042459274112,2264,EVER GREEN,RESTAURANTE,CHINA,CLASICO PORTENO,4394 5022,lunes a viernes de 10 a 16,ESMERALDA,333,ESMERALDA 333,San Nicolas,1
-58.38097300790071,-34.5989362962677,1995,EXEDRA,RESTAURANTE,MINUTAS,CLASICO PORTENO,4322 7807,domingo a jueves de 7 a 5,CORDOBA,999,CORDOBA AV. 999,Retiro,1
-58.3783126245494,-34.6011957709893,2266,EXPRESS,RESTAURANTE,MINUTAS,CLASICO PORTENO,4328 4141,lunes a viernes de 8 a 22,TUCUMAN,801,TUCUMAN 801,San Nicolas,1
-58.37065299156939,-34.6089176961229,766,EXPRESSO,RESTAURANTE,,,,,YRIGOYEN HIPOLITO,300,"YRIGOYEN, HIPOLITO AV. 300",Monserrat,1
-58.4117027658446,-34.5802732700732,184,FABIANO CAFE,BAR,SANDWICHERIA,MODERNO,4806 9780,,UGARTECHE,3101,UGARTECHE 3101,Palermo,14
-58.388097799431,-34.601565189867,2265,FACTURY,RESTAURANTE,INTERNACIONAL,,4371 7612,,PARANA,610,PARANA 610,San Nicolas,1
-58.3884123764938,-34.5971640577615,1737,FACUNDO,RESTAURANTE,TRADICIONAL,CLASICO PORTENO,4815 2520,,ALVEAR MARCELO T. De,1502,"ALVEAR, MARCELO T. De 1502",Recoleta,2
-58.3709357160375,-34.6059700882125,2267,FAMA,RESTAURANTE,TRADICIONAL,MODERNO,4343 7771,lunes a viernes de 7.30 a 19,25 DE MAYO,152,25 DE MAYO 152,San Nicolas,1
-58.3895372388169,-34.6041486347275,2268,FARANDULA,RESTAURANTE,INTERNACIONAL,,4374 7381,,CORRIENTES,1601,CORRIENTES AV. 1601,San Nicolas,1
-58.3959937150611,-34.5948799901854,1736,FARINA,RESTAURANTE,,,4829 9207,,AYACUCHO,1174,AYACUCHO 1174,Recoleta,2
-58.4132631988728,-34.59094820507,186,FEED BACK,BAR,MINUTAS,CLASICO PORTENO,4822 2009,,CHARCAS,3359,CHARCAS 3359,Palermo,14
-58.4208946888194,-34.5942260554321,185,FELIX,RESTAURANTE,,,,,HONDURAS,4096,HONDURAS 4096,Palermo,14
-58.3813680140855,-34.5959367279095,1994,FENICIA,RESTAURANTE,TRADICIONAL,CLASICO PORTENO,4328 4545,lunes a sabado de 7 a 23,PELLEGRINI CARLOS,1061,"PELLEGRINI, CARLOS 1061",Retiro,1
-58.4244855040752,-34.5777435886819,187,FERNANDO,RESTAURANTE,ITALIANA,MODERNO,4777 3832,,GODOY CRUZ,2796,GODOY CRUZ 2796,Palermo,14
-58.4396842965706,-34.5647364948493,188,FILIPPO,RESTAURANTE,TRADICIONAL,CLASICO PORTENO,4772 5874,,LACROZE FEDERICO,1802,"LACROZE, FEDERICO 1802",Palermo,14
-58.393524137666,-34.5959318771354,1738,FILIPPO,RESTAURANTE,MINUTAS,MODERNO,4811 7629,,SANTA FE,1802,SANTA FE AV. 1802,Recoleta,2
-58.3909418588496,-34.595904642229,1741,FILIPPO,RESTAURANTE,TRADICIONAL,CLASICO PORTENO,4815 3756,,SANTA FE,1660,SANTA FE AV. 1660,Recoleta,2
-58.3742690293666,-34.5965492656945,1996,FILO,RESTAURANTE,ITALIANA,POP,4311 0312,,SAN MARTIN,975,SAN MARTIN 975,Retiro,1
-58.38640198853889,-34.6066988365255,2270,FLAMINGO,RESTAURANTE,INTERNACIONAL,,4375 1738,,URUGUAY,186,URUGUAY 186,San Nicolas,1
-58.41073230919721,-34.5952427697714,1739,FLOPY,RESTAURANTE,MINUTAS,CLASICO PORTENO,4961 4799,lunes a domingo de 7 a 00,PARAGUAY,3088,PARAGUAY 3088,Recoleta,2
-58.3869654764293,-34.5986831963345,1997,FLORA,RESTAURANTE,MINUTAS,MODERNO,4812 4139,,URUGUAY,862,URUGUAY 862,Recoleta,2
-58.4230693054115,-34.5810214550569,189,FLORENCIA,RESTAURANTE,,,,,URIARTE,2461,URIARTE 2461,Palermo,14
-58.39091509469051,-34.5971692914322,1740,FLORENCIA PLAZA,RESTAURANTE,,,,,ALVEAR MARCELO T. De,1649,"ALVEAR, MARCELO T. De 1649",Recoleta,2
-58.37508795565821,-34.6010060979346,2272,FLORIDA STREET,RESTAURANTE,MINUTAS,CLASICO PORTENO,4314 1701,lunes a domingo de 7 a 22,TUCUMAN,593,TUCUMAN 593,San Nicolas,1
-58.4023722014713,-34.5984707993713,1743,FOGON CORDOBES,RESTAURANTE,,,4963 6934,,LARREA,850,LARREA 850,Recoleta,2
-58.3876622185063,-34.6028302211032,2273,FOJA CERO,RESTAURANTE,MINUTAS,CLASICO PORTENO,4371 1574,lunes a viernes de 8 a 20,LAVALLE,1489,LAVALLE 1489,San Nicolas,1
-58.3988326857308,-34.592572009236,1744,FOODIE,RESTAURANTE,,,4821 6277,,AZCUENAGA,1396,AZCUENAGA 1396,Recoleta,2
-58.3766337091155,-34.6010895449474,2274,FOREST HILLS,RESTAURANTE,MINUTAS,MODERNO,4322 5710,,TUCUMAN,699,TUCUMAN 699,San Nicolas,1
-58.3869636329871,-34.6006347207287,2276,FORUM,RESTAURANTE,TRADICIONAL,MODERNO,4375 2380,lunes a viernes de 7 a 19,VIAMONTE,1402,VIAMONTE 1402,San Nicolas,1
-58.373899882178,-34.6029748980871,2275,FOTOBAR,RESTAURANTE,,,4390 4081,,SAN MARTIN,430,SAN MARTIN 430,San Nicolas,1
-58.4086717993238,-34.5888266411554,1746,FRANCINE,RESTAURANTE,FRANCESA,MODERNO,4823 9514,lunes a viernes de 9 a 00,ARENALES,3199,ARENALES 3199,Recoleta,2
-58.3932570707721,-34.5854420265455,1745,FRAPPE,RESTAURANTE,TAPAS,MODERNO,5777 6110,,PUEYRREDON,2501,PUEYRREDON AV. 2501,Recoleta,2
-58.3996127836727,-34.5890853454878,1747,FRATEMPO,RESTAURANTE,MINUTAS,MODERNO,4806 8043,,PUEYRREDON AV,1907,PUEYRREDON AV. 1907,Recoleta,2
-58.3705115237949,-34.6159501019026,2582,FREIBURGUER HOF,RESTAURANTE,TRADICIONAL,CLASICO PORTENO,4361 7253,lunes a sabado de 7 a 1,CHILE,308,CHILE AV. 308,San Telmo,1
-58.4278392218526,-34.5883870597579,190,FREUD & FAHLER,RESTAURANTE,DE AUTOR,CLASICO PORTENO,4833 2153,lunes a sabado de 12.30 a 15.30 y de 20.30 a 00,GURRUCHAGA,1750,GURRUCHAGA 1750,Palermo,14
-58.3800299941306,-34.601270919543,2277,FRIENDS,RESTAURANTE,MINUTAS,CLASICO PORTENO,4327 4320,lunes a viernes de 8 a 20,TUCUMAN,925,TUCUMAN 925,San Nicolas,1
-58.3773943208015,-34.604676060692,2278,FRISCO,RESTAURANTE,INTERNACIONAL,,4325 2785,,SARMIENTO,765,SARMIENTO 765,San Nicolas,1
-58.412381847305,-34.5915879276289,191,FUENSANTA,RESTAURANTE,,,4822 0628,,CHARCAS,3301,CHARCAS 3301,Palermo,14
-58.3708201262137,-34.606863564756,2279,FUENTES,RESTAURANTE,,,4345 6432,,25 DE MAYO,71,25 DE MAYO 71,San Nicolas,1
-58.37402878984101,-34.6000138306597,2281,FULBO,RESTAURANTE,MEDITERRANEA,MODERNO,4312 3502,,SAN MARTIN,687,SAN MARTIN 687,San Nicolas,1
-58.3768424886606,-34.5997836792094,2280,FUSSION,RESTAURANTE,PARRILLA,MODERNO,4326 6556,,MAIPU,710,MAIPU 710,San Nicolas,1
-58.4028250055851,-34.5988345952223,1748,GANDHI,CAFE,MINUTAS,CLASICO PORTENO,4806 8043,,CORDOBA,2515,CORDOBA AV. 2515,Recoleta,2
-58.3843584093114,-34.60511242905019,2282,GARIK,BAR,MINUTAS,MODERNO,4383 2549,lunes a viernes de 7 a 20 - sabado de 8 a 2,SARMIENTO,1249,SARMIENTO 1249,San Nicolas,1
-58.3712058638548,-34.6171140180155,2580,GAUCHITO 2A,RESTAURANTE,TRADICIONAL,CLASICO PORTENO,4307 0026,lunes a sabado de 9 a 00,INDEPENDENCIA,371,INDEPENDENCIA AV. 371,San Telmo,1
-58.41326423427301,-34.5804025679073,193,GAZEBO,RESTAURANTE,TRADICIONAL,MODERNO,4806 4962,,REPUBLICA ARABE-SIRIA,3091,REPUBLICA ARABE SIRIA 3091,Palermo,14
-58.3718562810906,-34.6055090968009,2283,GEDREZ,BAR,INTERNACIONAL,ESPANOL,4343 5830,lunes a viernes de 6 a 20,PERON JUAN DOMINGO TTE.,374,"PERON, JUAN DOMINGO, TTE. GENERAL 374",San Nicolas,1
-58.40291001671601,-34.5987892162123,1750,GEMINIS,CAFE,,,4973 9119,,CORDOBA,2523,CORDOBA AV. 2523,Recoleta,2
-58.41812324016421,-34.59417782526531,194,GERONIMO BAR,RESTAURANTE,,,,,HONDURAS,3900,HONDURAS 3900,Palermo,14
-58.378826427114,-34.6001361357353,2285,GIANNI'S,RESTAURANTE,INTERNACIONAL,,,,VIAMONTE,834,VIAMONTE 834,San Nicolas,1
-58.37139456955771,-34.59901723749211,2284,GIANNIS'S,RESTAURANTE,TRADICIONAL,MODERNO,4325 3355,lunes a viernes de 8 a 18,25 DE MAYO,757,25 DE MAYO 757,San Nicolas,1
-58.37440463844911,-34.6183432773299,2583,GIBRALTAR,BAR,INTERNACIONAL,CLASICO PORTENO,4362 5310,lunes a viernes de 18 a 3,PERU,895,PERU 895,San Telmo,1
-58.3860359261256,-34.6167314087879,1407,GIJON,RESTAURANTE,MINUTAS,CLASICO PORTENO,4383 2634,,CHILE,1402,CHILE 1402,Monserrat,1
-58.3744256144998,-34.6100754704501,1409,GINO,RESTAURANTE,ITALIANA,CLASICO PORTENO,4342 7388,lunes a viernes de 9 a 16,ROCA JULIO A. Pres.,586,"ROCA, JULIO A., PRESIDENTE AV. 586",Monserrat,1
-58.37256524878429,-34.6006319086665,2287,GIORGIO,RESTAURANTE,,,4314 3590,,RECONQUISTA,613,RECONQUISTA 613,San Nicolas,1
-58.4172179495975,-34.586057956882,195,GIOVANE,BAR,MINUTAS,MODERNO,4833 3636,,SCALABRINI ORTIZ RAUL,2401,"SCALABRINI ORTIZ, RAUL AV. 2401",Palermo,14
-58.36603517766579,-34.6276282694226,1239,GIOVANI,RESTAURANTE,MINUTAS,CLASICO PORTENO,4302 4322,lunes a sabado de 7 a 17,PI Y MARGALL,741,PI Y MARGALL 741,Boca,4
-58.40682332890879,-34.5967996085629,1752,GIRASOLES,RESTAURANTE,PARRILLA,MODERNO,4961 3767,lunes a domingo de 12 a 16 y de 20 a 00,PARAGUAY,2743,PARAGUAY 2743,Recoleta,2
-58.4197587558572,-34.5846023268398,196,GIRASOLES,BAR,,,4832 4475,,ARMENIA,2397,ARMENIA 2397,Palermo,14
-58.42560868403729,-34.5891767166337,197,GODI,RESTAURANTE,DE AUTOR,MODERNO,4831 459,,COSTA RICA,4538,COSTA RICA 4538,Palermo,14
-58.3856752086619,-34.6004799559867,2286,GOL BAR,BAR,MINUTAS,CLASICO PORTENO,4373 6995,lunes a viernes de 7 a 19,VIAMONTE,1321,VIAMONTE 1321,San Nicolas,1
-58.3726072637473,-34.5998693370559,2288,GOLDEN,BAR,INTERNACIONAL,ANTIGUO,5032 5100,lunes a sabado de 11 a 1 - domingo de 16.30 a 1,RECONQUISTA,699,RECONQUISTA 699,San Nicolas,1
-58.3724756129301,-34.6022468065803,2289,GOURMET,RESTAURANTE,FAST FOOD,MODERNO,4315 4555,,RECONQUISTA,485,RECONQUISTA 485,San Nicolas,1
-58.3740556268911,-34.6233943680855,2585,GRAN CANDOMBE,BAR,TRADICIONAL,CLASICO PORTENO,4361 8004,lunes a domingo de 8 a 22.30,PERU,1302,PERU 1302,San Telmo,1
-58.37027166679,-34.6067301286484,2291,GRAN COLON,RESTAURANTE,INTERNACIONAL,CLASICO PORTENO,4342 1712,lunes a viernes de 7 a 21,ALEM LEANDRO N.,44,"ALEM, LEANDRO N. AV. 44",San Nicolas,1
-58.36982281931971,-34.6109001388711,1410,GRAN COMET,BAR,MINUTAS,CLASICO PORTENO,4342 1622,lunes a viernes de 6.30 a 20,PASEO COLON,279,PASEO COLON AV. 279,Monserrat,1
-58.3968905631633,-34.5934371676409,1751,GRANDA BISTRO,RESTAURANTE,INTERNACIONAL,CLASICO PORTENO,4826 2317,,JUNIN,1281,JUNIN 1281,Recoleta,2
-58.3747417538925,-34.6022129751982,2290,GRAND KING HOTEL,RESTAURANTE,INTERNACIONAL,ANTIGUO,4393 4352,lunes a domingo de 12.30 a 23,LAVALLE,560,LAVALLE 560,San Nicolas,1
-58.3750252402059,-34.6061256894968,2292,GRANIX RESTAURANT,RESTAURANTE,VEGETARIANA,MODERNO,4343 4020,lunes a viernes de 11 a 15.30,FLORIDA,165,FLORIDA 165,San Nicolas,1
-58.388285258155,-34.5855889264076,1999,GRAN MARIN,RESTAURANTE,MINUTAS,MODERNO,4814 5515,,DEL LIBERTADOR,1156,DEL LIBERTADOR AV. 1156,Recoleta,2
-58.3971942977518,-34.5948623508859,1753,GRANT'S,RESTAURANTE,TENEDOR LIBRE,CLASICO PORTENO,4823 5894,,JUNIN,1155,JUNIN 1155,Recoleta,2
-58.43755573710629,-34.581650605363,198,GRAPPA,RESTAURANTE,ITALIANA,RUSTICA,4899 2577,,EL SALVADOR,5802,EL SALVADOR 5802,Palermo,14
-58.426164137531,-34.5832575223897,199,GRATTO,RESTAURANTE,,,,,PARAGUAY,4678,PARAGUAY 4678,Palermo,14
-58.4368453875163,-34.5810408984498,200,GREEN BAMBOO,RESTAURANTE,TAILANDESA,TAILANDESA,4775 7050,martes a sabado de 20 al cierre,COSTA RICA,5802,COSTA RICA 5802,Palermo,14
-58.3753621086916,-34.5988587131616,2293,GREEN & CO,RESTAURANTE,FAST FOOD,MODERNO,5555 5119,lunes a jueves de 9 a 22 - sabado de 10 a 00 - domingo de 9 a 22,FLORIDA,787,FLORIDA 787,San Nicolas,1
-58.4121104422826,-34.5979051800263,1755,GRILLO'S,RESTAURANTE,SANDWICHERIA,CLASICO PORTENO,4964 0198,lunes a sabado de 7 a 23,CORDOBA,3201,CORDOBA AV. 3201,Recoleta,2
-58.3781746804196,-34.6059640880918,2295,GRILL & SOJA,RESTAURANTE,ASIATICA,MODERNO,4393 0003,lunes a viernes de 7.30 a 20,PERON JUAN DOMINGO TTE.,812,"PERON, JUAN DOMINGO, TTE. GENERAL 812",San Nicolas,1
-58.4264335455699,-34.5876104398122,201,GUADALAJARA DE NOCHE,RESTAURANTE,MEXICANA,MEXICANO,4832 8971,lunes a viernes de 19 a 00 - sabado y domingo de 12 a 00,GURRUCHAGA,1881,GURRUCHAGA 1881,Palermo,14
-58.3860001457484,-34.6040442760444,2296,GUERRIN,CAFE,PIZZERIA,CLASICO PORTENO,4371 8141,lunes a lunes de 7 al cierre,CORRIENTES,1368,CORRIENTES AV. 1368,San Nicolas,1
-58.38886600324199,-34.5994772048451,2294,GUINEA,CAFE,MINUTAS,,4816 2802,lunes a jueves de 7 a 20,CORDOBA,1536,CORDOBA AV. 1536,San Nicolas,1
-58.4358405188413,-34.5804229243713,202,GULA & BULLA,RESTAURANTE,TRADICIONAL,ANTIGUO,4774 7354,,CARRANZA ANGEL JUSTINIANO,1969,"CARRANZA, ANGEL JUSTINIANO 1969",Palermo,14
-58.4136146685391,-34.5947825024535,1754,GUSTOSO,CAFE,MINUTAS,MODERNO,,,BILLINGHURST,1298,BILLINGHURST 1298,Recoleta,2
-58.3766419121496,-34.5976025846195,1998,HABITUE,RESTAURANTE,INTERNACIONAL,,,,PARAGUAY,700,PARAGUAY 700,Retiro,1
-58.4125110843644,-34.5839554763962,203,HALINA,RESTAURANTE,SANDWICHERIA,MODERNO,4807 9396,,ARAOZ,2806,ARAOZ 2806,Palermo,14
-58.3797167086581,-34.5999114140289,2297,HAM & CHEESE,RESTAURANTE,INTERNACIONAL,CLASICO PORTENO,4322 3606,,SUIPACHA,714,SUIPACHA 714,San Nicolas,1
-58.4374414048744,-34.5847993703109,204,HAMSE,RESTAURANTE,,,,,GORRITI,5616,GORRITI 5616,Palermo,14
-58.42672172377811,-34.5945016614901,205,HANAN,RESTAURANTE,ARABE,ARABE,4899 5075,lunes a domingo de 12 a 15.30 y de 20 a 1,ALVAREZ JULIAN,1272,"ALVAREZ, JULIAN 1272",Palermo,14
-58.389435103206,-34.6006685866231,2298,HANS,RESTAURANTE,TRADICIONAL,ANTIGUO,4813 1779,lunes a viernes de 7 a 23,VIAMONTE,1599,VIAMONTE 1599,San Nicolas,1
-58.3672731073948,-34.6017287089019,1603,HAPPENING,RESTAURANTE,PARRILLA,MODERNO,4319 8715,,MOREAU DE JUSTO ALICIA,310,"MOREAU DE JUSTO, ALICIA AV. 310",Puerto Madero,1
-58.3990072080723,-34.5969910326207,1756,HARAS DEL NORTE,CAFE,PARRILLA,CLASICO PORTENO,4827 5503,,ALVEAR MARCELO T. De,2201,"ALVEAR, MARCELO T. De 2201",Recoleta,2
-58.3649266926933,-34.6005757320568,1604,HARBOR CAFE,RESTAURANTE,INTERNACIONAL,MODERNO,4315 2010,,DEALESSI PIERINA,240,"DEALESSI, PIERINA 240",Puerto Madero,1
-58.3932570707721,-34.5854420265455,1760,HARD ROCK CAFE,RESTAURANTE,INTERNACIONAL,ROCK & ROLL,4807 7625,,PUEYRREDON,2501,PUEYRREDON AV. 2501,Recoleta,2
-58.41040898187489,-34.5822822030575,206,HAVANNA,RESTAURANTE,MINUTAS,MODERNO,4858 0555,,LAS HERAS GRAL.,3602,LAS HERAS GENERAL AV. 3602,Palermo,14
-58.4094109537773,-34.5897223642904,1758,HAVANNA,CAFE,SANDWICHERIA,,4822 1402,,SANTA FE,3148,SANTA FE AV. 3148,Recoleta,2
-58.40034908772671,-34.5901785187302,1757,HAVANNA,RESTAURANTE,MINUTAS,MODERNO,,lunes a domingo de 8 a 2030,PUEYRREDON AV,1802,PUEYRREDON AV. 1802,Recoleta,2
-58.4028139264701,-34.5955120436732,1759,HAVANNA,CAFE,MINUTAS,CLASICO PORTENO,4821 3100,lunes a domingo de 8 a 2030,PUEYRREDON AV,1320,PUEYRREDON AV. 1320,Recoleta,2
-58.4153093814203,-34.58932141471089,207,HELARTE,BAR,TRADICIONAL,,4821 4844,,CHARCAS,3587,CHARCAS 3587,Palermo,14
-58.4252855812089,-34.5857462838022,208,HENRY,BAR,MINUTAS,MODERNO,4832 9510,,GUATEMALA,4788,GUATEMALA 4788,Palermo,14
-58.3925974871251,-34.588792973299,1761,HENRY J. BEAN'S,RESTAURANTE,MEXICANA,AMERICANO,4801 8477,,JUNIN,1749,JUNIN 1749,Recoleta,2
-58.4367928650442,-34.5674188641744,209,HENRY J. BEAN'S,RESTAURANTE,AMERICANA,AMERICANO,477 9172,,ARCE,907,ARCE 907,Palermo,14
-58.37089839154961,-34.60066999117119,2302,HENRY'S,CAFE,MINUTAS,CLASICO PORTENO,4313 6003,lunes a sabado de 8 a 1,TUCUMAN,269,TUCUMAN 269,San Nicolas,1
-58.36623002770679,-34.610893122595,1605,HEREDERO,RESTAURANTE,,,4342 8689,,MOREAU DE JUSTO ALICIA,1140,"MOREAU DE JUSTO, ALICIA AV. 1140",Puerto Madero,1
-58.4184842077708,-34.5835314147164,210,HERMANN,RESTAURANTE,PORTENA,CLASICO PORTENO,4832 1929,,SANTA FE,3902,SANTA FE AV. 3902,Palermo,14
-58.4403198669795,-34.5810757843222,211,HILARIO,RESTAURANTE,PIZZERIA,BOHEMIO,4778 9242,,HONDURAS,6000,HONDURAS 6000,Palermo,14
-58.3800278857105,-34.6049104224725,2303,HIPOLITO,RESTAURANTE,TRADICIONAL,MODERNO,4322 0802,lunes a viernes de 8 a 20,SARMIENTO,948,SARMIENTO 948,San Nicolas,1
-58.3780849358135,-34.603981019378,2304,HOLLY,RESTAURANTE,MINUTAS,CLASICO PORTENO,4326 8112,lunes a viernes de 9 a 18,ESMERALDA,360,ESMERALDA 360,San Nicolas,1
-58.39477881827401,-34.5964150860613,1763,HOLLY FOOD,RESTAURANTE,,,4816 2953,,RIOBAMBA,1068,RIOBAMBA 1068,Recoleta,2
-58.441734135859,-34.5802901888733,213,HOLLYWOOD ALMACEN,RESTAURANTE,INTERNACIONAL,ITALIANA,4777 4281,,DORREGO,1879,DORREGO 1879,Palermo,14
-58.3646986186005,-34.6006159567999,1606,HONDO,RESTAURANTE,DE AUTOR,RUSTICA,4312 7762,domingo a miercoles de 12 a 1 - jueves a sabado de 12 a 2,"COSSETTINI, OLGA",240,"COSSETTINI, OLGA 240",Puerto Madero,1
-58.3936249720034,-34.5889216086894,1762,HOOTERS,RESTAURANTE,AMERICANA,AMERICANO,4805 2220,,LOPEZ VICENTE,2050,"LOPEZ, VICENTE 2050",Recoleta,2
-58.436793693487,-34.5838389855003,214,HOT BAR,RESTAURANTE,MINUTAS,MODERNO,4772 5014,,HONDURAS,5640,HONDURAS 5640,Palermo,14
-58.3749314963157,-34.597439292669,2000,HOTEL ASPEN TOWERS,RESTAURANTE,INTERNACIONAL,MODERNO,4312 9172,lunes a sabado de 7 a 23.30,PARAGUAY,557,PARAGUAY 557,Retiro,1
-58.3852176323934,-34.5871087618368,2001,HOTEL DAZZLER,RESTAURANTE,INTERNACIONAL,MODERNO,4816 5005,lunes a domingo de 19 a 00,DEL LIBERTADOR,902,DEL LIBERTADOR AV. 902,Recoleta,2
-58.3826291242966,-34.5984756612032,2002,HOTEL PRESIDENTE,RESTAURANTE,INTERNACIONAL,MODERNO,4816 2222,,CERRITO,850,CERRITO 850,Retiro,1
-58.39199671923229,-34.6070231797271,2306,HOTEL SAVOY,RESTAURANTE,MEDITERRANEA,CLASICO PORTENO,4370 8000,,CALLAO,181,CALLAO AV. 181,San Nicolas,1
-58.38629425716211,-34.60051137788039,2307,HOTEL VIAMONTE SUITES,RESTAURANTE,TRADICIONAL,MODERNO,4371 9993,lunes a viernes de 7 a 23,VIAMONTE,1373,VIAMONTE 1373,San Nicolas,1
-58.3734947399771,-34.6055638986138,2309,HOYD'S,RESTAURANTE,MINUTAS,MODERNO,4394 1305,,PERON JUAN DOMINGO TTE.,489,"PERON, JUAN DOMINGO, TTE. GENERAL 489",San Nicolas,1
-58.3760585844989,-34.65203924974561,911,HUGO CAFE,BAR,INTERNACIONAL,MODERNO,4302 0651,,VIEYTES,1603,VIEYTES 1603,Barracas,4
-58.3832977993808,-34.6092602019216,1412,IBERIA BAR,CAFE,MINUTAS,MODERNO,4381 6300,,DE MAYO,1196,DE MAYO AV. 1196,Monserrat,1
-58.3866982270297,-34.599202770476,2003,IBERICO,RESTAURANTE,INTERNACIONAL,MODERNO,4812 2189,,CORDOBA,1399,CORDOBA AV. 1399,Retiro,1
-58.3572066330359,-34.63835023689411,1240,IDEALE,RESTAURANTE,PARRILLA,CLASICO PORTENO,,,DON PEDRO DE MENDOZA,1605,DON PEDRO DE MENDOZA AV. 1605,Boca,4
-58.39824447161529,-34.5893752547512,1769,I'  KATENACIO,RESTAURANTE,INTERNACIONAL,MODERNO,4807 1955,,LARREA,1541,LARREA 1541,Recoleta,2
-58.4019676283036,-34.5865737931687,215,IL BACO,RESTAURANTE,PIZZERIA,,4806 9992,lunes a domingo mediodia y noche,AUSTRIA,2295,AUSTRIA 2295,Recoleta,2
-58.4125869140549,-34.5921092959948,1765,IL CAMMINETTO,RESTAURANTE,INTERNACIONAL,MODERNO,4822 2480,lunes a viernes de 11.30 a 16 y de 19.30 a 2,DIAZ CNEL.,1651,"DIAZ, CNEL. AV. 1651",Recoleta,2
-58.3764377652554,-34.601141270652,2308,IL FRATELLO,RESTAURANTE,MINUTAS,MODERNO,4322 1030,,TUCUMAN,688,TUCUMAN 688,San Nicolas,1
-58.38700209462829,-34.59564098993039,2005,IL FUME,RESTAURANTE,MINUTAS,MODERNO,4812 1943,lunes a domingo de 9 a 22.30,SANTA FE,1399,SANTA FE AV. 1399,Retiro,1
-58.38026633715049,-34.6035449253265,2311,IL GATO TRATTORIAS,RESTAURANTE,ITALIANA,ITALIANA,4393 5034,,CORRIENTES,959,CORRIENTES AV. 959,San Nicolas,1
-58.3846775625565,-34.6038018917067,2310,IL GATO TRATTORIAS,RESTAURANTE,ITALIANA,ITALIANA,4382 6323,lunes a domingo de 7 a 00,CORRIENTES,1269,CORRIENTES AV. 1269,San Nicolas,1
-58.3819820243482,-34.5901938698016,2852,Il Gatto La Recova,RESTAURANTE,ITALIANA,CLASICO PORTENO,4322-0826,lunes a lunes de 20 a 1,Posadas,1052,POSADAS 1052,Retiro,1
-58.4102676475348,-34.5866848025085,216,IL GATTO TRATTORIAS,RESTAURANTE,ITALIANA,ITALIANA,4828 0202,,BERUTI,3391,BERUTI 3391,Palermo,14
-58.366223447276,-34.612030234888,1607,IL GATTO TRATTORIAS,RESTAURANTE,ITALIANA,ITALIANA,4345 6565,,MOREAU DE JUSTO ALICIA,1190,"MOREAU DE JUSTO, ALICIA AV. 1190",Puerto Madero,1
-58.37555861058189,-34.5988032925985,2312,IL GRAN CAFE,RESTAURANTE,MINUTAS,MODERNO,4326 5008,lunes a domingo de 10 a 18,CORDOBA,602,CORDOBA AV. 602,San Nicolas,1
-58.4371955008835,-34.5663276577464,217,IL GRAN CARUSO,RESTAURANTE,ITALIANA,ITALIANA,4777 6633,,GOROSTIAGA,1720,GOROSTIAGA 1720,Palermo,14
-58.363963085134,-34.6065717833672,1609,IL GRAN CARUSSO,RESTAURANTE,ITALIANA,RUSTICA,4515 0707,,"COSSETTINI, OLGA",799,"COSSETTINI, OLGA 799",Puerto Madero,1
-58.381614102991,-34.5941818617567,2004,IL GUFO CAFFE,RESTAURANTE,,,,,ARENALES,1002,ARENALES 1002,Retiro,1
-58.39136285378571,-34.5889224839746,1766,IL MAGO,RESTAURANTE,PIZZERIA,JUEGOS DE AZAR,4801 1844,,GUIDO,1936,GUIDO 1936,Recoleta,2
-58.4033671322021,-34.5940757333729,1768,ILUMINATI,RESTAURANTE,INTERNACIONAL,MODERNO,4827 4471,,SANTA FE,2587,SANTA FE AV. 2587,Recoleta,2
-58.377339945846,-34.6170482319354,2584,INDEPENDENCIA,BAR,MINUTAS,MODERNO,4300 7978,lunes a sabado de 8 a 21,PIEDRAS,764,PIEDRAS 764,San Telmo,1
-58.3742899038004,-34.6091169661856,1414,INDIGO,CAFE,MINUTAS,MODERNO,4335 8907,lunes a viernes de 11 a 20,YRIGOYEN HIPOLITO,561,"YRIGOYEN, HIPOLITO 561",Monserrat,1
-58.3794052712322,-34.6024937523192,2313,IN - OUT,RESTAURANTE,FAST FOOD,CLASICO PORTENO,,lunes a domingo de 9 a 12,LAVALLE,894,LAVALLE 894,San Nicolas,1
-58.4244463331358,-34.5891180879907,218,IO TE AMASSO,RESTAURANTE,PIZZERIA,RUSTICA,4832 3111,,MALABIA,1885,MALABIA 1885,Palermo,14
-58.376573256481,-34.6081645096773,1157,IPANEMA,RESTAURANTE,,,,,RIVADAVIA,706,RIVADAVIA AV. 706,Monserrat,1
-58.3730787564738,-34.5973776919197,2006,IRIFUNE,RESTAURANTE,JAPONESA,MODERNO,4312 8787,,PARAGUAY,412,PARAGUAY 412,Retiro,1
-58.41326423427301,-34.5804025679073,219,ITAMAE,RESTAURANTE,JAPONESA,MODERNO,4807 5300,,REPUBLICA ARABE-SIRIA,3045,REPUBLICA ARABE SIRIA 3045,Palermo,14
-58.4299129506657,-34.5724918887061,220,ITAMAE- SUSHI,RESTAURANTE,JAPONESA,MODERNO,4775 1800,,ARGUIBEL ANDRES,2813,"ARGUIBEL, ANDRES 2813",Palermo,14
-58.4377043992143,-34.583734050059,221,JA!,RESTAURANTE,,,,,BONPLAND,1657,BONPLAND 1657,Palermo,14
-58.4120840873682,-34.5809137235467,222,JADE,RESTAURANTE,CHINA,,,lunes a lunes de 12 a 15 y de 20 a 00.,UGARTECHE,3033,UGARTECHE 3033,Palermo,14
-58.4248934653659,-34.5894144149125,223,JANIO,RESTAURANTE,PORTENA,MODERNO,4833 6540,,MALABIA,1805,MALABIA 1805,Palermo,14
-58.4076063652079,-34.5745052286927,225,JARDIN JAPONES RESTAURANTE,RESTAURANTE,JAPONESA,ORIENTAL,4804 4922,,CASARES,0,"CASARES AV. y FIGUEROA ALCORTA, PRES. AV.",Palermo,14
-58.38045223272671,-34.6126840233393,1417,JARP'S,CAFE,INTERNACIONAL,MODERNO,4811 0040,,IRIGOYEN BERNARDO de,378,"IRIGOYEN, BERNARDO de 378",Monserrat,1
-58.38612226111321,-34.6121213732401,1415,J.D,CAFE,MINUTAS,CLASICO PORTENO,4381 5118,,SAN JOSE,300,SAN JOSE 300,Monserrat,1
-58.3851532876108,-34.6041316179754,2314,JEREMIAS,RESTAURANTE,INTERNACIONAL,,4371 5380,lunes a viernes de 8 a 19,TALCAHUANO,394,TALCAHUANO 394,San Nicolas,1
-58.3717192014511,-34.6207137206816,2586,JOAN BAR,BAR,INTERNACIONAL,,4361 2666,,HUMBERTO 1o,420,HUMBERTO 1o 420,San Telmo,1
-58.3858812376912,-34.5881909590497,1770,JOAN COLL POSADAS,RESTAURANTE,,,4811 7900,lunes a sabado de 12 a 15 y de 20 a 00,POSADAS,1387,POSADAS 1387,Recoleta,2
-58.3894736925383,-34.6035216797408,2315,JOSE ANTONIO,BAR,MINUTAS,,4374 4840,lunes a domingo de 7.30 a 20,MONTEVIDEO,462,MONTEVIDEO 462,San Nicolas,1
-58.3811222823307,-34.5902648046665,2007,JUANA M,RESTAURANTE,TRADICIONAL,MODERNO,4326 0462,lunes a domingo de 20 a 1,PELLEGRINI CARLOS,1535,"PELLEGRINI, CARLOS 1535",Retiro,1
-58.3730181732851,-34.6020455111619,2317,JUAN Y JUAN,BAR,INTERNACIONAL,,4394 4111,,LAVALLE,441,LAVALLE 441,San Nicolas,1
-58.3654438534725,-34.6203184232234,1608,JUMP BACK,RESTAURANTE,AMERICANA,AMERICANO,4312 8553,,MOREAU DE JUSTO ALICIA,1808,"MOREAU DE JUSTO, ALICIA AV. 1808",Puerto Madero,1
-58.4231817500369,-34.6439746506838,1485,KANTUKA,RESTAURANTE,BOLIVIANA,,,,FOURNIER,2445,FOURNIER 2445,Nueva Pompeya,4
-58.4166332811458,-34.5977536417331,1772,"KATMANDU, INDIA",RESTAURANTE,TAPAS,INDIA,4963 1122,lunes a viernes de 19.30 a 00 - sabado de 19.30 a 1,CORDOBA,3547,CORDOBA AV. 3547,Palermo,14
-58.3674710536534,-34.6000060330588,1610,KATRINE,RESTAURANTE,MEDITERRANEA,CLASICO PORTENO,4315 6222,,MOREAU DE JUSTO ALICIA,138,"MOREAU DE JUSTO, ALICIA AV. 138",Puerto Madero,1
-58.38111920432529,-34.6003285720599,2316,KEFREN,RESTAURANTE,INTERNACIONAL,CLASICO PORTENO,4328 8878,lunes a sabado de 7 a 00,PELLEGRINI CARLOS,699,"PELLEGRINI, CARLOS 699",San Nicolas,1
-58.4027149933611,-34.58887340260389,1774,KELLER'S,RESTAURANTE,SANDWICHERIA,MODERNO,4821 4192,lunes a sabado de 7 a 00,FRENCH,2762,FRENCH 2762,Recoleta,2
-58.425431805857,-34.5786618692854,226,KENTOCKY,RESTAURANTE,PIZZERIA,CLASICO PORTENO,4773 7869,,SANTA FE,4602,SANTA FE AV. 4602,Palermo,14
-58.37294219836971,-34.5961289704816,2008,KILKENNY,RESTAURANTE,MINUTAS,CLASICO PORTENO,4312 7291,lunes a viernes de 17.30 a 00.30 - sabado y domingo de 20 a 6,ALVEAR MARCELO T. De,399,"ALVEAR, MARCELO T. De 399",Retiro,1
-58.3954619869428,-34.5912994116784,1775,KOSOKA CLUB LIBANES,RESTAURANTE,INTERNACIONAL,,,,JUNIN,1462,JUNIN 1462,Recoleta,2
-58.42466342329411,-34.5892619601295,227,KRISHNA,RESTAURANTE,VEGETARIANA,INDIA,4833 4618,,MALABIA,1833,MALABIA 1833,Palermo,14
-58.4128527244114,-34.5801231256298,228,KUNST,RESTAURANTE,PIZZERIA,MODERNO,4806 3117,,CABELLO,3772,CABELLO 3772,Palermo,14
-58.4231453829385,-34.5836069554811,232,LA ALHAMBRA,RESTAURANTE,,,,,CHARCAS,4301,CHARCAS 4301,Palermo,14
-58.4231901078537,-34.5835735195387,229,LA ALHAMBRA,RESTAURANTE,,,,,CHARCAS,4309,CHARCAS 4309,Palermo,14
-58.391918370565,-34.60824757569,2318,LA AMERICANA,RESTAURANTE,INTERNACIONAL,,4371 0202,,CALLAO,83,CALLAO AV. 83,San Nicolas,1
-58.3830203360728,-34.6159382222479,1416,LA AMISTAD,RESTAURANTE,MINUTAS,CLASICO PORTENO,4382 9546,,SALTA,654,SALTA 654,Monserrat,1
-58.38554920350779,-34.6284453343299,1110,LA AMISTAD,RESTAURANTE,MINUTAS,CLASICO PORTENO,4306 4717,,BRASIL,1400,BRASIL 1400,Constitucion,1
-58.3785688500761,-34.6089343918359,1418,LA ARGENTINA,RESTAURANTE,INTERNACIONAL,ANTIGUO,4342 0078,,DE MAYO,860,DE MAYO AV. 860,Monserrat,1
-58.3767276299049,-34.602561486933,2319,LA BAGUETTE,BAR,SANDWICHERIA,MODERNO,4326 9300,,MAIPU,484,MAIPU 484,San Nicolas,1
-58.4309562084368,-34.5880082751686,230,LA BAITA,RESTAURANTE,ITALIANA,ITALIANA,4832 7234,martes a domingo de 12.30 al cierre,THAMES,1603,THAMES 1603,Palermo,14
-58.3723793028328,-34.603890667772,2320,LA BANCA,BAR,,,4326 6646,,RECONQUISTA,335,RECONQUISTA 335,San Nicolas,1
-58.37111493921739,-34.6033586235139,2321,LA BARCA,CAFE,FAST FOOD,MODERNO,4328 3486,,25 DE MAYO,376,25 DE MAYO 376,San Nicolas,1
-58.400734183216,-34.5916444180724,1777,LA BARRA,RESTAURANTE,PIZZERIA,MODERNO,4515 0742,,JUNCAL,2383,JUNCAL 2383,Recoleta,2
-58.4231184887113,-34.5820213994681,233,LA BARRA,RESTAURANTE,MINUTAS,MODERNO,4777 7300,,GUEMES,4502,GUEMES 4502,Palermo,14
-58.3737868009027,-34.5986765534897,2322,LA BARRA,CAFE,MINUTAS,CLASICO PORTENO,4313 2460,lunes a domingo de 8 a 00,CORDOBA,484,CORDOBA AV. 484,San Nicolas,1
-58.36253382702751,-34.6396226165955,1243,LA BARRICA,RESTAURANTE,TRADICIONAL,TANGO,4301 4147,lunes a domingo de 9 a 14,MAGALLANES,847,MAGALLANES 847,Boca,4
-58.3835589007485,-34.59681659576719,2009,LA BIBLIOTECA CAE,RESTAURANTE,INTERNACIONAL,BOHEMIO,4811 0673,,ALVEAR MARCELO T. De,1155,"ALVEAR, MARCELO T. De 1155",Retiro,1
-58.3907543869549,-34.5878350575308,1780,LA BIELA,RESTAURANTE,MINUTAS,CLASICO PORTENO,4804 0449,,QUINTANA,600,"QUINTANA, MANUEL, PRES. AV. 600",Recoleta,2
-58.3654438534725,-34.6203184232234,1613,LA BISTECCA,RESTAURANTE,MEDITERRANEA,,4514 4997,,MOREAU DE JUSTO ALICIA,1890,"MOREAU DE JUSTO, ALICIA AV. 1890",Puerto Madero,1
-58.4165945875587,-34.6549548259322,1486,LA BLANQUEADA,RESTAURANTE,PIZZERIA,MODERNO,4919 0896,,SAENZ AV,1201,SAENZ AV. 1201,Nueva Pompeya,4
-58.429563339262,-34.5869618020515,231,LA BLU BLONA,RESTAURANTE,PIZZERIA,MODERNO,4833 2160,,THAMES,1776,THAMES 1776,Palermo,14
-58.4024028272209,-34.5948914673768,1778,LA BOLSA DE CAFE,CAFE,SANDWICHERIA,MODERNO,4822 5922,,PUEYRREDON AV,1375,PUEYRREDON AV. 1375,Recoleta,2
-58.3620231851468,-34.6391349878183,1244,LA BOMBONERA,RESTAURANTE,TRADICIONAL,CLASICO PORTENO,,lunes a domingo de 16 a 20,VALLE IBERLUCEA del Dr.,1257,"VALLE IBERLUCEA del, Dr. 1257",Boca,4
-58.4270653674728,-34.592202347386,234,LA BOQUERIA,RESTAURANTE,TRADICIONAL,RUSTICA,4831 9301,lunes a sabado de 8 a 1,SCALABRINI ORTIZ RAUL,1398,"SCALABRINI ORTIZ, RAUL AV. 1398",Palermo,14
-58.3725976859003,-34.61846854237501,2589,LA BRIGADA,RESTAURANTE,PARRILLA,TANGO,4361 5557,lunes a domingo de 12 a 15 y de 20 a 00,ESTADOS UNIDOS,465,ESTADOS UNIDOS 465,San Telmo,1
-58.3739305530247,-34.602309835887,2325,LA BRIOCHE DOREE,RESTAURANTE,SANDWICHERIA,MODERNO,4326 7228,,SAN MARTIN,490,SAN MARTIN 490,San Nicolas,1
-58.3550546695477,-34.6337503705786,1246,LA BUENA MEDIDA,RESTAURANTE,MINUTAS,CLASICO PORTENO,4302 8038,lunes a sabado de 8 a 20,SUAREZ,101,SUAREZ 101,Boca,4
-58.3936249720034,-34.5889216086894,1779,LA CABALLERIZA,RESTAURANTE,PARRILLA,RUSTICA,4806 3262,,LOPEZ VICENTE,2024,"LOPEZ, VICENTE 2024",Recoleta,2
-58.36699687519361,-34.6041047001602,1611,LA CABALLERIZA,RESTAURANTE,INTERNACIONAL,CLASICO PORTENO,4315 6200,,MOREAU DE JUSTO ALICIA,580,"MOREAU DE JUSTO, ALICIA AV. 580",Puerto Madero,1
-58.3863952302575,-34.5884932813305,1781,LA CABAAA,RESTAURANTE,TRADICIONAL,FOLKLORICO,4814 0001,lunes a lunes de 9 a 1,RODRIGUEZ PEAA,1967,RODRIGUEZ PEAA 1967,Recoleta,2
-58.43286535958551,-34.58945113118389,235,LA CABRERA,RESTAURANTE,PARRILLA,RUSTICA,4831 7002,,CABRERA JOSE A.,5099,"CABRERA, JOSE A. 5099",Palermo,14
-58.4013977314376,-34.5913653306712,1782,LA CALDA,RESTAURANTE,MINUTAS,MODERNO,4826 5168,lunes a domingo de 11 a 16 y de 19 a 1,JUNCAL,2421,JUNCAL 2421,Recoleta,2
-58.4357287008669,-34.5850943203405,236,LA CAMILA,RESTAURANTE,,,,,HUMBOLDT,1668,HUMBOLDT 1668,Palermo,14
-58.3635713227677,-34.6361661230777,1245,LA CANCHA,RESTAURANTE,ESPANOLA,CLASICO PORTENO,4362 2475,,BRANDSEN,697,BRANDSEN 697,Boca,4
-58.3903449558555,-34.6079189791384,2327,LA CANDELA,RESTAURANTE,MEDITERRANEA,MODERNO,4383 3225,lunes a viernes de 9.30 a 19.30,MITRE BARTOLOME,1682,"MITRE, BARTOLOME 1682",San Nicolas,1
-58.4172471957604,-34.596684258169,237,LA CANTINA DE ARNOLDO,RESTAURANTE,ITALIANA,ITALIANA,4862 8342,lunes a viernes de 12 a 15 - sabado y domingo de 8 a 00,CABRERA JOSE A.,3602,"CABRERA, JOSE A. 3602",Palermo,14
-58.3897089111015,-34.6029785382112,2326,LA CARRA,RESTAURANTE,,,4373 0113,,LAVALLE,1609,LAVALLE 1609,San Nicolas,1
-58.3746721229595,-34.6256533067053,2587,LA CARRETERIA,RESTAURANTE,REGIONAL,ANTIGUO,4300 5564,lunes a domingo de 12.30 a 15 y de 19.30 a 00,BRASIL,656,BRASIL 656,San Telmo,1
-58.3714837669633,-34.619413067288,2590,LA CASA DE ESTEBAN DE LUCA,RESTAURANTE,TRADICIONAL,ANTIGUO,4361 4338,lunes a domingo de 9 a 2,DEFENSA,1000,DEFENSA 1000,San Telmo,1
-58.40369134868,-34.5926417547002,1783,LA CASA DE JOSE,RESTAURANTE,REGIONAL,MODERNO,4823 8476,,ARENALES,2659,ARENALES 2659,Recoleta,2
-58.4430854774549,-34.5815511227481,238,LA CASONA,RESTAURANTE,,,4772 9643,,DORREGO,1717,DORREGO 1717,Palermo,14
-58.3764406084143,-34.6034734939905,2328,LA CASONA,RESTAURANTE,TRADICIONAL,CLASICO PORTENO,4325 8558,lunes a domingo de 7 a 2,CORRIENTES,690,CORRIENTES AV. 690,San Nicolas,1
-58.4430854774549,-34.5815511227481,240,LA CASONA DE CA NDIDO,RESTAURANTE,INTERNACIONAL,CLASICO PORTENO,4772 9643,,DORREGO,1717,DORREGO 1717,Palermo,14
-58.378475705783,-34.6023521260614,2329,LA CASONA DEL NONO,RESTAURANTE,INTERNACIONAL,CLASICO PORTENO,4322 9352,lunes a domingo de 11 a 2,LAVALLE,827,LAVALLE 827,San Nicolas,1
-58.3793621061135,-34.6013010435482,2330,LA CASONA DEL PROGRESO,RESTAURANTE,PARRILLA,CLASICO PORTENO,154 094 6275,,TUCUMAN,874,TUCUMAN 874,San Nicolas,1
-58.361874018248,-34.6375881943001,1247,LA CASONA DE RAQUEL,RESTAURANTE,TRADICIONAL,CLASICO PORTENO,4301 8550,,OLAVARRIA,644,OLAVARRIA 644,Boca,4
-58.36730435590979,-34.6014529607976,1614,LA CASONA DE ROQUE,RESTAURANTE,ITALIANA,,4315 6343,lunes a domingo mediodia y noche,MOREAU DE JUSTO ALICIA,256,"MOREAU DE JUSTO, ALICIA AV. 256",Puerto Madero,1
-58.3694238388218,-34.6193105328266,2588,LA CASONA DE SAN TELMO,RESTAURANTE,INTERNACIONAL,CLASICO PORTENO,4300 3883,lunes a domingo de 12 a 15 y de 16 a 00,CALVO CARLOS,240,"CALVO, CARLOS 240",San Telmo,1
-58.397301794131,-34.598422025601,1785,LA CATEDRA,BAR,,,4961 5785,,JUNIN,901,JUNIN 901,Recoleta,2
-58.3726283661026,-34.6101560705412,1420,LA CAUTIVA,RESTAURANTE,PARRILLA,CLASICO PORTENO,4331 4000,lunes a viernes de 9 a 18,ALSINA ADOLFO,431,"ALSINA, ADOLFO 431",Monserrat,1
-58.38249699547979,-34.6270335991421,1108,LA CENTRAL,RESTAURANTE,MINUTAS,MODERNO,4304 5577,,GARAY JUAN DE,1182,"GARAY, JUAN DE AV. 1182",Constitucion,1
-58.3803950606892,-34.5989146078165,2011,LA CHACRA,RESTAURANTE,PARRILLA,CLASICO PORTENO,4322 1409,lunes a domingo de 11 a 2,CORDOBA,941,CORDOBA AV. 941,Retiro,1
-58.3625479333345,-34.6377752991667,1248,LA CHIRILISIMA,BAR,MINUTAS,CLASICO PORTENO,4302 7843,lunes a domingo de 6.30 a 22.30,OLAVARRIA,695,OLAVARRIA 695,Boca,4
-58.3919595862184,-34.5953683242688,1784,LA CHOLITA,BAR,TRADICIONAL,CLASICO PORTENO,4815 5579,lunes a domingo de 12 a 1,RODRIGUEZ PEAA,1165,RODRIGUEZ PEAA 1165,Recoleta,2
-58.3840165359418,-34.6039290929719,2331,LA CHURRASQUITA,RESTAURANTE,INTERNACIONAL,MODERNO,4382 1354,lunes a domingo de 12 a 3,CORRIENTES,1220,CORRIENTES AV. 1220,San Nicolas,1
-58.37144732449799,-34.5993159739617,2333,LA CIGALE,RESTAURANTE,,,4312 8275,,25 DE MAYO,722,25 DE MAYO 722,San Nicolas,1
-58.40010759676579,-34.5967477585495,1786,LA CIGAEAA,RESTAURANTE,,,4822 0241,,ALVEAR MARCELO T. De,2299,"ALVEAR, MARCELO T. De 2299",Recoleta,2
-58.3911755576387,-34.5881300282113,1789,LA CIRILLA,RESTAURANTE,,,4807 9321,,ORTIZ ROBERTO M. Pres.,1863,"ORTIZ, ROBERTO M., Pres. 1863",Recoleta,2
-58.3775516767044,-34.61633000108,2591,LA CLAC,RESTAURANTE,TRADICIONAL,TEATRAL,4343 0310,lunes a sabado de 8 a 1,CHILE,802,CHILE 802,Monserrat,1
-58.4017025819531,-34.5932490943454,1787,LA COLONIA,RESTAURANTE,MINUTAS,MODERNO,,lunes a domingo de 11 a 15 y de 18 a 00,PUEYRREDON AV,1501,PUEYRREDON AV. 1501,Recoleta,2
-58.4035373125255,-34.5938195469902,1790,LA COMPARSA,RESTAURANTE,MINUTAS,MODERNO,4829 1100,lunes a viernes de 8 a 20,ECUADOR,1418,ECUADOR 1418,Recoleta,2
-58.4125088213617,-34.595494814953,1788,LA CONTINENTAL,RESTAURANTE,MINUTAS,MODERNO,4963 2522,,SOLER,3391,SOLER 3391,Recoleta,2
-58.3921481039965,-34.604937451872,2332,LA CONTINENTAL,RESTAURANTE,INTERNACIONAL,,4371 0548,,CALLAO,361,CALLAO AV. 361,San Nicolas,1
-58.4161878762032,-34.6524264533882,1489,LA CONTINENTAL,RESTAURANTE,PIZZERIA,MODERNO,4374 1444,,SAENZ AV,1014,SAENZ AV. 1014,Nueva Pompeya,4
-58.4362420671961,-34.5842766881052,241,LA CONZUELO,RESTAURANTE,,,,,HONDURAS,5600,HONDURAS 5600,Palermo,14
-58.430575966537,-34.5714520831996,242,LA CORTE,RESTAURANTE,TRADICIONAL,MODERNO,4775 0999,,AREVALO,2977,AREVALO 2977,Palermo,14
-58.37291610615971,-34.61929401378239,2592,LA CORUAA,RESTAURANTE,TRADICIONAL,CLASICO PORTENO,4362 7637,lunes a sabado de 7 a 00,BOLIVAR,986,BOLIVAR 986,San Telmo,1
-58.4116162570571,-34.5968393569517,1791,LA CROIX,RESTAURANTE,MINUTAS,MODERNO,,,CABRERA JOSE A.,3199,"CABRERA, JOSE A. 3199",Recoleta,2
-58.3821561052715,-34.6290718735202,1111,LA CUBANA,RESTAURANTE,MINUTAS,,,,O'BRIEN,1170,O'BRIEN 1170,Constitucion,1
-58.40956296739179,-34.6460158737116,1564,LA CUEVA DEL CAMIONERO,RESTAURANTE,MINUTAS,CLASICO PORTENO,,,PEPIRI,695,PEPIRI 695,Parque Patricios,4
-58.43482313901421,-34.5881720355156,243,LA CUPERTINA,RESTAURANTE,,,4777 3711,lunes a sabado 12 a 16 y de 20 al cierre - domingo de 20 al cierre,CABRERA JOSE A.,5300,"CABRERA, JOSE A. 5300",Palermo,14
-58.3987916869596,-34.6309063509305,1567,LA CUSPIDE,RESTAURANTE,PARRILLA,CLASICO PORTENO,4308 1707,,BRASIL,2471,BRASIL 2471,Parque Patricios,4
-58.4233319697146,-34.5750703439051,239,LA CA TEDRA,RESTAURANTE,INTERNACIONAL,CLASICO PORTENO,4777 4601,,CERVIAO AV,4699,CERVIAO AV. 4699,Palermo,14
-58.4029725066599,-34.5861992948338,1792,LA DAMA BOLLINI,RESTAURANTE,INTERNACIONAL,MODERNO,4805 6399,lunes a sabado de 20 a 00,BOLLINI,2281,BOLLINI 2281,Recoleta,2
-58.3768129698312,-34.6006225148284,2334,LA DORADO,RESTAURANTE,,,4390 4724,,MAIPU,646,MAIPU 646,San Nicolas,1
-58.4335761210736,-34.5833680238079,244,LA DORITA,RESTAURANTE,PARRILLA,,4776 5653,,HUMBOLDT,1905,HUMBOLDT 1905,Palermo,14
-58.4036658628397,-34.5853687186171,1793,LA DULCE ESQUINA,RESTAURANTE,SANDWICHERIA,MODERNO,4805 2252,lunes a sabado de 8.30 a 00,PACHECO DE MELO JOSE ANDRES,2909,"PACHECO DE MELO, JOSE ANDRES 2909",Recoleta,2
-58.3711210573357,-34.6007512609284,2335,LA ESCALERITA,RESTAURANTE,INTERNACIONAL,CLASICO PORTENO,4311 5693,,TUCUMAN,300,TUCUMAN 300,San Nicolas,1
-58.4130047535218,-34.5978705981919,1794,LA ESMERALDA,RESTAURANTE,PARRILLA,MODERNO,4964 4025,lunes a domingo de 7 a 1,CORDOBA,3289,CORDOBA AV. 3289,Recoleta,2
-58.3715387369809,-34.5996172341857,2337,LA ESQUINA DE 25,RESTAURANTE,MINUTAS,CLASICO PORTENO,4313 5636,lunes a viernes de 6 a 19,VIAMONTE,302,VIAMONTE 302,San Nicolas,1
-58.38808631430039,-34.5983995999247,1796,LA ESQUINA DE ANIBAL TROILO,RESTAURANTE,TRADICIONAL,TANGO,4811 6352,,PARAGUAY,1500,PARAGUAY 1500,Recoleta,2
-58.4355116980583,-34.5775835356377,245,LA ESQUINA DE AREVALO,RESTAURANTE,PARRILLA,BODEGA,4772 1809,,GUATEMALA,5944,GUATEMALA 5944,Palermo,14
-58.4269258845973,-34.58076920639949,246,LA ESQUINA DE CHARCAS,RESTAURANTE,TRADICIONAL,MODERNO,4778 4799,,CHARCAS,4799,CHARCAS 4799,Palermo,14
-58.3801653409671,-34.6024341017792,2336,LA ESTANCIA,RESTAURANTE,PORTENA,CLASICO PORTENO,4326 0330,lunes a domingo de 7 a 2,LAVALLE,941,LAVALLE 941,San Nicolas,1
-58.3727761711009,-34.623030642247,2595,LA ESTRELLA,RESTAURANTE,INTERNACIONAL,CLASICO PORTENO,4300 8530,lunes a domingo de 7 a 00.30,BOLIVAR,1299,BOLIVAR 1299,San Telmo,1
-58.3765193069702,-34.6023392524835,2338,LA ESTRELLA,RESTAURANTE,INTERNACIONAL,,4393 4734,,LAVALLE,690,LAVALLE 690,San Nicolas,1
-58.3618987734019,-34.6391576192609,1250,LA ESTUFA,BAR,ITALIANA,CLASICO PORTENO,,lunes a domingo de 9 a 21,VALLE IBERLUCEA del Dr.,1250,"VALLE IBERLUCEA del, Dr. 1250",Boca,4
-58.40224328658461,-34.6366052242548,1565,LA FAMILIA,RESTAURANTE,MINUTAS,MODERNO,4911 9224,,CASEROS,2802,CASEROS AV. 2802,Parque Patricios,4
-58.3729954054481,-34.6184151790172,2593,LA FARMACIA,RESTAURANTE,INTERNACIONAL,CLASICO PORTENO,4300 6151,martes a domingo de 20.30 al cierre,BOLIVAR,898,BOLIVAR 898,San Telmo,1
-58.41727842894301,-34.5872295879627,248,LA FAROLA,RESTAURANTE,TRADICIONAL,MODERNO,4833 4060,,ARAOZ,2341,ARAOZ 2341,Palermo,14
-58.3609644532341,-34.6318557518497,1249,LA FAROLA DE LA BOCA,RESTAURANTE,INTERNACIONAL,,,lunes a domingo de 6 a 2,BROWN ALTE.,800,"BROWN, ALTE. AV. 800",Boca,4
-58.3939806098666,-34.5957595751812,1795,LA FAROLA DE STA FE,RESTAURANTE,TRADICIONAL,MODERNO,4813 4067,,SANTA FE,1857,SANTA FE AV. 1857,Recoleta,2
-58.4040996587192,-34.6366855007711,1566,LA FAROLA EXPRESS DE PATRICIOS,RESTAURANTE,PIZZERIA,CLASICO PORTENO,4943-1625 / 4941-5837,,CASEROS,2909,CASEROS AV. 2909,Parque Patricios,4
-58.41942521526529,-34.5915187265023,251,LA FINCA,RESTAURANTE,,,4832 3004,,COSTA RICA,4015,COSTA RICA 4015,Palermo,14
-58.3704962530528,-34.602590411588,2339,LA FIOTA,RESTAURANTE,INTERNACIONAL,CLASICO PORTENO,4311 4411,lunes a viernes de 7 a 21 - sabado de 7 a 1,ALEM LEANDRO N.,432,"ALEM, LEANDRO N. AV. 432",San Nicolas,1
-58.37949000108979,-34.6418255758977,913,LA FLOR DE BARRACAS,RESTAURANTE,MINUTAS,,,,SUAREZ AV,2095,SUAREZ AV. 2095,Barracas,4
-58.4312640532651,-34.57192806693681,249,LA FONDA DE POLO,RESTAURANTE,PARRILLA,CLASICO PORTENO,4772 8946,,BAEZ,301,BAEZ 301,Palermo,14
-58.4221539439077,-34.5732870854312,253,LA FONDUE,RESTAURANTE,ITALIANA,ITALIANA,4778 0110,,SEGUI,4674,"SEGUI, JUAN FRANCISCO 4674",Palermo,14
-58.4007055997744,-34.5965829198748,1797,LA FORCHETTA,RESTAURANTE,PORTENA,CLASICO PORTENO,4822 5125,,ALVEAR MARCELO T. De,2335,"ALVEAR, MARCELO T. De 2335",Recoleta,2
-58.3792740461151,-34.6079281763539,2341,LA FUENTE,RESTAURANTE,INTERNACIONAL,CLASICO PORTENO,4345 0118,lunes a domingo de 6 a 00,SUIPACHA,30,SUIPACHA 30,San Nicolas,1
-58.386871134832,-34.5986906805324,2010,LA FUNDACION,RESTAURANTE,TRADICIONAL,MODERNO,4812 2013,lunes a viernes de 7 a 21,URUGUAY,861,URUGUAY 861,Retiro,1
-58.429821695893,-34.5887172802298,252,LA GALERA,RESTAURANTE,REGIONAL,CLASICO PORTENO,4833 3311,,BORGES JORGE LUIS,1627,"BORGES, JORGE LUIS 1627",Palermo,14
-58.3620076026813,-34.6389710403158,1251,LA GITANA,RESTAURANTE,TRADICIONAL,TANGO,,lunes a domingo de 16 a 21,VALLE IBERLUCEA del Dr.,1234,"VALLE IBERLUCEA del, Dr. 1234",Boca,4
-58.4328168127763,-34.579474924912,254,LA GRAN LULI,RESTAURANTE,PARRILLA,CLASICO PORTENO,4776 6687,,BONPLAND,2205,BONPLAND 2205,Palermo,14
-58.39803581545879,-34.5943908125722,1798,LA GRUTA,CAFE,MINUTAS,CLASICO PORTENO,4824 9033,,ARENALES,2198,ARENALES 2198,Recoleta,2
-58.41366608984239,-34.5907208224062,255,LA HOGUERA,RESTAURANTE,,,,,CHARCAS,3390,CHARCAS 3390,Palermo,14
-58.3793735502996,-34.6023992330941,2343,LA HUERTA,RESTAURANTE,INTERNACIONAL,,4322 5638,,LAVALLE,895,LAVALLE 895,San Nicolas,1
-58.3903048882674,-34.6240324981523,1112,LA IBERICA,RESTAURANTE,MINUTAS,CLASICO PORTENO,4305 5336,,COCHABAMBA,1744,COCHABAMBA 1744,Constitucion,1
-58.43479271782621,-34.5660956449149,256,LA IMPRENTA,RESTAURANTE,TRADICIONAL,,4776 2836,lunes a domingo mediodia y noche,MIGUELETES,868,MIGUELETES 868,Palermo,14
-58.377162354804,-34.6011883168797,2344,LA ISLA,RESTAURANTE,FAST FOOD,MODERNO,4322 3057,lunes a domingo de 8 a 20,TUCUMAN,732,TUCUMAN 732,San Nicolas,1
-58.3800054762284,-34.598899686013,2012,LA LEYENDA,RESTAURANTE,MEDITERRANEA,CLASICO PORTENO,4322 5161,lunes a sabado de 7 a 2,CORDOBA,901,CORDOBA AV. 901,Retiro,1
-58.4036033540692,-34.5856052078707,1800,LA LOCANDA DEI TEMPLARI,CAFE,ITALIANA,MODERNO,4801 1255,lunes a domingo de 11 a 01,SANCHEZ DE BUSTAMANTE,2391,SANCHEZ DE BUSTAMANTE 2391,Recoleta,2
-58.3728667123736,-34.6136608132493,1423,LA LOGIA,RESTAURANTE,TRADICIONAL,COLONIAL,4342 3916,lunes a sabado de 9 a 20,VENEZUELA,471,REPUBLICA BOLIVARIANA DE VENEZUELA 471,Monserrat,1
-58.3674710536534,-34.6000060330588,1612,LA MADELEINE,RESTAURANTE,INTERNACIONAL,CLASICO PORTENO,4315 6200,,MOREAU DE JUSTO ALICIA,102,"MOREAU DE JUSTO, ALICIA AV. 102",Puerto Madero,1
-58.4007470581779,-34.5841660544367,257,LA MARISQUERIA,RESTAURANTE,MARISCOS,CLASICO PORTENO,4804 6400,,LAS HERAS GRAL.,2743,LAS HERAS GENERAL AV. 2743,Palermo,14
-58.3919006845633,-34.60073763068601,2345,LA MARQUISE,RESTAURANTE,MINUTAS,MODERNO,4811 1725,lunes a viernes de 8 a 18,VIAMONTE,1725,VIAMONTE 1725,San Nicolas,1
-58.432129633415,-34.5715399456194,259,LA MENSULA,RESTAURANTE,INTERNACIONAL,,4771 0130,lunes a domingo mediodia y noche,BAEZ,400,BAEZ 400,Palermo,14
-58.39645153645311,-34.5957715477838,1799,LA MISION,RESTAURANTE,INTERNACIONAL,MODERNO,4823 3092,,SANTA FE,2020,SANTA FE AV. 2020,Recoleta,2
-58.3755898411137,-34.6207868733346,2596,LA MODERMA,RESTAURANTE,PIZZERIA,CLASICO PORTENO,4362 1281,lunes a domingo de 8 a 00,HUMBERTO 1o,699,HUMBERTO 1o 699,San Telmo,1
-58.3869646361256,-34.6094920131468,1425,LA MONCLOA,RESTAURANTE,,,,,"SAENZ PEAA, LUIS, PRES",80,"SAENZ PEAA, LUIS, PRES. 80",Monserrat,1
-58.378867859974,-34.5941402955304,2013,LA MONTANA,RESTAURANTE,TRADICIONAL,CLASICO PORTENO,4326 4449,lunes a sabado de 7 a 20,ARENALES,820,ARENALES 820,Retiro,1
-58.356903075559,-34.63253224659911,1252,LA MONTURA,RESTAURANTE,PARRILLA,CLASICO PORTENO,4300 4330,lunes a domingo de 7 a 1,PINZON,200,PINZON 200,Boca,4
-58.38373289675901,-34.6062805809822,2346,LA MORA,RESTAURANTE,TRADICIONAL,MODERNO,4382 2211,,PERON JUAN DOMINGO TTE.,1202,"PERON, JUAN DOMINGO, TTE. GENERAL 1202",San Nicolas,1
-58.3997001839217,-34.5915935132876,1801,LA MORADA,RESTAURANTE,PORTENA,CLASICO PORTENO,4821 6349,,LARREA,1336,LARREA 1336,Recoleta,2
-58.3781895311024,-34.6409737383233,918,LANIN,RESTAURANTE,PARRILLA,CLASICO PORTENO,4302 2811,,SUAREZ AV,1999,SUAREZ AV. 1999,Barracas,4
-58.4243227379968,-34.5794144917171,258,LA NIAA DE ORO,RESTAURANTE,,,4772 4989,,SANTA FE,4500,SANTA FE AV. 4500,Palermo,14
-58.3712297846068,-34.6381726552529,915,LA NUEVA ARGENTINA,RESTAURANTE,PORTENA,CLASICO PORTENO,4303 7376,,SUAREZ,1399,SUAREZ 1399,Barracas,4
-58.39615575682139,-34.5971226084505,1802,LA NUEVA GATA,RESTAURANTE,PIZZERIA,MODERNO,4829 0222,,AYACUCHO,1016,AYACUCHO 1016,Recoleta,2
-58.4079916266582,-34.5877826290323,1803,LA NUEVA GATA ALEGRIA,RESTAURANTE,MINUTAS,MODERNO,4826 0261,,BILLINGHURST,2046,BILLINGHURST 2046,Recoleta,2
-58.3736869055811,-34.60208995752649,2348,LA NUEVA MONEDA,RESTAURANTE,MINUTAS,CLASICO PORTENO,4393 0506,lunes a sabado de 7 a 21,LAVALLE,489,LAVALLE 489,San Nicolas,1
-58.4004564181533,-34.5966634494434,1804,LA NUEVA OLA,BAR,TRADICIONAL,CLASICO PORTENO,4961 4366,,ALVEAR MARCELO T. De,2303,"ALVEAR, MARCELO T. De 2303",Recoleta,2
-58.3884448705776,-34.6030047236056,2347,LA NUEVA REAL,BAR,MINUTAS,CLASICO PORTENO,4374 6601,lunes a jueves de 7 a 21 - viernes de 7 a 1,LAVALLE,1530,LAVALLE 1530,San Nicolas,1
-58.4021926186357,-34.5833089078483,260,LA NUEVA SAN AGUSTIN,RESTAURANTE,SANDWICHERIA,MODERNO,4801 4005,,LAS HERAS GRAL.,2915,LAS HERAS GENERAL AV. 2915,Palermo,14
-58.4323965149774,-34.5712777280969,261,LA OCHAVA,RESTAURANTE,PARRILLA,,4776 3122,lunes a domingo mediodia y noche,BAEZ,401,BAEZ 401,Palermo,14
-58.3920432065014,-34.6043365302074,2349,LA OPERA,BAR,PIZZERIA,CLASICO PORTENO,4371 3648,lunes a domingo de 7 a 23.30,CORRIENTES,1791,CORRIENTES AV. 1791,San Nicolas,1
-58.4287451937355,-34.5870744827171,262,LA PAILA,RESTAURANTE,TRADICIONAL,RUSTICA,4833 3599,,COSTA RICA,4848,COSTA RICA 4848,Palermo,14
-58.4254491649241,-34.6448085871262,1490,LA PALMAS,RESTAURANTE,ESPANOLA,ESPANOL,4921 8815,,FERNANDEZ DE LA CRUZ F. GRAL.,1100,"FERNANDEZ DE LA CRUZ, F., GRAL. AV. 1100",Nueva Pompeya,4
-58.4310976439601,-34.5777660504272,263,LA PALOMA DE PALERMO,RESTAURANTE,,,,,CHARCAS,5300,CHARCAS 5300,Palermo,14
-58.3595628964585,-34.6282380465574,1254,LA PAMPA,RESTAURANTE,PARRILLA,CLASICO PORTENO,4300 4672,lunes a sabado de 8 a 00 - domingo de 12 a 17,BLANES,80,"BLANES, JUAN MANUEL 80",Boca,4
-58.39479591781321,-34.5966855176969,1806,LA PAROLACCIA,BAR,INTERNACIONAL,MODERNO,4812 1053,,RIOBAMBA,1046,RIOBAMBA 1046,Recoleta,2
-58.3661580367515,-34.611191446383,1615,LA PAROLACCIA DEL MARE,RESTAURANTE,MARISCOS,MARINA,4343 0038,,MOREAU DE JUSTO ALICIA,1160,"MOREAU DE JUSTO, ALICIA AV. 1160",Puerto Madero,1
-58.366341435978,-34.6098341225159,1616,LA PAROLACCIA TRATTORIAS,RESTAURANTE,ITALIANA,ITALIANA,4343 1679,,MOREAU DE JUSTO ALICIA,1052,"MOREAU DE JUSTO, ALICIA AV. 1052",Puerto Madero,1
-58.429966475784,-34.5802790485632,264,LA PASCANA,RESTAURANTE,ITALIANA,RUSTICA,4777 2276,,PARAGUAY,5100,PARAGUAY 5100,Palermo,14
-58.43398240656529,-34.5770647971673,265,LA PASCANO,RESTAURANTE,,,,,PARAGUAY,5498,PARAGUAY 5498,Palermo,14
-58.4140179997561,-34.5884349232193,267,LA PEAA DEL COLORADO,RESTAURANTE,REGIONAL,FOLKLORICO,4822 1038,,GUEMES,3653,GUEMES 3653,Palermo,14
-58.42207672697661,-34.58140676392431,266,LA PEPONA,CAFE,MINUTAS,MODERNO,4772 2486,,THAMES,2482,THAMES 2482,Palermo,14
-58.44262398839329,-34.5843332624512,268,LA PERGOLA,CAFE,PIZZERIA,CLASICO PORTENO,4771 5188,,VEGA NICETO Cnel.,5909,"VEGA, NICETO, Cnel. AV. 5909",Palermo,14
-58.3721267644479,-34.6203567198379,2594,LA PERGOLA DE SAN TELMO,RESTAURANTE,TRADICIONAL,CLASICO PORTENO,4362 5364,lunes a domingo de 10 a 2,DON ANSELMO AIETA,1075,DON ANSELMO AIETA 1075,San Telmo,1
-58.4057043880637,-34.6347372758571,1572,LA PERLA,RESTAURANTE,PIZZERIA,MODERNO,,,CASTILLO CATULO,2998,"CASTILLO, CATULO 2998",Parque Patricios,4
-58.36166292947829,-34.63934802118089,1253,LA PERLA,RESTAURANTE,TRADICIONAL,CLASICO PORTENO,4301 2985,lunes a domingo de 7 a 20,DON PEDRO DE MENDOZA,1891,DON PEDRO DE MENDOZA AV. 1891,Boca,4
-58.414770736701,-34.5901990714408,269,LA PHARMACIE,RESTAURANTE,,,,,REPUBLICA DOMINICANA,3494,REPUBLICA DOMINICANA 3494,Palermo,14
-58.4095959593832,-34.582295139417,271,LA PIARA,RESTAURANTE,PARRILLA,,4807 6342,,LAS HERAS GRAL.,3541,LAS HERAS GENERAL AV. 3541,Palermo,14
-58.3904494845648,-34.6006980350125,2351,LA PICOAA,RESTAURANTE,INTERNACIONAL,,4812 4043,,VIAMONTE,1645,VIAMONTE 1645,San Nicolas,1
-58.3870903853764,-34.6262191169881,1114,LA PIPA,RESTAURANTE,MINUTAS,,4305 0374,,PAVON,1500,PAVON 1500,Constitucion,1
-58.3889367175247,-34.6167686469733,1424,LA PIPA DE MI PAPA,RESTAURANTE,MINUTAS,CLASICO PORTENO,4384 9999,,CHILE,1600,CHILE 1600,Monserrat,1
-58.3739331536793,-34.6022669161901,2352,LA PIPETA,RESTAURANTE,INTERNACIONAL,CLASICO PORTENO,4322 5564,,SAN MARTIN,498,SAN MARTIN 498,San Nicolas,1
-58.4304357446208,-34.5886832954342,270,LA PLACITA,RESTAURANTE,INTERNACIONAL,BODEGA,4832 6444,,SERRANO,1600,SERRANO 1600,Palermo,14
-58.3775134460166,-34.6081661334618,2353,LA PLANCHITA,RESTAURANTE,TRADICIONAL,CLASICO PORTENO,4345 6226,lunes a viernes de 8 a 16 - sabado de 10 a 15,RIVADAVIA,785,RIVADAVIA AV. 785,San Nicolas,1
-58.4223047800909,-34.583048293854,272,LA PLAZA,RESTAURANTE,TENEDOR LIBRE,,,,BORGES JORGE LUIS,2380,"BORGES, JORGE LUIS 2380",Palermo,14
-58.3778591712599,-34.6116367983544,1426,LA PLAZA DEL VIRREY/ INTERCONTINENT,RESTAURANTE,INTERNACIONAL,MODERNO,4340 7100,lunes a viernes de 6.30 a 1,MORENO,809,MORENO 809,Monserrat,1
-58.3861192249253,-34.5981830003218,2014,LA POLCHERIA,RESTAURANTE,MINUTAS,,4811 4218,lunes a domingo de 9 a 22 - sabado y domingo de 11 a 20,PARAGUAY,1337,PARAGUAY 1337,Retiro,1
-58.3741153867688,-34.6009406848645,2354,LA POSADA DE 1820,RESTAURANTE,PARRILLA,ANTIGUO,4314 4557,lunes a domingo de 12 a 00,TUCUMAN,501,TUCUMAN 501,San Nicolas,1
-58.37203743082029,-34.64055807196451,916,LA POSTA DE ANTONIO,RESTAURANTE,INTERNACIONAL,RUSTICA,4302 8062,,JOVELLANOS GASPAR M. de,919,"JOVELLANOS, GASPAR M. de 919",Barracas,4
-58.40456240186789,-34.6315676657287,1569,LA PRADERA,RESTAURANTE,MINUTAS,CLASICO PORTENO,,,SALCEDO,2899,SALCEDO 2899,Parque Patricios,4
-58.43637472532539,-34.5854647691832,273,LA PRIMA,RESTAURANTE,,,,,GORRITI,5505,GORRITI 5505,Palermo,14
-58.3826200267127,-34.5986166121315,2016,LAPSUS,RESTAURANTE,INTERNACIONAL,MODERNO,4813 3491,lunes a viernes de 8 a 20,CERRITO,842,CERRITO 842,Retiro,1
-58.3723771994465,-34.610198649611,1427,LA PUERTA RICO,CAFE,MINUTAS,CLASICO PORTENO,4331 4178,lunes a viernes de 8 a 20,ALSINA ADOLFO,416,"ALSINA, ADOLFO 416",Monserrat,1
-58.424225539307,-34.5776269203118,274,LA PULPERIA,RESTAURANTE,TRADICIONAL,MODERNO,4774 5445,,GODOY CRUZ,2803,GODOY CRUZ 2803,Palermo,14
-58.3885342607017,-34.5867529778812,1805,LA RAMBLA,RESTAURANTE,MINUTAS,CLASICO PORTENO,4804 6958,,POSADAS,1602,POSADAS 1602,Recoleta,2
-58.4050395116434,-34.5829543919821,276,LA RAYA,RESTAURANTE,TRADICIONAL,MODERNO,4802 5763,lunes a domingo mediodia y noche,ORTIZ DE OCAMPO,2566,ORTIZ DE OCAMPO 2566,Palermo,14
-58.3706282783595,-34.6159676415515,2597,LA RAYA DE SAN TELMO,RESTAURANTE,TRADICIONAL,TEATRAL,4300 7998,lunes a domingo mediodia y noche,CHILE,318,CHILE AV. 318,San Telmo,1
-58.37775809161679,-34.6023604759426,2355,LA REAL PAPA SOUFLE,RESTAURANTE,INTERNACIONAL,,4394 7554,,LAVALLE,775,LAVALLE 775,San Nicolas,1
-58.3794625426256,-34.6000996445159,2356,LA RENTO,BAR,MINUTAS,CLASICO PORTENO,4322 6805,lunes a viernes de 7 a 20,VIAMONTE,891,VIAMONTE 891,San Nicolas,1
-58.3614707552245,-34.6393096188555,1255,LA RIBERA,RESTAURANTE,MARISCOS,MODERNO,4301 5160,martes a domingo de 8.30 a 20,DON PEDRO DE MENDOZA,1875,DON PEDRO DE MENDOZA AV. 1875,Boca,4
-58.4373913174908,-34.5851693057189,275,LA ROMUALDA,RESTAURANTE,PARRILLA,MODERNO,4771 3285,,FITZ ROY,1579,FITZ ROY 1579,Palermo,14
-58.41648562139461,-34.6513375528341,1487,LA RUMBA,RESTAURANTE,PIZZERIA,MODERNO,4919 5664,,SAENZ AV,963,SAENZ AV. 963,Nueva Pompeya,4
-58.4107978476966,-34.58065644054589,283,LASAGNERIA CUSINA GOURMET,RESTAURANTE,ITALIANA,MODERNO,4805 0050,,CABELLO,3631,CABELLO 3631,Palermo,14
-58.3740663800929,-34.5986977331176,2361,LAS BRASITAS,RESTAURANTE,INTERNACIONAL,,,,CORDOBA,500,CORDOBA AV. 500,San Nicolas,1
-58.4163693904616,-34.588638410619,281,LAS CORTADERAS,RESTAURANTE,INTERNACIONAL,CLASICO PORTENO,4827 2487,,CHARCAS,3647,CHARCAS 3647,Palermo,14
-58.3785962386083,-34.6036085090053,2363,LAS CUARTETAS,RESTAURANTE,PIZZERIA,CLASICO PORTENO,4326 0171,,CORRIENTES,838,CORRIENTES AV. 838,San Nicolas,1
-58.4064857179515,-34.5974142003269,1809,LAS FAMILIAS,RESTAURANTE,INTERNACIONAL,MODERNO,4962 5503,lunes a domingo de 12 a 16 y de 20 a 00,JAURES JEAN,1077,"JAURES, JEAN 1077",Recoleta,2
-58.3845618662689,-34.5969590831245,2018,LAS LENGAS,RESTAURANTE,TRADICIONAL,MODERNO,4812 3738,,ALVEAR MARCELO T. De,1234,"ALVEAR, MARCELO T. De 1234",Retiro,1
-58.3670505148971,-34.6036313802358,1598,LAS LILAS,RESTAURANTE,,,4313 1336,,MOREAU DE JUSTO ALICIA,516,"MOREAU DE JUSTO, ALICIA AV. 516",Puerto Madero,1
-58.3860398146116,-34.6122982582345,1432,LAS MALVINAS,RESTAURANTE,MINUTAS,CLASICO PORTENO,4481 0164,,MORENO,1400,MORENO 1400,Monserrat,1
-58.37302333095899,-34.6190302026434,2598,LAS MARIAS,RESTAURANTE,TRADICIONAL,CLASICO PORTENO,4362 7563,lunes a domingo de 12 a 16 y de 20 a 1,BOLIVAR,949,BOLIVAR 949,San Telmo,1
-58.3756014037771,-34.6010351196416,2364,LAS MEDIALUNAS DEL ABUELO,CAFE,SANDWICHERIA,CLASICO PORTENO,6775 0211,lunes a sabado de 7.30 a 21,TUCUMAN,607,TUCUMAN 607,San Nicolas,1
-58.3733653828966,-34.5947726575528,2017,LAS NAZARENAS,RESTAURANTE,PARRILLA,CLASICO PORTENO,4312 5559,lunes a sabado de 11.30 a 1,RECONQUISTA,1132,RECONQUISTA 1132,Retiro,1
-58.3736996100543,-34.6009090474387,2358,LA SOPERIA DE BABUM,BAR,CENTROEUROPEA,ANTIGUO,4313 1589,lunes a domingo de 8 a 1,TUCUMAN,481,TUCUMAN 481,San Nicolas,1
-58.3942641164027,-34.5995894242997,1810,LAS ORQUIDEAS,RESTAURANTE,MINUTAS,MODERNO,4812 7109,,CORDOBA,1893,CORDOBA AV. 1893,Recoleta,2
-58.37619550237739,-34.6022286863989,2357,LA SORTIJA,RESTAURANTE,PARRILLA,CLASICO PORTENO,4328 0824,lunes a domingo de 8 a 1,LAVALLE,667,LAVALLE 667,San Nicolas,1
-58.3906479762951,-34.6342589271962,1570,LAS PALMAS,RESTAURANTE,PIZZERIA,MODERNO,4306 4391,,CASEROS,2002,CASEROS AV. 2002,Parque Patricios,4
-58.3815671756246,-34.5900399504116,2851,La Stampa Ristorante,RESTAURANTE,ITALIANA,CLASICO PORTENO,4326-4499,,Posadas,1011,POSADAS 1011,Retiro,1
-58.3936249720034,-34.5889216086894,1807,LA STRADA,RESTAURANTE,ITALIANA,MODERNO,4801 1771,,LOPEZ VICENTE,2028,"LOPEZ, VICENTE 2028",Recoleta,2
-58.4017304145334,-34.6388514558179,1573,LAS VIOLETAS,RESTAURANTE,MINUTAS,CLASICO PORTENO,,,USPALLATA,2801,USPALLATA 2801,Parque Patricios,4
-58.41031769691399,-34.6351718932481,1571,LA TABERNA DE ROBERTO,RESTAURANTE,MINUTAS,CLASICO PORTENO,4911 8896,,BRASIL,3292,BRASIL 3292,Parque Patricios,4
-58.3854833415834,-34.5983124431453,2015,LA TELDA,RESTAURANTE,,,,,TALCAHUANO,897,TALCAHUANO 897,Retiro,1
-58.3785726261571,-34.6001256798746,2362,LA TIERCA,RESTAURANTE,MINUTAS,CLASICO PORTENO,4322 5509,lunes a viernes de 7.30 a 22.30,VIAMONTE,816,VIAMONTE 816,San Nicolas,1
-58.380035101237,-34.6025217882781,2359,LA TRANQUEIRA,RESTAURANTE,SANDWICHERIA,CLASICO PORTENO,4322 8479,lunes a domingo de 6 a 23.30,LAVALLE,934,LAVALLE 934,San Nicolas,1
-58.3797623791313,-34.6060642533112,2360,LA TROPILLA,RESTAURANTE,PORTENA,CLASICO PORTENO,4393 2710,lunes a viernes de 7 a 19,PERON JUAN DOMINGO TTE.,928,"PERON, JUAN DOMINGO, TTE. GENERAL 928",San Nicolas,1
-58.3818747356596,-34.6130562864811,1430,LA UNION,CAFE,INTERNACIONAL,MODERNO,4383 2987,,BELGRANO AV,1101,BELGRANO AV. 1101,Monserrat,1
-58.38943529228721,-34.5984967905176,1811,LAURA J,RESTAURANTE,TRADICIONAL,CLASICO PORTENO,5811 0444,,PARAGUAY,1586,PARAGUAY 1586,Recoleta,2
-58.39099902509279,-34.6030421207712,2366,LAVALLE CAFE,CAFE,,,4371 5782,,LAVALLE,1693,LAVALLE 1693,San Nicolas,1
-58.39158466421929,-34.6147052507659,1428,LA VENTANA SALAD BAR,RESTAURANTE,MINUTAS,MODERNO,4382 9464,,ENTRE RIOS,484,ENTRE RIOS AV. 484,Monserrat,1
-58.4371159988387,-34.5659537016162,277,LA VERBENA,RESTAURANTE,INTERNACIONAL,CLASICO PORTENO,4777 9324,,SOLDADO DE LA INDEPENDENCIA,1003,SOLDADO DE LA INDEPENDENCIA 1003,Palermo,14
-58.4384277765245,-34.5843724314401,278,LA VIEJA BODEGA,RESTAURANTE,MEDITERRANEA,MODERNO,4899 2444,,BONPLAND,1577,BONPLAND 1577,Palermo,14
-58.36273761539721,-34.6397888544017,1256,LA VIEJA ROTISERIA,RESTAURANTE,TRADICIONAL,CLASICO PORTENO,4301 7770,lunes a domingo de 9.30 a 17,MAGALLANES,864,MAGALLANES 864,Boca,4
-58.3873439775162,-34.6155665774093,1431,LA VIENESA,RESTAURANTE,MODERNO,,,,MEXICO,1500,MEXICO 1500,Monserrat,1
-58.38309179737701,-34.6142611992772,1429,LA VINERIA,RESTAURANTE,PARRILLA,MODERNO,4381 2920,,SALTA,490,SALTA 490,Monserrat,1
-58.4401838731468,-34.5809483127944,2832,Le BlA,RESTAURANTE,TRADICIONAL,RUSTICA,Ver Web / www.leble.com.ar,,Honduras,5999,HONDURAS 5999,Palermo,14
-58.40527930864121,-34.5871891396125,2836,Le BlA,RESTAURANTE,TRADICIONAL,RUSTICA,Ver Web / www.leble.com.ar,,French,2999,FRENCH 2999,Recoleta,2
-58.3889778194008,-34.5876855450304,1813,LE CLUB,RESTAURANTE,ORIENTAL,MODERNO,4815 0669,,ALVEAR AV,1889,ALVEAR AV. 1889,Recoleta,2
-58.3936693334138,-34.591919328002,1776,L'ECOLE,RESTAURANTE,,,,,PACHECO DE MELO JOSE ANDRES,1887,"PACHECO DE MELO, JOSE ANDRES 1887",Recoleta,2
-58.3876617378197,-34.5896456503051,1812,LE COQ BLEU,RESTAURANTE,FRANCESA,FRANCES,4815 7220,,RODRIGUEZ PEAA,1832,RODRIGUEZ PEAA 1832,Recoleta,2
-58.37247230029161,-34.6023067504843,2373,LE D' EUGENIA,RESTAURANTE,TRADICIONAL,MODERNO,4312 0109,,RECONQUISTA,479,RECONQUISTA 479,San Nicolas,1
-58.38314984506061,-34.6136085828181,1433,LE FAMIGLIE,RESTAURANTE,INTERNACIONAL,MODERNO,,,SALTA,440,SALTA 440,Monserrat,1
-58.4292715375983,-34.58659796735481,282,LELE DE TROYA,RESTAURANTE,MEDITERRANEA,MODERNO,4832 2726,lunes a domingo de 9 al cierre,COSTA RICA,4901,COSTA RICA 4901,Palermo,14
-58.4460877964643,-34.5692349510697,1814,LE PARADISE,RESTAURANTE,MINUTAS,CLASICO PORTENO,4785 3845,,CABILDO,961,CABILDO AV. 961,Palermo,14
-58.4312706550775,-34.6415860818209,1488,LE PAYSAGE,CAFE,SANDWICHERIA,BRITANICA,4926 0277,,COBO,1102,COBO AV. 1102,Nueva Pompeya,4
-58.3895760431726,-34.6263303438692,1115,LE PERICO,BAR,REGIONAL,,,,SOLIS,1505,SOLIS 1505,Constitucion,1
-58.389835092149,-34.5984479316155,1818,LE PONT,CAFE,TRADICIONAL,CLASICO PORTENO,4813 0650,lunes a domingo de 7 a 00,PARAGUAY,1601,PARAGUAY 1601,Recoleta,2
-58.3708348413262,-34.6253089258728,2600,LEZAMA,RESTAURANTE,INTERNACIONAL,ANTIGUO,4361 0114,lunes a sabado de 12 a 16.20 y de 20 a 2 - domingo de 12 a 17,BRASIL,359,BRASIL AV. 359,San Telmo,1
-58.3841532404342,-34.5956642911093,2019,LIBERTAD PLAZA CAFE,RESTAURANTE,,,,,SANTA FE,1200,SANTA FE AV. 1200,Retiro,1
-58.39028476701421,-34.6178500731255,1434,LIBERTY,RESTAURANTE,MINUTAS,CLASICO PORTENO,4383 0038,,SOLIS,800,SOLIS 800,Monserrat,1
-58.3861889332444,-34.6040553431992,2368,LICORCAFE,CAFE,MINUTAS,MODERNO,4372 4213,,CORRIENTES,1382,CORRIENTES AV. 1382,San Nicolas,1
-58.3794314483408,-34.5928284619788,2020,LIGURE,RESTAURANTE,INTERNACIONAL,CLASICO PORTENO,4394 8226,lunes a domingo de 12 a 15 y de 20 a 22.30,JUNCAL,855,JUNCAL 855,Retiro,1
-58.3707128532714,-34.6148441310389,1436,LIMONCELLO,CAFE,MINUTAS,MODERNO,4342 4549,,BALCARCE,601,BALCARCE 601,Monserrat,1
-58.3796012604102,-34.6018943085085,2369,LIMON TREE,CAFE,TENEDOR LIBRE,CLASICO PORTENO,4326 1847,,SUIPACHA,544,SUIPACHA 544,San Nicolas,1
-58.4089606514095,-34.5812268778185,284,LINA,RESTAURANTE,CHINA,,4803 0914,lunes a lunes de 12 a 15 y de 20 a 00.,CABELLO,3419,CABELLO 3419,Palermo,14
-58.3805949081292,-34.602543647641,2370,LITO'S,RESTAURANTE,FAST FOOD,CLASICO PORTENO,4325 4117,lunes a domingo de 7 a 2,LAVALLE,966,LAVALLE 966,San Nicolas,1
-58.41711996921389,-34.5739338435201,285,LIZZIES,RESTAURANTE,INTERNACIONAL,MODERNO,4711 3597,,DEL LIBERTADOR,3457,DEL LIBERTADOR AV. 3457,Palermo,14
-58.39362627023439,-34.588911653908,1817,LOCOS X EL FUTBOL,RESTAURANTE,MINUTAS,FUTBOL,4807 3777,,LOPEZ VICENTE,2098,"LOPEZ, VICENTE 2098",Recoleta,2
-58.36881120912721,-34.6112064027671,1435,LO DE AGUSTINA,CAFE,INTERNACIONAL,MODERNO,4382 3213,,MORENO,112,MORENO 112,Monserrat,1
-58.37802007770679,-34.6051701373195,2372,LO DE ANTONIO,RESTAURANTE,TRADICIONAL,CLASICO PORTENO,4326 9762,lunes a viernes de 7 a 19,ESMERALDA,270,ESMERALDA 270,San Nicolas,1
-58.4311897222413,-34.5905430559854,287,LO DE JESUS,RESTAURANTE,TRADICIONAL,BODEGA,4831 1961,lunes a lunes de 10 al cierre,GURRUCHAGA,1406,GURRUCHAGA 1406,Palermo,14
-58.36823914864839,-34.6111058128283,1437,LO DE JULIAN,RESTAURANTE,PARRILLA,CLASICO PORTENO,4383 2943,,MORENO,105,MORENO 105,Monserrat,1
-58.4311191304401,-34.5868509339515,286,LO DE LOLA,RESTAURANTE,MEDITERRANEA,ANTIGUO,4832 7179,,URIARTE,1697,URIARTE 1697,Palermo,14
-58.3756516201731,-34.6034251265108,2371,LO DE LOPEZ,RESTAURANTE,ESPANOLA,MODERNO,4325 4090,lunes a domingo de 7 a 23,CORRIENTES,626,CORRIENTES AV. 626,San Nicolas,1
-58.3998095394046,-34.6338047251429,1576,LO DEL TANO,RESTAURANTE,PARRILLA,CLASICO PORTENO,4942 6646,,15 DE NOVIEMBRE DE 1889,2602,15 DE NOVIEMBRE DE 1889 2602,Parque Patricios,4
-58.40119371315699,-34.5859466006632,1815,LO DE MATEO,CAFE,INTERNACIONAL,MODERNO,4801 3572,lunes a domingo de 11.30 a 15.30 y de 20 a 00,AUSTRIA,2400,AUSTRIA 2400,Recoleta,2
-58.43063752313289,-34.5915890006011,288,LO DE PUEYRREDON,RESTAURANTE,REGIONAL,COLONIAL,4773 7790,,ARMENIA,1378,ARMENIA 1378,Palermo,14
-58.3714153089414,-34.6158971430245,1440,LO DE RAUL,RESTAURANTE,,,,,CHILE,369,CHILE AV. 369,Monserrat,1
-58.391612387453,-34.5885029021684,1816,LOLA,RESTAURANTE,GOURMET,ELEGANTE,4804 5959,lunes a domingo de 12 a 16 y de 19 al cierre,ORTIZ ROBERTO M. Pres.,1805,"ORTIZ, ROBERTO M., Pres. 1805",Recoleta,2
-58.3635934261411,-34.6027082206001,1619,LOLA MORA,RESTAURANTE,INTERNACIONAL,MODERNO,5787 0887,,MANSO JUANA,460,MANSO JUANA 460,Puerto Madero,1
-58.4266947952186,-34.588320702038,290,LOMO,RESTAURANTE,TRADICIONAL,MINIMALISTA,4833 3200,lunes de 20.30 al cierre - martes a domingo de 13 al cierre,COSTA RICA,4661,COSTA RICA 4661,Palermo,14
-58.3759084897365,-34.6011117162613,2374,LO NUESTRO,RESTAURANTE,MINUTAS,CLASICO PORTENO,4328 0869,lunes a viernes de 8.30 a 18.30,TUCUMAN,646,TUCUMAN 646,San Nicolas,1
-58.38761594334071,-34.6154955911115,1438,LO RAFAEL,RESTAURANTE,INTERNACIONAL,MODERNO,4383 7943,,MEXICO,1501,MEXICO 1501,Monserrat,1
-58.37402878984101,-34.6000138306597,2375,LORENA BAR,RESTAURANTE,INTERNACIONAL,CLASICO PORTENO,4311 9578,,SAN MARTIN,679,SAN MARTIN 679,San Nicolas,1
-58.4375034458164,-34.5851278722127,289,LO ROMUALDO,RESTAURANTE,,,,,FITZ ROY,1574,FITZ ROY 1574,Palermo,14
-58.37400013877561,-34.6076121183996,2376,LOS AMIGOS DE CARLITOS,RESTAURANTE,PARRILLA,CLASICO PORTENO,4371 7707,lunes a viernes de 11 a 17 y de 19 a 00,SAENZ PEAA ROQUE PRES.,519,"SAENZ PEAA, ROQUE, PRES. AV. 519",San Nicolas,1
-58.4000970968083,-34.6374625750465,1574,LOS CAMIONEROS,RESTAURANTE,MINUTAS,CLASICO PORTENO,,,LUNA,105,LUNA 105,Parque Patricios,4
-58.391758571004,-34.6105745030766,1441,LOS CHICOS,RESTAURANTE,PIZZERIA,MODERNO,4372 6949,,ENTRE RIOS,118,ENTRE RIOS AV. 118,Monserrat,1
-58.4424480120175,-34.5673477479991,224,Los Chinos,RESTAURANTE,CHINA,,4777 6789,lunes a lunes de 12 a 15 y de 20 a 00.,LACROZE FEDERICO,2121,"LACROZE, FEDERICO AV. 2121",Palermo,14
-58.3759253321083,-34.6261650054601,2599,LOS DOS CHINOS,RESTAURANTE,ITALIANA,MODERNO,4300 2290,,BRASIL,780,BRASIL 780,San Telmo,1
-58.391345415938,-34.6010478521396,2377,LOS ESTUDIANTES,RESTAURANTE,MINUTAS,CLASICO PORTENO,4375 3236,lunes a viernes de 7 a 20,RODRIGUEZ PEAA,683,RODRIGUEZ PEAA 683,San Nicolas,1
-58.3850562138591,-34.6075082448013,2378,LOS FAROLITOS,RESTAURANTE,INTERNACIONAL,,4371 1855,,MITRE BARTOLOME,1301,"MITRE, BARTOLOME 1301",San Nicolas,1
-58.39221246580379,-34.6031019976276,2379,LOS GALGOS,RESTAURANTE,MINUTAS,ANTIGUO,4371 3561,,LAVALLE,1791,LAVALLE 1791,San Nicolas,1
-58.3884611168392,-34.6342855086407,920,LOS GURISES,RESTAURANTE,MINUTAS,CLASICO PORTENO,4306 1909,,PERDRIEL,35,PERDRIEL 35,Barracas,4
-58.3860320926732,-34.6038824699409,2380,LOS INMORTALES,RESTAURANTE,PIZZERIA,MODERNO,4373 5303,lunes a domingo de 12 a 3,CORRIENTES,1369,CORRIENTES AV. 1369,San Nicolas,1
-58.3703656512037,-34.6067877875313,2381,LOS LEONCITOS,RESTAURANTE,MINUTAS,CLASICO PORTENO,4342 6703,lunes a viernes de 6 a 20,ALEM LEANDRO N.,92,"ALEM, LEANDRO N. AV. 92",San Nicolas,1
-58.398711816328,-34.595433182997,1819,LOS MOLINOS,CAFE,,,4822 0846,,SANTA FE,2202,SANTA FE AV. 2202,Recoleta,2
-58.4062003978364,-34.6325277677657,1577,LOS PATRICIOS,RESTAURANTE,PIZZERIA,MODERNO,4308 0701,,LA RIOJA,1849,LA RIOJA 1849,Parque Patricios,4
-58.398232041203,-34.5916227732809,1821,LOS PINOS,CAFE,PARRILLA,CLASICO PORTENO,4822 8704,,AZCUENAGA,1500,AZCUENAGA 1500,Recoleta,2
-58.3913213338062,-34.6030591631635,2382,LOS PIRINEOS,CAFE,SANDWICHERIA,MODERNO,4371 6742,lunes a domingo de 7.30 a 19.30,LAVALLE,1701,LAVALLE 1701,San Nicolas,1
-58.394960888109,-34.589161738365,1820,LOS PORTEAOS,CAFE,,CLASICO PORTENO,,,LAS HERAS GRAL.,2101,LAS HERAS GENERAL AV. 2101,Recoleta,2
-58.396427719604,-34.6304903409273,1575,LOS TINTIN,RESTAURANTE,MINUTAS,CLASICO PORTENO,4308 3204,,BRASIL,2302,BRASIL 2302,Parque Patricios,4
-58.3881109329165,-34.6012855580091,2384,LOS UNICOS,CAFE,MINUTAS,CLASICO PORTENO,,,PARANA,634,PARANA 634,San Nicolas,1
-58.3893170012074,-34.5993369563061,1822,LOTOS,CAFE,NATURISTA,CLASICO PORTENO,4814 4572,,CORDOBA,1577,CORDOBA AV. 1577,Recoleta,2
-58.4322103362459,-34.5698742534018,293,LOTUS NEO THAI,RESTAURANTE,TAILANDESA,TAILANDESA,4771 4449,,ORTEGA Y GASSET,1782,ORTEGA Y GASSET 1782,Palermo,14
-58.381010002079,-34.602040783244,2383,LUCIERNAGA,RESTAURANTE,INTERNACIONAL,ANTIGUO,4348 5000,,PELLEGRINI CARLOS,551,"PELLEGRINI, CARLOS 551",San Nicolas,1
-58.41766541809629,-34.5858570981511,294,LUCIO,RESTAURANTE,PIZZERIA,MODERNO,4831 5513,,GUEMES,4019,GUEMES 4019,Palermo,14
-58.4141828357502,-34.58419613175001,296,LULY CAFE,RESTAURANTE,MINUTAS,MODERNO,4831 1947,,BERUTI,3796,BERUTI 3796,Palermo,14
-58.4065327277214,-34.5861526554082,1823,LUNA CAFE,CAFE,MINUTAS,MODERNO,4807 0037,lunes a domingo de 16 a 23,BILLINGHURST,2202,BILLINGHURST 2202,Recoleta,2
-58.3691991425035,-34.6020172151333,2385,LUNA YIP,RESTAURANTE,INTERNACIONAL,CLASICO PORTENO,4313 2981,,BOUCHARD,474,BOUCHARD 474,San Nicolas,1
-58.3713851508953,-34.6113006698896,1439,MADAME MARTOS,RESTAURANTE,PARRILLA,MODERNO,4331 4172,,MORENO,360,MORENO 360,Monserrat,1
-58.3706273038404,-34.603109990672,2386,MADERO CITY,RESTAURANTE,MINUTAS,MODERNO,4313 1284,lunes a sabado de 7 a 21,CORRIENTES,212,CORRIENTES AV. 212,San Nicolas,1
-58.38230050305879,-34.6029557473046,2388,MADRID CAFE,RESTAURANTE,INTERNACIONAL,,4382 1816,,CERRITO,470,CERRITO 470,San Nicolas,1
-58.4145737411851,-34.5839337839469,297,MAFALDA,RESTAURANTE,INTERNACIONAL,,4832 7847,,BERUTI,3816,BERUTI 3816,Palermo,14
-58.3664534561121,-34.6096143982679,1617,MAGNOLIA,RESTAURANTE,,,4342 3000,lunes a domingo mediodia y noche,MOREAU DE JUSTO ALICIA,1007,"MOREAU DE JUSTO, ALICIA AV. 1007",Puerto Madero,1
-58.4224507167478,-34.642655696236,1491,MAILIN,CAFE,TRADICIONAL,CLASICO PORTENO,4923 1524,,CHICLANA,4258,CHICLANA AV. 4258,Nueva Pompeya,4
-58.41251765948279,-34.581977793582,299,MAITE,CAFE,TRADICIONAL,MODERNO,4807 5565,,LAS HERAS GRAL.,3786,LAS HERAS GENERAL AV. 3786,Palermo,14
-58.42195064936129,-34.5811370320933,298,MAKORI,CAFE,,,4775 5178,,SANTA FE,4202,SANTA FE AV. 4202,Palermo,14
-58.4298138481785,-34.5888979210097,300,MALASARTES,RESTAURANTE,INTERNACIONAL,ANTIGUO,4831 0743,,HONDURAS,4999,HONDURAS 4999,Palermo,14
-58.4298286268386,-34.5876560727248,301,MALDITO SALVADOR,RESTAURANTE,MEDITERRANEA,,4832 1765,lunes a domingo de 10 al cierre,EL SALVADOR,4960,EL SALVADOR 4960,Palermo,14
-58.3759873197239,-34.6126576867364,1442,MALLORCA,RESTAURANTE,,,4343 2613,,BELGRANO,695,BELGRANO AV. 695,Monserrat,1
-58.42406346990401,-34.5829182452778,302,MALOUVA,RESTAURANTE,MINUTAS,CLASICO PORTENO,4774 0427,,CHARCAS,4401,CHARCAS 4401,Palermo,14
-58.4073587361565,-34.5886941954033,303,MALUVA PIZZA,RESTAURANTE,PIZZERIA,MODERNO,4822 2599,,SANCHEZ DE BUSTAMANTE,2014,SANCHEZ DE BUSTAMANTE 2014,Recoleta,2
-58.42640929624329,-34.5886352713204,305,MAMA RACHA,RESTAURANTE,,,,,COSTA RICA,4602,COSTA RICA 4602,Palermo,14
-58.4304928158987,-34.5723782058062,304,MAMBO,RESTAURANTE,INTERNACIONAL,,4778 0115,lunes a sabado de 20 a 00,BAEZ,243,BAEZ 243,Palermo,14
-58.43583181734351,-34.5853306776333,306,MAMMA ZN,RESTAURANTE,,,,,HUMBOLDT,1645,HUMBOLDT 1645,Palermo,14
-58.3737213684305,-34.60615350984069,2387,MANGIA,RESTAURANTE,FAST FOOD,MODERNO,4331 5071,lunes a viernes de 7.30 a 19,SAN MARTIN,150,SAN MARTIN 150,San Nicolas,1
-58.429632308218,-34.5721694955149,308,MANGLA LOUNGE,RESTAURANTE,INTERNACIONAL,BRITANICA,4774 1787,,ARGUIBEL ANDRES,2859,"ARGUIBEL, ANDRES 2859",Palermo,14
-58.389593030246,-34.6340361093294,921,MANIAS,RESTAURANTE,MINUTAS,CLASICO PORTENO,,,CASEROS,1952,CASEROS AV. 1952,Barracas,4
-58.4062272909352,-34.5941773783953,1824,MANJARES,RESTAURANTE,MINUTAS,MODERNO,4822 4040,lunes a sabado de 7 a 23,CHARCAS,2802,CHARCAS 2802,Recoleta,2
-58.3861105925261,-34.5868957869198,1825,MANOLETE,RESTAURANTE,MINUTAS,ANTIGUO,4816 4436,lunes a sabado de 8 a 00,CALLAO,2081,CALLAO AV. 2081,Recoleta,2
-58.3724109252246,-34.6255013034591,2601,MANOLO,RESTAURANTE,INTERNACIONAL,CLASICO PORTENO,4307 8743,lunes a domingo de 7 a 1,BRASIL,488,BRASIL 488,San Telmo,1
-58.4148013742554,-34.5795104928052,310,MANOLO,BAR,,ANTIGUO,4804 4297,,CABELLO,3958,CABELLO 3958,Palermo,14
-58.3841941591401,-34.5962071557795,2022,MANTRA,RESTAURANTE,TRADICIONAL,CLASICO PORTENO,4811 9061,,LIBERTAD,1053,LIBERTAD 1053,Retiro,1
-58.4112932629251,-34.5859999679505,311,MANUCHO,RESTAURANTE,INTERNACIONAL,,4824 3679,,BERUTI,3479,BERUTI 3479,Palermo,14
-58.41463041243,-34.5947604361863,1826,MANUK,CAFE,MINUTAS,MODERNO,4961 8001,lunes a sabado de 7.30 a 23,BRAVO MARIO,1287,"BRAVO, MARIO 1287",Recoleta,2
-58.3898878164184,-34.6043408987291,2389,MAQUIAVELO DE FLORENCIA,RESTAURANTE,INTERNACIONAL,MODERNO,6320 5332,lunes a jueves de 9 a 1 - viernes a domingo de 9 a 4,CORRIENTES,1660,CORRIENTES AV. 1660,San Nicolas,1
-58.3787283025478,-34.6163239235295,1443,MARAXE,RESTAURANTE,ESPANOLA,ESPANOL,4345 1569,lunes y domingo de 12 a 16. martes a sabado de lunes a lunes de 12 a 16 y de 20 a 00,CHILE,899,CHILE 899,Monserrat,1
-58.41221444706839,-34.5849527805299,312,MARENGO,RESTAURANTE,,,4829 9010,,ALVAREZ JULIAN,2774,"ALVAREZ, JULIAN 2774",Palermo,14
-58.4255770995345,-34.5912090601537,313,MARHABA 2000,RESTAURANTE,ARABE,ARABE,4833 4222,,SCALABRINI ORTIZ RAUL,1550,"SCALABRINI ORTIZ, RAUL AV. 1550",Palermo,14
-58.3804637384012,-34.597743938104,2021,MARIA & CIA.,BAR,MINUTAS,CLASICO PORTENO,4328 3437,lunes a viernes de 8 a 19,PARAGUAY,945,PARAGUAY 945,Retiro,1
-58.4390904588774,-34.5648669422464,315,MARIA FELIX,RESTAURANTE,MEXICANA,MEXICANO,4775 0380,,SOLDADO DE LA INDEPENDENCIA,1150,SOLDADO DE LA INDEPENDENCIA 1150,Palermo,14
-58.4327413949657,-34.5895403009871,314,MARIA FULa,RESTAURANTE,BRASILERA,BRASILERA,4831 0103,martes a sabado noche sabado y domingo mediodia y noche,CABRERA JOSE A.,5065,"CABRERA, JOSE A. 5065",Palermo,14
-58.4100614521961,-34.5911480284784,1828,MARIA MARIA,CAFE,MINUTAS,MODERNO,4821 3817,lunes a vie de 10 a 21,GUEMES,3140,GUEMES 3140,Recoleta,2
-58.3841470074821,-34.596687408715,2023,MARIA PEPE,BAR,TRADICIONAL,BOHEMIO,4812 4448,,LIBERTAD,1027,LIBERTAD 1027,Retiro,1
-58.4082825322719,-34.5911765742903,1827,MARIBEL Y CIA,CAFE,,,4823 0237,,GALLO,1675,GALLO 1675,Recoleta,2
-58.4156728286477,-34.5854437715165,316,MARINI,RESTAURANTE,INTERNACIONAL,MODERNO,4831 5277,,SANTA FE,3666,SANTA FE AV. 3666,Palermo,14
-58.4272868701596,-34.5892268281016,317,MARK'S DELI & COFFEE HOUSE,RESTAURANTE,SANDWICHERIA,DISENO,4832 6244,,EL SALVADOR,4701,EL SALVADOR 4701,Palermo,14
-58.4166572433293,-34.5866841307091,319,MARROCO,RESTAURANTE,MINUTAS,CLASICO PORTENO,4317 8673,,GUEMES,3902,GUEMES 3902,Palermo,14
-58.3731454380542,-34.6456082601354,922,MARTIN,RESTAURANTE,PARRILLA,CLASICO PORTENO,4302 3719,,MONTES DE OCA MANUEL,1602,"MONTES DE OCA, MANUEL 1602",Barracas,4
-58.42253009967961,-34.5807353089705,318,MARTINEZ,RESTAURANTE,MINUTAS,MODERNO,4776 1870,,SANTA FE,4298,SANTA FE AV. 4298,Palermo,14
-58.3784194372095,-34.5988322026895,1829,MASTER,CAFE,MINUTAS,CLASICO PORTENO,4815 7177,,CORDOBA,811,CORDOBA AV. 811,Retiro,1
-58.36226786976629,-34.6328702678077,1241,MATERELLO,RESTAURANTE,ITALIANA,ITALIANA,4307 0529,lunes a domingo de 10 a 22,RODRIGUEZ MARTIN,517,"RODRIGUEZ, MARTIN 517",Boca,4
-58.372367124207,-34.633154039016,923,MATIAS BARRACAS,RESTAURANTE,INTERNACIONAL,MODERNO,4362 7061,,AZARA,108,AZARA 108,Barracas,4
-58.38786339377629,-34.6123606046372,1444,MATICES,RESTAURANTE,,,4382 6068,,MORENO,1521,MORENO 1521,Monserrat,1
-58.4179529804446,-34.5838996899676,320,MATU CAFE,RESTAURANTE,MINUTAS,MODERNO,,,SANTA FE,3870,SANTA FE AV. 3870,Palermo,14
-58.3874289006316,-34.6100541358566,1445,MAX CAFFEE,RESTAURANTE,MINUTAS,MODERNO,4382 5520,,YRIGOYEN HIPOLITO,1492,"YRIGOYEN, HIPOLITO 1492",Monserrat,1
-58.435806943382,-34.5844749335563,321,MAXIMO,BAR,,,,,HONDURAS,5551,HONDURAS 5551,Palermo,14
-58.3753178436495,-34.597170677965,2024,MC DONALD'S,CAFE,FAST FOOD,MODERNO,,,FLORIDA,935,FLORIDA 935,Retiro,1
-58.366527836548,-34.6081468547751,1620,MC DONALD'S,CAFE,FAST FOOD,MODERNO,,,MOREAU DE JUSTO ALICIA,850,"MOREAU DE JUSTO, ALICIA AV. 850",Puerto Madero,1
-58.3904715922494,-34.6340005034513,1578,MC DONALD'S,RESTAURANTE,FAST FOOD,MODERNO,,,ENTRE RIOS,2195,ENTRE RIOS AV. 2195,Parque Patricios,4
-58.3755907275109,-34.6087255790418,1447,MC DONALD'S,RESTAURANTE,FAST FOOD,MODERNO,,,DE MAYO AV,650,DE MAYO AV. 650,Monserrat,1
-58.3816387812123,-34.6160820369182,1446,MC DONALD'S,RESTAURANTE,FAST FOOD,MODERNO,,,LIMA,667,LIMA 667,Monserrat,1
-58.37335120165171,-34.6324186603435,2603,MC DONALD'S,RESTAURANTE,FAST FOOD,MODERNO,,,GARCIA MARTIN,682,"GARCIA, MARTIN AV. 682",Barracas,4
-58.3697646902765,-34.6177965343792,2602,MC DONALD'S,RESTAURANTE,FAST FOOD,MODERNO,,,GIUFFRA JOSE M.DR.,242,"GIUFFRA, JOSE M.,DR. 242",San Telmo,1
-58.40201188175021,-34.5946190166122,1830,MC DONALD'S,CAFE,FAST FOOD,MODERNO,,,SANTA FE,2468,SANTA FE AV. 2468,Recoleta,2
-58.3875590214374,-34.5958229287408,1831,MC DONALD'S,CAFE,FAST FOOD,MODERNO,,,SANTA FE,1430,SANTA FE AV. 1430,Recoleta,2
-58.39262437497211,-34.5957689041161,1832,MC DONALD'S,CAFE,FAST FOOD,MODERNO,,,SANTA FE,1765,SANTA FE AV. 1765,Recoleta,2
-58.3955661495187,-34.5958514390763,1833,MC DONALD'S,CAFE,FAST FOOD,MODERNO,,,SANTA FE,1950,SANTA FE AV. 1950,Recoleta,2
-58.3936249720034,-34.5889216086894,1834,MC DONALD'S,CAFE,FAST FOOD,MODERNO,,,LOPEZ VICENTE,2008,"LOPEZ, VICENTE 2008",Recoleta,2
-58.3806500010746,-34.6037305754999,2392,MC DONALD'S,RESTAURANTE,FAST FOOD,MODERNO,,,CORRIENTES,980,CORRIENTES AV. 980,San Nicolas,1
-58.39195914907521,-34.6075953639742,2391,MC DONALD'S,RESTAURANTE,FAST FOOD,MODERNO,,,CALLAO,131,CALLAO AV. 131,San Nicolas,1
-58.3753175037053,-34.6023165821683,2390,MC DONALD'S,RESTAURANTE,FAST FOOD,,,,FLORIDA,500,FLORIDA 500,San Nicolas,1
-58.42072657964021,-34.5976657840414,646,MC DONALD'S,RESTAURANTE,FAST FOOD,MODERNO,,,CORDOBA,3821,CORDOBA AV. 3821,Palermo,14
-58.3964194253471,-34.5996340752981,833,MC DONALD'S,RESTAURANTE,,,,,CORDOBA,2039,CORDOBA AV. 2039,Recoleta,2
-58.4223959322054,-34.5808283256031,329,MC DONALD'S,BAR,FAST FOOD,MODERNO,,,SANTA FE,4280,SANTA FE AV. 4280,Palermo,14
-58.4252272252867,-34.5784477354603,325,MC DONALD'S,BAR,FAST FOOD,MODERNO,,,SANTA FE,4601,SANTA FE AV. 4601,Palermo,14
-58.4100702924679,-34.5803844825194,324,MC DONALD'S,BAR,FAST FOOD,MODERNO,,,SCALABRINI ORTIZ RAUL,3149,"SCALABRINI ORTIZ, RAUL 3149",Palermo,14
-58.4210820065244,-34.5882462141499,326,MC DONALD'S,BAR,FAST FOOD,MODERNO,,,SCALABRINI ORTIZ RAUL,2034,"SCALABRINI ORTIZ, RAUL AV. 2034",Palermo,14
-58.40411611491,-34.5756455577813,330,MC DONALD'S,BAR,FAST FOOD,MODERNO,,,SALGUERO JERONIMO,3172,"SALGUERO, JERONIMO 3172",Palermo,14
-58.4373391132326,-34.5685310767153,328,MC DONALD'S,BAR,FAST FOOD,MODERNO,,,CAMPOS LUIS M.,900,"CAMPOS, LUIS M. AV. 900",Palermo,14
-58.41324729549579,-34.5835162356909,322,MC NOR,BAR,,,4804 5718,,JUNCAL,3599,JUNCAL 3599,Palermo,14
-58.3757174899452,-34.6205238449661,2604,MEGAFON,RESTAURANTE,TRADICIONAL,,,lunes a lunes de 16 al cierre,CHACABUCO,1072,CHACABUCO 1072,San Telmo,1
-58.4249670975243,-34.5896067059056,331,ME LEVA BRASIL,CAFE,BRASILERA,BRASILERA,4832 4290,,COSTA RICA,4488,COSTA RICA 4488,Palermo,14
-58.3931403208358,-34.5923412070569,1836,MELO,CAFE,INTERNACIONAL,,4801 4251,lunes a domingo mediodia y noche,PACHECO DE MELO JOSE ANDRES,1829,"PACHECO DE MELO, JOSE ANDRES 1829",Recoleta,2
-58.3879258174242,-34.5917874739447,2025,MELODY CAFE,CAFE,SANDWICHERIA,MODERNO,,,URUGUAY,1398,URUGUAY 1398,Recoleta,2
-58.3905926592016,-34.6066657148399,2395,MEMORIAS,CAFE,MINUTAS,MODERNO,4375 6013,lunes a viernes de 7.30 a 21.30,PERON JUAN DOMINGO TTE.,1699,"PERON, JUAN DOMINGO, TTE. GENERAL 1699",San Nicolas,1
-58.37675159523789,-34.6019669408393,2397,MENOS DIEZ,CAFE,MINUTAS,CLASICO PORTENO,4322 1542,lunes a sabado de 8 a 22,MAIPU,530,MAIPU 530,San Nicolas,1
-58.3704849906491,-34.602712733409,2396,MERCANTE,RESTAURANTE,MINUTAS,CLASICO PORTENO,4312 5942,lunes a sabado de 6 a 23,ALEM LEANDRO N.,420,"ALEM, LEANDRO N. AV. 420",San Nicolas,1
-58.3695752880867,-34.601890230862,2398,MESON NAVARRO,RESTAURANTE,ESPANOLA,CLASICO PORTENO,4314 2072,,LAVALLE,168,LAVALLE 168,San Nicolas,1
-58.37257975641111,-34.6016495246814,2400,MIDI,RESTAURANTE,INTERNACIONAL,MODERNO,4393 9081,,RECONQUISTA,542,RECONQUISTA 542,San Nicolas,1
-58.4035261156537,-34.5902239383887,1835,MIGUELO,RESTAURANTE,MINUTAS,MODERNO,4829 1166,lunes a domingo de 12 a 14 y de 20 a 1,JUNCAL,2614,JUNCAL 2614,Recoleta,2
-58.3915423027696,-34.6091753994637,2399,MILANESA RICA,RESTAURANTE,,,4382 4536,,RIVADAVIA AV,1771,RIVADAVIA AV. 1771,San Nicolas,1
-58.4371694650854,-34.5660170311131,1,MIL DOS,RESTAURANTE,TRADICIONAL,CLASICO PORTENO,4774 8411,,SOLDADO DE LA INDEPENDENCIA,1002,SOLDADO DE LA INDEPENDENCIA 1002,Palermo,14
-58.38838791986011,-34.5965600438908,333,MILLION,RESTAURANTE,TRADICIONAL,CLASICO PORTENO,4815 9925,lunes a viernes de 12 a 3,PARANA,1048,PARANA 1048,Recoleta,2
-58.41402968600221,-34.5877998264402,335,MINI BAR,RESTAURANTE,,,4825 8161,,SALGUERO JERONIMO,1935,"SALGUERO, JERONIMO 1935",Palermo,14
-58.388159245592,-34.6286973547262,1116,MIRAFLORES,CAFE,MINUTAS,CLASICO PORTENO,,,CEVALLOS Virrey,1695,"CEVALLOS, Virrey 1695",Constitucion,1
-58.3817143438149,-34.5902229429605,2850,Mirasol de La Recova,RESTAURANTE,PARRILLA,CLASICO PORTENO,4326-7322,lunes a lunes de 20 a 16 y de 20 a 00,Posadas,1032,POSADAS 1032,Retiro,1
-58.4001206031457,-34.5899208920562,1837,MIRO,RESTAURANTE,MINUTAS,MODERNO,4806 9917,,PUEYRREDON AV,1841,PUEYRREDON AV. 1841,Recoleta,2
-58.4115174758978,-34.5906152824451,336,MIS ANTOJOS,CAFE,,CLASICO PORTENO,,,DIAZ CNEL.,1780,"DIAZ, CNEL. AV. 1780",Palermo,14
-58.4296607481441,-34.5728647149845,338,MISTER PEPPER,CAFE,,,,,BAEZ,121,BAEZ 121,Palermo,14
-58.4028062716757,-34.6414503492101,1579,MOB PETIT,RESTAURANTE,SANDWICHERIA,CLASICO PORTENO,,,ZAVALETA,393,ZAVALETA 393,Parque Patricios,4
-58.389835092149,-34.5984479316155,1840,MODENA,RESTAURANTE,TRADICIONAL,CLASICO PORTENO,4813 0650,lunes a vie de 7 a 20,PARAGUAY,1601,PARAGUAY 1601,Recoleta,2
-58.3938397275199,-34.5827628679877,1839,MODENA DESING,RESTAURANTE,ITALIANA,DISENO,4809 0122,,FIGUEROA ALCORTA PRES.,2270,"FIGUEROA ALCORTA, PRES. AV. 2270",Recoleta,2
-58.3617605060326,-34.6167900074957,1618,MOLA MOLA,CAFE,INTERNACIONAL,MODERNO,4787 0498,,MANSO JUANA,1606,MANSO JUANA 1606,Puerto Madero,1
-58.3787283025478,-34.6163239235295,1448,MOLIERE,RESTAURANTE,INTERNACIONAL,ANTIGUO,4343 2623,lunes a domingo de 8 a 2,CHILE,899,CHILE 899,Monserrat,1
-58.3857539413757,-34.5927806526442,1841,MOLIERE,RESTAURANTE,INTERNACIONAL,ANTIGUO,4811-1822,,JUNCAL,1293,JUNCAL 1293,Retiro,1
-58.3857539413757,-34.5927806526442,2026,MOLIERE CAFE,RESTAURANTE,INTERNACIONAL,MODERNO,4821 1822,,JUNCAL,1293,JUNCAL 1293,Retiro,1
-58.3936249720034,-34.5889216086894,1842,MONACO,RESTAURANTE,INTERNACIONAL,MODERNO,,,LOPEZ VICENTE,2034,"LOPEZ, VICENTE 2034",Recoleta,2
-58.3753621086916,-34.5988587131616,2401,MONDO SPAGHETTI,RESTAURANTE,FAST FOOD,MODERNO,4508 6350,lunes a domingo de 9 a 22,FLORIDA,787,FLORIDA 787,San Nicolas,1
-58.3875151624288,-34.6122747179674,1449,MONET,CAFE,MINUTAS,CLASICO PORTENO,4377 0555,,SAENZ PEAA LUIS PRES.,299,"SAENZ PEAA, LUIS, PRES. 299",Monserrat,1
-58.3915390897356,-34.5884403362539,1843,MONTANA RAUCH,RESTAURANTE,PARRILLA,MODERNO,4804 9464,,ORTIZ ROBERTO M. Pres.,1813,"ORTIZ, ROBERTO M., Pres. 1813",Recoleta,2
-58.4307579213072,-34.5795144436007,337,MONTECARLO,BAR,,,,,PARAGUAY,5199,PARAGUAY 5199,Palermo,14
-58.36747212525621,-34.599966649833,1621,MONTOYA,RESTAURANTE,MEDITERRANEA,MODERNO,4315 3533,,MOREAU DE JUSTO ALICIA,152,"MOREAU DE JUSTO, ALICIA AV. 152",Puerto Madero,1
-58.3774206771022,-34.6140206575158,1451,MONTSERRAT,CAFE,MINUTAS,COLONIAL,4342 2463,lunes a viernes de 10 a 20,VENEZUELA,800,REPUBLICA BOLIVARIANA DE VENEZUELA 800,Monserrat,1
-58.43272010311271,-34.5824733243029,339,MORELIA,BAR,,,,,HUMBOLDT,2000,HUMBOLDT 2000,Palermo,14
-58.3711684373507,-34.60538836041631,2404,MOTIVO,RESTAURANTE,MINUTAS,MODERNO,4331 7818,lunes a viernes de 17 a 20,PERON JUAN DOMINGO TTE.,301,"PERON, JUAN DOMINGO, TTE. GENERAL 301",San Nicolas,1
-58.3711052388778,-34.5989813267213,2402,MOVIL,CAFE,MINUTAS,MODERNO,4315 0767,lunes a viernes de 8 a 19.30,ALEM LEANDRO N.,742,"ALEM, LEANDRO N. AV. 742",San Nicolas,1
-58.4289559189548,-34.5921099803464,340,MUNDANO,RESTAURANTE,MEDITERRANEA,DISENO,4831 5667,,MALABIA,1401,MALABIA 1401,Palermo,14
-58.43410019252089,-34.5911509828765,342,MUNDO BIZARRO,RESTAURANTE,AMERICANA,AMERICANO,4773 1967,lunes a domingo de 20 al cierre,Serrano,1222,SERRANO 1222,Palermo,14
-58.3910251580941,-34.58800164738931,1844,MUNICH RECOLETA,RESTAURANTE,INTERNACIONAL,CLASICO PORTENO,4804 3981,,ORTIZ ROBERTO M. Pres.,1871,"ORTIZ, ROBERTO M., Pres. 1871",Recoleta,2
-58.3753556429906,-34.5995908105819,2403,MURASAKI,CAFE,JAPONESA,MODERNO,5555 5136,,FLORIDA,725,FLORIDA 725,San Nicolas,1
-58.3801374228012,-34.6185363266105,1119,MUSEL,BAR,MINUTAS,MODERNO,4300 1472,,ESTADOS UNIDOS,1000,ESTADOS UNIDOS 1000,Constitucion,1
-58.3820261290427,-34.6082751792426,1450,MUSEO DEL JAMON,RESTAURANTE,ESPANOLA,ESPANOL,4382 7648,,CERRITO,8,CERRITO 8,San Nicolas,1
-58.4031105853019,-34.5777269308511,341,MUSEO RENAULT,RESTAURANTE,INTERNACIONAL,AUTOS,4802 9626,,FIGUEROA ALCORTA PRES.,3399,"FIGUEROA ALCORTA, PRES. AV. 3399",Palermo,14
-58.378057234126,-34.6044926544834,2405,MY BAR,RESTAURANTE,INTERNACIONAL,CLASICO PORTENO,4326 2817,,ESMERALDA,320,ESMERALDA 320,San Nicolas,1
-58.4049832655905,-34.5875521644694,1846,MY FRENCH,RESTAURANTE,SANDWICHERIA,MODERNO,4826 1110,lunes a sabado de 8 a 21,FRENCH,2964,FRENCH 2964,Recoleta,2
-58.4061750413712,-34.57789199339,343,MY HOUSE,RESTAURANTE,MINUTAS,MODERNO,4807 4546,,SALGUERO JERONIMO,2998,"SALGUERO, JERONIMO 2998",Palermo,14
-58.43774202073789,-34.5648467478827,344,MYKONOS,RESTAURANTE,,,4779 900,,OLLEROS,1752,OLLEROS AV. 1752,Palermo,14
-58.3740425198586,-34.6207221449516,2607,NANAKA,BAR,MINUTAS,MODERNO,4362 7979,lunes a domingo de 8 a 2,HUMBERTO 1o,599,HUMBERTO 1o 599,San Telmo,1
-58.3898738534967,-34.6017900471151,2407,NANTES,RESTAURANTE,ARABE,MODERNO,4371 1810,lunes a viernes de 8 a 20,TUCUMAN,1617,TUCUMAN 1617,San Nicolas,1
-58.3915423027586,-34.6091753995629,2406,NAPOLES,RESTAURANTE,PIZZERIA,MODERNO,4373 0279,lunes a domingo de 19 a 1,RIVADAVIA AV,1765,RIVADAVIA AV. 1765,San Nicolas,1
-58.383641050966,-34.6074199092134,2408,NARANCO,RESTAURANTE,INTERNACIONAL,,4384 5208,,MITRE BARTOLOME,1201,"MITRE, BARTOLOME 1201",San Nicolas,1
-58.3880344414148,-34.6023619839023,2409,NATALIO,RESTAURANTE,INTERNACIONAL,,,,PARANA,550,PARANA 550,San Nicolas,1
-58.4113651689038,-34.58058597703911,345,NEMO,RESTAURANTE,MEDITERRANEA,MARINA,4802 5308,,CABELLO,3672,CABELLO 3672,Palermo,14
-58.438729785191,-34.5872410294951,346,NICETO CLUB,BAR,INTERNACIONAL,DISENO,4779 9396,,VEGA NICETO Cnel.,5510,"VEGA, NICETO, Cnel. AV. 5510",Palermo,14
-58.368265918583,-34.6231276345677,2608,NIKO'S,BAR,MINUTAS,ANTIGUO,4300 7228,lunes a sabado de 6 a 00,PASEO COLON,1327,PASEO COLON AV. 1327,San Telmo,1
-58.39111726303859,-34.6042721519692,2411,NIAA BONITA,RESTAURANTE,PARRILLA,MODERNO,4375 3999,lunes a domingo de 8 a 1,CORRIENTES,1715,CORRIENTES AV. 1715,San Nicolas,1
-58.37413915986,-34.6095437949953,1453,NOGARO,RESTAURANTE,MINUTAS,MODERNO,4331 0091,,ROCA JULIO A. Pres.,561,"ROCA, JULIO A., PRESIDENTE AV. 561",Monserrat,1
-58.4034350207874,-34.5852390127316,1848,NOLITA,RESTAURANTE,,MODERNO,4802 2670,lunes a sabado de 8 a 1,SANCHEZ DE BUSTAMANTE,2428,SANCHEZ DE BUSTAMANTE 2428,Recoleta,2
-58.3605431105355,-34.6319571450339,1258,NONNO BACHICHA,RESTAURANTE,INTERNACIONAL,ITALIANA,4361 1816,,VILLAFAAE WENCESLAO,396,"VILLAFAAE, WENCESLAO 396",Boca,4
-58.4029170564792,-34.5929981238684,1849,NORTE,RESTAURANTE,PARRILLA,CLASICO PORTENO,4825 1275,lunes a sabado de 7 a 00,ARENALES,2600,ARENALES 2600,Recoleta,2
-58.41438399839789,-34.5940615775074,1850,NOSTALGIA BAR,RESTAURANTE,MINUTAS,MODERNO,4963 0903,,SOLER,3599,SOLER 3599,Recoleta,2
-58.39095180958071,-34.5996072904991,2412,NOTICIAS,RESTAURANTE,TRADICIONAL,MODERNO,4811 8824,lunes a vien de 7 a 21,CORDOBA,1672,CORDOBA AV. 1672,San Nicolas,1
-58.3767258728405,-34.6007330389673,2410,NO TODAVIA,RESTAURANTE,INTERNACIONAL,POP,4327 3535,lunes a viernes de 8 a 20,MAIPU,635,MAIPU 635,San Nicolas,1
-58.3932431639096,-34.5977831025725,1851,NOTORIUS,RESTAURANTE,INTERNACIONAL,MODERNO,4815 8473,,CALLAO,966,CALLAO AV. 966,Recoleta,2
-58.429969393251,-34.572684239411,348,NOVECENTO,RESTAURANTE,INTERNACIONAL,MODERNO,4778 1900,,BAEZ,199,BAEZ 199,Palermo,14
-58.4097881325434,-34.581286809693,350,NUCHA,RESTAURANTE,FAST FOOD,MODERNO,4802 1615,,SALGUERO JERONIMO,2587,"SALGUERO, JERONIMO 2587",Palermo,14
-58.3983046760167,-34.591454946997,1852,NUEVE SOLES,RESTAURANTE,PORTENA,MODERNO,4825 0204,,FRENCH,2316,FRENCH 2316,Recoleta,2
-58.3925173731032,-34.6018109819625,2413,NUEVO CALLAO,BAR,SANDWICHERIA,MODERNO,4371 9000,lunes a viernes de 8 a 20,CALLAO,601,CALLAO AV. 601,San Nicolas,1
-58.3766215001522,-34.6081125724866,2415,NUEVO CRISTAL,BAR,MINUTAS,CLASICO PORTENO,4334 0355,lunes a viernes de 8 a 18,RIVADAVIA,703,RIVADAVIA AV. 703,San Nicolas,1
-58.4131595202108,-34.591040153841,351,NUEVO GUISE,BAR,PIZZERIA,MODERNO,4823 8585,,GUISE,1902,GUISE 1902,Palermo,14
-58.41986397434221,-34.5843869333439,353,NUEVO HERMANN,BAR,INTERNACIONAL,CLASICO PORTENO,4813 8904,,GUEMES,4202,GUEMES 4202,Palermo,14
-58.36040586978289,-34.6325357313895,1257,NUEVO PARIS,CAFE,INTERNACIONAL,CLASICO PORTENO,4361 2114,,BROWN ALTE.,870,"BROWN, ALTE. AV. 870",Boca,4
-58.4122323652315,-34.5939807494173,1854,NUEVO VEVEDERO,RESTAURANTE,MINUTAS,MODERNO,4961 6663,lunes a domingo de 7 a 23,SANCHEZ DE BUSTAMANTE,1402,SANCHEZ DE BUSTAMANTE 1402,Recoleta,2
-58.38936871283479,-34.5893644310706,1853,OASIS,RESTAURANTE,TRADICIONAL,CLASICO PORTENO,4811 6656,,CALLAO,1776,CALLAO AV. 1776,Recoleta,2
-58.41826095676929,-34.5936039982633,352,OBOLO,RESTAURANTE,ITALIANA,ANTIGUO,4826 8222,,SALGUERO JERONIMO,1440,"SALGUERO, JERONIMO 1440",Palermo,14
-58.4248003572288,-34.5796742688828,354,OCEAN BLUE,RESTAURANTE,,,4777 8029,,FRAY JUSTO SANTAMARIA DE ORO,2476,FRAY JUSTO SANTAMARIA DE ORO 2476,Palermo,14
-58.3747197098519,-34.6009807073381,2414,OH! CARAMBA,RESTAURANTE,INTERNACIONAL,CLASICO PORTENO,4312 6404,lunes a sabado de 7 a 20,TUCUMAN,553,TUCUMAN 553,San Nicolas,1
-58.4007715897374,-34.5981465003994,1855,OLALA,RESTAURANTE,INTERNACIONAL,MODERNO,4961 6474,,AZCUENAGA,894,AZCUENAGA 894,Recoleta,2
-58.37728917311129,-34.6179978903922,2609,OLEIROS,RESTAURANTE,TRADICIONAL,CLASICO PORTENO,4300 1171,lunes a sabado de 9 a 00,PIEDRAS,848,PIEDRAS 848,San Telmo,1
-58.4071335953879,-34.5963375005892,1856,OLISBOKOLICE,RESTAURANTE,INTERNACIONAL,MODERNO,4961 8548,lunes a domingo de 12 al cierre,ANCHORENA TOMAS M. DE DR,1123,"ANCHORENA, TOMAS MANUEL DE, DR. 1123",Recoleta,2
-58.3950383719075,-34.590778062832,1858,OLIVERIO,RESTAURANTE,,,4809 0220,,PACHECO DE MELO JOSE ANDRES,2001,"PACHECO DE MELO, JOSE ANDRES 2001",Recoleta,2
-58.36730435590979,-34.6014529607976,1623,OLIVES,RESTAURANTE,TRADICIONAL,CLASICO PORTENO,4313 1956,,MOREAU DE JUSTO ALICIA,276,"MOREAU DE JUSTO, ALICIA AV. 276",Puerto Madero,1
-58.4211922564995,-34.5734003791411,355,OLIVIA,RESTAURANTE,MEDITERRANEA,MODERNO,4774 2020,,GODOY CRUZ,3214,GODOY CRUZ 3214,Palermo,14
-58.43998810636379,-34.5828889420442,357,OLSEN,RESTAURANTE,DE AUTOR,DISENO,4776 7677,martes a sabado de 12 al cierre - domingo de 10.30 al cierre,GORRITI,5870,GORRITI 5870,Palermo,14
-58.4369434425789,-34.5837219228287,356,OMM,RESTAURANTE,DE AUTOR,MINIMALISTA,4774 4224,lunes de 18 al cierre - martes a domingo de 12 al cierre,HONDURAS,5656,HONDURAS 5656,Palermo,14
-58.3682504481317,-34.62328514757611,2611,ONDA JOVEN,RESTAURANTE,MINUTAS,CLASICO PORTENO,4300 1043,lunes a sabado de 8 a 23,PASEO COLON,1343,PASEO COLON AV. 1343,San Telmo,1
-58.379788078965,-34.6164327865042,1454,ONGI ELORRE,RESTAURANTE,ESPANOLA,ESPANOL,4343 1811,martes a domingo de 12 a 15 y de 20 a 00,CHILE,980,CHILE 980,Monserrat,1
-58.39091181968121,-34.6055010057597,2416,OPEN 24 CAFE,RESTAURANTE,MINUTAS,,4371 1824,,SARMIENTO,1701,SARMIENTO 1701,San Nicolas,1
-58.3918802369633,-34.6055847873298,2417,OPEN 25,BAR,MINUTAS,MODERNO,6775 0680,lunes a domingo de 7 a 00,SARMIENTO,1779,SARMIENTO 1779,San Nicolas,1
-58.3657446372327,-34.5982770236926,1622,OPERA BAY,RESTAURANTE,DE AUTOR,MODERNO,4315 8666,,GRIERSON CECILIA,225,"GRIERSON, CECILIA 225",Retiro,1
-58.41994875321861,-34.5877595923792,358,OPORTO,RESTAURANTE,MINUTAS,MODERNO,4831 0691,lunes a domingo de 7 a 1,SCALABRINI ORTIZ,2101,"SCALABRINI ORTIZ, RAUL AV. 2101",Palermo,14
-58.43556618586761,-34.5661839815093,359,ORGANIC`S,RESTAURANTE,NATURISTA,RUSTICA,4776 2020,,MAURE,1643,MAURE 1643,Palermo,14
-58.3741708893974,-34.6206439110846,2610,ORIGEN,RESTAURANTE,TRADICIONAL,MODERNO,4362 8847,lunes a viernes de 8 a 21. sabado de 9 a 19. domingo de 9 a 22,PERU,1092,PERU 1092,San Telmo,1
-58.41394408186149,-34.5936553837096,1857,ORO LIQUIDO,RESTAURANTE,MINUTAS,MODERNO,4964 4067,lunes a viernes de 9 a 21,DIAZ CNEL.,1443,"DIAZ, CNEL. AV. 1443",Recoleta,2
-58.3909442147058,-34.6113962596285,1455,OSCAR,RESTAURANTE,,,,,ALSINA ADOLFO,1745,"ALSINA, ADOLFO 1745",Monserrat,1
-58.3904010800724,-34.6124543123892,1456,OTEREL,RESTAURANTE,MINUTAS,CLASICO PORTENO,4372 9059,,SOLIS,299,SOLIS 299,Monserrat,1
-58.39253935916371,-34.591358017808,1859,OTRO ROLLO BUENOS AIRES,RESTAURANTE,MINUTAS,MODERNO,5237 6039,,LAS HERAS GRAL.,1856,LAS HERAS GENERAL AV. 1856,Recoleta,2
-58.4364632243573,-34.5858782374703,360,OTTO GaRGUELL,RESTAURANTE,ALEMANA,RUSTICA,4773 8304,,HUMBOLDT,1587,HUMBOLDT 1587,Palermo,14
-58.3853085552016,-34.6038400540797,2419,OURO PRETO,BAR,INTERNACIONAL,,4371 1855,,CORRIENTES,1301,CORRIENTES AV. 1301,San Nicolas,1
-58.40294336129949,-34.5920353960746,1860,OVIEDO,RESTAURANTE,ESPANOLA,MODERNO,4827 3741,lunes a domingo de 12 a 16 y de 20 a 00,BERUTI,2602,BERUTI 2602,Recoleta,2
-58.4311116839019,-34.5809539949106,361,OVIEDO,RESTAURANTE,INTERNACIONAL,CLASICO PORTENO,4776 7693,,GUATEMALA,5501,GUATEMALA 5501,Palermo,14
-58.3753621086916,-34.5988587131616,2418,OYE PEDRO,RESTAURANTE,MEXICANA,MODERNO,555 5114,lunes a domingo de 10 a 22.30,FLORIDA,787,FLORIDA 787,San Nicolas,1
-58.4348856182977,-34.5892533292568,363,PABELLON,RESTAURANTE,AFRODISIACA,MODERNO,4772 8745,,URIARTE,1332,URIARTE 1332,Palermo,14
-58.40358151357179,-34.5983247263359,1861,PABLO,RESTAURANTE,MINUTAS,CLASICO PORTENO,4961 0552,,PUEYRREDON AV,1015,PUEYRREDON AV. 1015,Recoleta,2
-58.4163025862787,-34.6391246745171,1492,PABLO'S,RESTAURANTE,PIZZERIA,MODERNO,4923 0182,,CASEROS,3602,CASEROS AV. 3602,Nueva Pompeya,4
-58.37974669556679,-34.5994511070466,2420,PACHA,RESTAURANTE,TRADICIONAL,CLASICO PORTENO,4326 2899,,SUIPACHA,766,SUIPACHA 766,San Nicolas,1
-58.3703505033203,-34.6045925013455,2421,PACHIN,RESTAURANTE,,,4331 2755,,ALEM LEANDRO N.,266,"ALEM, LEANDRO N. AV. 266",San Nicolas,1
-58.43602861723929,-34.5844435548706,362,PACIFICO,RESTAURANTE,MEDITERRANEA,DISENO,4776 0205,,HONDURAS,5564,HONDURAS 5564,Palermo,14
-58.3850580891315,-34.60590792218839,2422,PACO'S,RESTAURANTE,MINUTAS,,4373 2119,lunes a viernes de 7 a 21,TALCAHUANO,236,TALCAHUANO 236,San Nicolas,1
-58.40053073591091,-34.5903197439596,1862,PACUS,RESTAURANTE,MINUTAS,MODERNO,4824 2203,lunes a sabado de 6 a 00,PUEYRREDON AV,1790,PUEYRREDON AV. 1790,Recoleta,2
-58.4279484688506,-34.5913062401521,364,PALADAR,RESTAURANTE,PARRILLA,RUSTICA,4833 5885,martes a sabado de 10 al cierre - domingo y lunes de 10 a 17,MALABIA,1510,MALABIA 1510,Palermo,14
-58.4250084091594,-34.5785471400872,365,PALERMO,RESTAURANTE,INTERNACIONAL,CLASICO PORTENO,4773 7951,,SANTA FE,4599,SANTA FE AV. 4599,Palermo,14
-58.4237182626633,-34.5828251801284,366,PALERMO VIEJO,RESTAURANTE,,,,,THAMES,2319,THAMES 2319,Palermo,14
-58.4239780029728,-34.5771986075785,367,PALO MARIA,RESTAURANTE,TRADICIONAL,MODERNO,4778 1537,,GODOY CRUZ,2850,GODOY CRUZ 2850,Palermo,14
-58.43149848220489,-34.5878027398173,369,PAMPA,RESTAURANTE,REGIONAL,ANTIGUO,4832 6487,lunes a domingo de 10 al cierre,HONDURAS,5143,HONDURAS 5143,Palermo,14
-58.4003472920357,-34.5903981749178,1863,PAN & ANTOJOS,RESTAURANTE,TRADICIONAL,MODERNO,4825 8423,,PUEYRREDON AV,1799,PUEYRREDON AV. 1799,Recoleta,2
-58.3776351033931,-34.6293208261903,931,PANCHOS 95,CAFE,FAST FOOD,CLASICO PORTENO,,,MONTES DE OCA MANUEL,95,"MONTES DE OCA, MANUEL 95",Barracas,4
-58.376930944894,-34.6023153047437,2423,PANCHO T,RESTAURANTE,INTERNACIONAL,,4422 6967,,LAVALLE,717,LAVALLE 717,San Nicolas,1
-58.3936249720034,-34.5889216086894,1864,PANE E VINO,RESTAURANTE,MEDITERRANEA,ITALIANA,4801 7666,,LOPEZ VICENTE,2036,"LOPEZ, VICENTE 2036",Recoleta,2
-58.4055484388684,-34.5936795828403,1865,PANES Y DELICIAS,RESTAURANTE,MINUTAS,MODERNO,4821 2923,lunes a domingo de 7.30 a 21,ANCHORENA TOMAS M. DE DR,1372,"ANCHORENA, TOMAS MANUEL DE, DR. 1372",Recoleta,2
-58.4016031402742,-34.5961719279133,1867,PANINI,CAFE,MINUTAS,MODERNO,4822 7457,,LARREA,1010,LARREA 1010,Recoleta,2
-58.3862919079398,-34.5865965573642,1866,PANINI,RESTAURANTE,MINUTAS,MODERNO,4807 4100,,DEL LIBERTADOR,1002,DEL LIBERTADOR AV. 1002,Recoleta,2
-58.4057821555529,-34.5801186247759,368,PANINI CAFE,RESTAURANTE,,,4800 1210,,BULNES,2776,BULNES 2776,Palermo,14
-58.3887701541432,-34.5852809887919,2027,PAN Y ANTOJOS,RESTAURANTE,TRADICIONAL,MODERNO,4813 1074,,DEL LIBERTADOR,1256,DEL LIBERTADOR AV. 1256,Recoleta,2
-58.412272579361,-34.582709650534,370,PAPINI,CAFE,MINUTAS,MODERNO,4807 1354,,SCALABRINI ORTIZ RAUL,2890,"SCALABRINI ORTIZ, RAUL 2890",Palermo,14
-58.3898365451981,-34.6340920334661,930,PAPITO,RESTAURANTE,MINUTAS,CLASICO PORTENO,,,CASEROS,1968,CASEROS AV. 1968,Barracas,4
-58.3946380345869,-34.5883750236617,1868,PAPONA,CAFE,MINUTAS,MODERNO,4809 0556,,LOPEZ VICENTE,2134,"LOPEZ, VICENTE 2134",Recoleta,2
-58.37166534390779,-34.620246816631,2612,PAPPA DEUS,RESTAURANTE,FUSION,CLASICO PORTENO,4361 2110,,BETHLEM,423,BETHLEM 423,San Telmo,1
-58.4052858014359,-34.5872576524679,1869,PAPRIKA,RESTAURANTE,MINUTAS,MODERNO,4807 5077,,FRENCH,2999,FRENCH 2999,Recoleta,2
-58.3908713120593,-34.6306781577312,1582,PARADA I,RESTAURANTE,MINUTAS,MODERNO,4305 5243,,ENTRE RIOS,1901,ENTRE RIOS AV. 1901,Parque Patricios,4
-58.4052260103265,-34.5917315185654,1870,PARADISO,RESTAURANTE,MINUTAS,MODERNO,4829 0089,lunes a sabado de 7 a 20,ARENALES,2802,ARENALES 2802,Recoleta,2
-58.39431708155371,-34.5938920958327,1871,PARADOR NORTE,RESTAURANTE,,,4814 5444,,RIOBAMBA,1295,RIOBAMBA 1295,Recoleta,2
-58.4278556299435,-34.594041625595,371,PARAISO,CAFE,PARRILLA,RUSTICA,,lunes a viernes de 12 a 16,ARAOZ,1227,ARAOZ 1227,Palermo,14
-58.38800580056729,-34.6015420127019,2428,PARANA,RESTAURANTE,INTERNACIONAL,,4371 4546,,PARANA,607,PARANA 607,San Nicolas,1
-58.38132533914761,-34.5967793727564,2424,PARISIEN,RESTAURANTE,MINUTAS,CLASICO PORTENO,4325 2126,,PELLEGRINI CARLOS,999,"PELLEGRINI, CARLOS 999",Retiro,1
-58.3986854786686,-34.5964145303851,1872,PARKING,RESTAURANTE,INTERNACIONAL,,,,URIBURU,1037,"URIBURU JOSE E., Pres. 1037",Recoleta,2
-58.37584954722961,-34.6327492075116,932,PARODI II,RESTAURANTE,MINUTAS,CLASICO PORTENO,,,MONTES DE OCA MANUEL,368,"MONTES DE OCA, MANUEL 368",Barracas,4
-58.421984342104,-34.5827169214916,372,PARRI BURGER,RESTAURANTE,FAST FOOD,MODERNO,4772 8445,,GUEMES,4403,GUEMES 4403,Palermo,14
-58.3922852870664,-34.5995204721556,1873,PARRILLA CORDOBA,RESTAURANTE,TRADICIONAL,CLASICO PORTENO,5811 0294,,CORDOBA,1751,CORDOBA AV. 1751,Recoleta,2
-58.4327951858337,-34.5741903520854,374,PARRILLA DON ROGELIO,RESTAURANTE,PARRILLA,CLASICO PORTENO,4771 6800,,DORREGO,2720,DORREGO AV. 2720,Palermo,14
-58.4313779706095,-34.5719794668434,373,PARRILLA EL PRIMO,RESTAURANTE,PARRILLA,CLASICO PORTENO,4775 0150,,BAEZ,302,BAEZ 302,Palermo,14
-58.391244563366,-34.618049119007,1458,PARRILLA INDEPENDENCIA,RESTAURANTE,INTERNACIONAL,MODERNO,4381 4528,,INDEPENDENCIA,1789,INDEPENDENCIA AV. 1789,Monserrat,1
-58.3712905321506,-34.61601259569289,2613,PARRILLA LOS GAUCHOS,RESTAURANTE,TRADICIONAL,CLASICO PORTENO,,lunes a sabado de 10 a 20,CHILE,372,CHILE AV. 372,San Telmo,1
-58.3820668568565,-34.611962783381,1457,PARRILLA PATAGONIA,RESTAURANTE,PARRILLA,CLASICO PORTENO,4383 2943,,MORENO,1110,MORENO 1110,Monserrat,1
-58.3890410848841,-34.5907055211215,1874,PASADINA,RESTAURANTE,MINUTAS,CLASICO PORTENO,4815 0545,lunes a sabado de 7 a 21,GUIDO,1705,GUIDO 1705,Recoleta,2
-58.387103435144,-34.6016241812345,2427,PASTICERIA,RESTAURANTE,TRADICIONAL,MODERNO,4372 5512,,TUCUMAN,1431,TUCUMAN 1431,San Nicolas,1
-58.36181094471371,-34.6402619813972,1259,PATAGONIA SUR,CAFE,PATAGONICA,ANTIGUO,4303 5917,lunes a domingo de 12 a 16 y de 20 a 00,ROCHA,803,ROCHA 803,Boca,4
-58.4105105268958,-34.5809362143279,376,PATA NEGRA,RESTAURANTE,ESPANOLA,ESPANOL,4805 6657,,SCALABRINI ORTIZ RAUL,3096,"SCALABRINI ORTIZ, RAUL 3096",Palermo,14
-58.3854004118563,-34.5969983378288,2028,PATXIM,RESTAURANTE,ESPANOLA,ESPANOL,4813 0164,,ALVEAR MARCELO T. De,1280,"ALVEAR, MARCELO T. De 1280",Retiro,1
-58.3767475137204,-34.6020664655568,2425,PATY LIBRE,RESTAURANTE,FAST FOOD,MODERNO,4322 4442,,MAIPU,512,MAIPU 512,San Nicolas,1
-58.37562772947829,-34.6045660095681,2426,PAUCIN,RESTAURANTE,INTERNACIONAL,,4325 2280,,SARMIENTO,635,SARMIENTO 635,San Nicolas,1
-58.4323538367885,-34.5872054372739,378,PECARA S,RESTAURANTE,DE AUTOR,,4831 1112,martes a sabado de 20 al cierre,HONDURAS,5237,HONDURAS 5237,Palermo,14
-58.38936066514971,-34.5888849845411,1875,PECK,CAFE,MINUTAS,CLASICO PORTENO,,,QUINTANA MANUEL PRES.,430,"QUINTANA, MANUEL, PRES. AV. 430",Recoleta,2
-58.3799089482687,-34.5990599562829,2429,PEGASUS,BAR,MINUTAS,MODERNO,4328 7393,lunes a viernes de 7 a 19,CORDOBA,906,CORDOBA AV. 906,San Nicolas,1
-58.3888085872474,-34.6029032898401,2430,PENSO CAFE,BAR,MINUTAS,MODERNO,4811 4884,,LAVALLE,1557,LAVALLE 1557,San Nicolas,1
-58.42779874851421,-34.5888857102458,379,PEPA,RESTAURANTE,DE AUTOR,MODERNO,4833 5745,,EL SALVADOR,4757,EL SALVADOR 4757,Palermo,14
-58.3791125260392,-34.60247839303199,2431,PEPERONE,RESTAURANTE,PORTENA,CLASICO PORTENO,4322 5037,lunes a domingo de 11 a 3,LAVALLE,876,LAVALLE 876,San Nicolas,1
-58.37388936801111,-34.601853069098,2433,PEPIN EXPRESS,RESTAURANTE,MINUTAS,MODERNO,4326 7344,,SAN MARTIN,521,SAN MARTIN 521,San Nicolas,1
-58.4017240858211,-34.5820553648447,380,PERICA,RESTAURANTE,FAST FOOD,MODERNO,4802 4907,,DEL LIBERTADOR,2004,DEL LIBERTADOR AV. 2004,Palermo,14
-58.40974907748861,-34.5811848869386,382,PERSICCO,RESTAURANTE,TRADICIONAL,MODERNO,4808 0888,,SALGUERO JERONIMO,2591,"SALGUERO, JERONIMO 2591",Palermo,14
-58.4023078816468,-34.594121401201,1877,PETIT BON,CAFE,MINUTAS,MODERNO,4821 5987,lunes a sabado de 6.30 a 23,PUEYRREDON AV,1418,PUEYRREDON AV. 1418,Recoleta,2
-58.3808745782427,-34.6044816594942,2432,PETIT CAFE,RESTAURANTE,MINUTAS,CLASICO PORTENO,4326 8144,,PELLEGRINI CARLOS,341,"PELLEGRINI, CARLOS 341",San Nicolas,1
-58.3929617937147,-34.5937106435155,1876,PETIT CALLAO,RESTAURANTE,INTERNACIONAL,CLASICO PORTENO,4811 9232,lunes a sabado de 7 a 23,CALLAO,1301,CALLAO AV. 1301,Recoleta,2
-58.3841977294611,-34.5974301521132,2031,PETIT PLAZA,CAFE,INTERNACIONAL,CLASICO PORTENO,4816 0943,lunes a domingo de 7 a 20,LIBERTAD,956,LIBERTAD 956,Retiro,1
-58.4108173779111,-34.5949252335863,1879,PETIT VICTORIA,RESTAURANTE,MINUTAS,MODERNO,4963 4960,lunes a viernes de 7 a 20,GALLO,1309,GALLO 1309,Recoleta,2
-58.3916957643116,-34.5996544397621,2434,PETRO,RESTAURANTE,MINUTAS,ANTIGUO,4812 8743,lunes a viernes de 6.30 a 21,CORDOBA,1702,CORDOBA AV. 1702,San Nicolas,1
-58.37961576886021,-34.6024119387433,2435,PETTY BAR,BAR,MINUTAS,CLASICO PORTENO,4322 1521,lunes a viernes de 4.30 a 2 - sabado y domingo de 1 a 00,LAVALLE,901,LAVALLE 901,San Nicolas,1
-58.393387647882,-34.5963229158819,1880,PIACERE,RESTAURANTE,ITALIANA,MODERNO,4812 1122,,CALLAO,1074,CALLAO AV. 1074,Recoleta,2
-58.43544597384849,-34.5816947879688,385,PICAS,RESTAURANTE,TAPAS,RUSTICA,4776 5835,,BONPLAND,1920,BONPLAND 1920,Palermo,14
-58.3575479567814,-34.6346570555333,1242,PICCOLO VAPORE,RESTAURANTE,TRADICIONAL,,4301 4455,viernes y sabado de 21 al cierre,NECOCHEA,1190,NECOCHEA 1190,Boca,4
-58.3978805144613,-34.5915923773388,1881,PICHI HUASI,RESTAURANTE,,,4306 7694,,FRENCH,2281,FRENCH 2281,Recoleta,2
-58.3821797544875,-34.5899145423284,1882,PIEGARI PARRILLA,RESTAURANTE,PARRILLA,MEDITERRANEO,4328-4104,,POSADAS,1089,POSADAS 1089,Retiro,1
-58.38188442340861,-34.5902016594002,1883,PIEGARI RISTORANTE,RESTAURANTE,ITALIANA,ELEGANTE,4326-9430,,POSADAS,1042,POSADAS 1042,Retiro,1
-58.4177453710563,-34.5888740987897,387,PINUT,RESTAURANTE,MINUTAS,MODERNO,4822 0888,lunes a domingo de 7.30 a 12.30,MANSILLA LUCIO NORBERTO GRAL.,3892,"MANSILLA, LUCIO NORBERTO, GENERAL 3892",Palermo,14
-58.3868180376364,-34.5983026318696,2029,PIOCERY,CAFE,INTERNACIONAL,MODERNO,4812 3319,lunes a viernes de 8 a 22 - sabado de 6.30 a 15,PARAGUAY,1398,PARAGUAY 1398,Retiro,1
-58.3843098623471,-34.5959551569044,2032,PIOLA,RESTAURANTE,ITALIANA,EIGHTIES,4812 0690,,LIBERTAD,1078,LIBERTAD 1078,Retiro,1
-58.39121431018661,-34.5912709051372,1884,PIPAS,CAFE,TRADICIONAL,CLASICO PORTENO,4812 0777,lunes a viernes de 7 a 20,CALLAO,1569,CALLAO AV. 1569,Recoleta,2
-58.3879478061064,-34.6046798627372,2437,PIPPO 3,BAR,INTERNACIONAL,CLASICO PORTENO,4374 0365,,PARANA,356,PARANA 356,San Nicolas,1
-58.4098762877935,-34.5980068781625,1885,PIRIAPOLIS CAFE,CAFE,SANDWICHERIA,MODERNO,5778 0775,lunes a domingo de 7 a 1,CORDOBA,3051,CORDOBA AV. 3051,Recoleta,2
-58.4044131800014,-34.5937894512181,1886,PIU ARTESANAL,CAFE,SANDWICHERIA,MODERNO,4824 8282,,SANTA FE,2646,SANTA FE AV. 2646,Recoleta,2
-58.37549785162989,-34.6235260262213,2615,PIZZA 3,RESTAURANTE,PIZZERIA,,,,CHACABUCO,1314,CHACABUCO 1314,San Telmo,1
-58.4355440432497,-34.5848223718327,386,PIZZA AL CORTE,RESTAURANTE,,,4771 2480,,HONDURAS,5504,HONDURAS 5504,Palermo,14
-58.3880989701506,-34.6350261281487,933,PIZZA CAFE LA ESQUINA,RESTAURANTE,MINUTAS,COLONIAL,4304 5560,,FINOCHIETTO ENRIQUE DR.,1701,FINOCHIETTO ENRIQUE DR. 1701,Barracas,4
-58.3860335008881,-34.6064469302675,2441,"PIZZA, CAFE Y CULTURA",RESTAURANTE,REGIONAL,CLASICO PORTENO,4371 6466,,PERON JUAN DOMINGO TTE.,1382,"PERON, JUAN DOMINGO, TTE. GENERAL 1382",San Nicolas,1
-58.4303364926668,-34.6414217466453,1494,PIZZA CHOP,RESTAURANTE,PIZZERIA,CLASICO PORTENO,4925 3815,,COBO,1030,COBO AV. 1030,Nueva Pompeya,4
-58.4043890130344,-34.5894485099279,1887,PIZZA & ESPUMA,CAFE,MINUTAS,MODERNO,4829 1554,lunes a domingo de 9 a 1,JUNCAL,2701,JUNCAL 2701,Recoleta,2
-58.3750252402059,-34.6061256894968,2436,PIZZA JET,RESTAURANTE,PIZZERIA,,4342 8194,,FLORIDA,165,FLORIDA 165,San Nicolas,1
-58.3897753039362,-34.605437500205,2438,PIZZA MASS,RESTAURANTE,TRADICIONAL,MODERNO,4373 7753,lunes a domingo de 8 a 00,SARMIENTO,1601,SARMIENTO 1601,San Nicolas,1
-58.38018104059,-34.6187910522218,1117,PIZZA NARANJA,RESTAURANTE,,,4362 7105,,IRIGOYEN BERNARDO de,920,"IRIGOYEN, BERNARDO de 920",Constitucion,1
-58.3786766789795,-34.6024555254589,2439,PIZZA PACK,RESTAURANTE,INTERNACIONAL,,4322 1846,,LAVALLE,836,LAVALLE 836,San Nicolas,1
-58.4342591305601,-34.5757801152212,388,PIZZA PET,RESTAURANTE,PIZZERIA,MEDITERRANEO,4771 2646,,SANTA FE,5288,SANTA FE AV. 5288,Palermo,14
-58.4069834281671,-34.5830987814799,390,PIZZA PLAZA,RESTAURANTE,TRADICIONAL,CLASICO PORTENO,4802 7810,,LAS HERAS GRAL.,3293,LAS HERAS GENERAL AV. 3293,Palermo,14
-58.42016418359029,-34.5858280467742,389,PIZZA QUE?,RESTAURANTE,PIZZERIA,,4833 3165,,CHARCAS,4037,CHARCAS 4037,Palermo,14
-58.40411611491,-34.5756455577813,391,PIZZA TRACY,RESTAURANTE,FAST FOOD,MODERNO,,,SALGUERO JERONIMO,3172,"SALGUERO, JERONIMO 3172",Palermo,14
-58.3842527084363,-34.5891370804724,1888,PIZZA TRACY,RESTAURANTE,FAST FOOD,,4815 3657,,POSADAS,1245,POSADAS 1245,Retiro,1
-58.4019208396179,-34.6320440512977,1583,PIZZERIA CANCHA,RESTAURANTE,PIZZERIA,MODERNO,4942 0129,,BRASIL,2699,BRASIL 2699,Parque Patricios,4
-58.39073780877379,-34.6091188333002,2440,PIZZERIA CONGRESO,RESTAURANTE,INTERNACIONAL,,4383 0332,,RIVADAVIA AV,1715,RIVADAVIA AV. 1715,San Nicolas,1
-58.407691571574,-34.5950166244507,1889,PIZZERIA EL SOL,CAFE,SANDWICHERIA,CLASICO PORTENO,4821 6475,lunes a viernes de 7 a 21,MANSILLA LUCIO NORBERTO GRAL.,2899,"MANSILLA, LUCIO NORBERTO, GENERAL 2899",Recoleta,2
-58.3621514355178,-34.6356687306578,1260,PIZZERIA LA NUEVA,RESTAURANTE,PIZZERIA,,,,BRANDSEN,600,BRANDSEN 600,Boca,4
-58.4133947535319,-34.5978577319762,1891,PIZZERIA LOS COCOS,CAFE,MINUTAS,CLASICO PORTENO,4963 0457,lunes a domingo de 6 a 00,CORDOBA,3303,CORDOBA AV. 3303,Recoleta,2
-58.37148682485,-34.6185138523231,2614,PIZZERIA MI TIO,RESTAURANTE,INTERNACIONAL,,,,ESTADOS UNIDOS,400,ESTADOS UNIDOS 400,San Telmo,1
-58.3793544110439,-34.60009519199311,2442,PLACES,RESTAURANTE,MINUTAS,CLASICO PORTENO,4393 8038,lunes a viernes de 7 a 21 - sabado de 8 a 14,VIAMONTE,879,VIAMONTE 879,San Nicolas,1
-58.3828429715497,-34.6253201070436,1120,PLAZA,RESTAURANTE,,,,,SALTA,1456,SALTA 1456,Constitucion,1
-58.36913592436339,-34.602522593563,2443,PLAZA DE LAS CARRETAS,RESTAURANTE,INTERNACIONAL,CLASICO PORTENO,4361 6144,lunes a viernes de 8 a 17,BOUCHARD,452,BOUCHARD 452,San Nicolas,1
-58.41339237888329,-34.5869515262229,393,PLAZA DEL CA RMEN,RESTAURANTE,INTERNACIONAL,MODERNO,4778 4500,,SANTA FE,3402,SANTA FE AV. 3402,Palermo,14
-58.41027622436089,-34.5890300242304,392,PLAZA DONNA,RESTAURANTE,MINUTAS,CLASICO PORTENO,4822 0785,,SANTA FE,3202,SANTA FE AV. 3202,Palermo,14
-58.3714946202444,-34.6201853914763,2616,PLAZA DORREGO,RESTAURANTE,SANDWICHERIA,TANGO,4361 0141,,DEFENSA,1093,DEFENSA 1093,San Telmo,1
-58.37139071300489,-34.6205530505306,2617,PLAZA DORREGO BAR,BAR,MINUTAS,CLASICO PORTENO,4361 0141,lunes a domingo de 8 a 5,DEFENSA,1098,DEFENSA 1098,San Telmo,1
-58.37633587949511,-34.5923214897126,2030,PLAZA ITALIA,RESTAURANTE,TRADICIONAL,CLASICO PORTENO,,,DEL LIBERTADOR,176,DEL LIBERTADOR AV. 176,Retiro,1
-58.3858036062417,-34.6144987080324,1459,PLAZA MAYOR,RESTAURANTE,ESPANOLA,ESPANOL,4383 0788,,VENEZUELA,1399,REPUBLICA BOLIVARIANA DE VENEZUELA 1399,Monserrat,1
-58.36981743468679,-34.6005226056033,2445,PLAZA ROMA,RESTAURANTE,INTERNACIONAL,MODERNO,4311 0031,,TUCUMAN,149,TUCUMAN 149,San Nicolas,1
-58.36919734585879,-34.6020315780501,2444,PLAZA ROMA,RESTAURANTE,PORTENA,CLASICO PORTENO,4314 0666,,BOUCHARD,484,BOUCHARD 484,San Nicolas,1
-58.38780815891771,-34.6028465184643,2447,PLUSULTRA,RESTAURANTE,TRADICIONAL,CLASICO PORTENO,4372 1419,lunes a viernes de 7 a 22,LAVALLE,1497,LAVALLE 1497,San Nicolas,1
-58.3726714548312,-34.6020224661398,2446,PLUS ULTRA,RESTAURANTE,MINUTAS,,4393 2336,,LAVALLE,401,LAVALLE 401,San Nicolas,1
-58.3900160894529,-34.5850228016178,2033,PLUS ULTRA,RESTAURANTE,INTERNACIONAL,MODERNO,4814 4750,,DEL LIBERTADOR,1201,DEL LIBERTADOR AV. 1201,Recoleta,2
-58.42677075524649,-34.5890294218569,394,PODEST,RESTAURANTE,SANDWICHERIA,MODERNO,4832 2776,,ARMENIA,1740,ARMENIA 1740,Palermo,14
-58.38073683321809,-34.607045755817,2449,POKER,RESTAURANTE,,,4326 8620,,PELLEGRINI CARLOS,111,"PELLEGRINI, CARLOS 111",San Nicolas,1
-58.38779627229079,-34.604175033721,2448,POLITEAMA,RESTAURANTE,TRADICIONAL,MODERNO,4371 9779,,CORRIENTES,1496,CORRIENTES AV. 1496,San Nicolas,1
-58.4000528930803,-34.5847927908976,1890,POMPEII,RESTAURANTE,MINUTAS,MODERNO,,,LAS HERAS GRAL.,2601,LAS HERAS GENERAL AV. 2601,Recoleta,2
-58.38335688634,-34.6074021514725,2450,POR ELLOS,RESTAURANTE,INTERNACIONAL,,4384 8140,,MITRE BARTOLOME,1189,"MITRE, BARTOLOME 1189",San Nicolas,1
-58.396030078234,-34.5888291036426,1892,POR H O POR B,RESTAURANTE,INTERNACIONAL,,,,AZCUENAGA,1781,AZCUENAGA 1781,Recoleta,2
-58.4168219752401,-34.5956209583577,395,PORTALS,BAR,,,,,BULNES,1400,BULNES 1400,Palermo,14
-58.3906842892021,-34.5995896850388,2451,PORTEAITO,CAFE,TRADICIONAL,MODERNO,4814 1369,lunes a viernes de 7 a 21,CORDOBA,1652,CORDOBA AV. 1652,San Nicolas,1
-58.3711528074001,-34.6054529797508,2453,PORTO FINO,CAFE,TRADICIONAL,CLASICO PORTENO,4342 1672,,PERON JUAN DOMINGO TTE.,302,"PERON, JUAN DOMINGO, TTE. GENERAL 302",San Nicolas,1
-58.373372136808,-34.5961650297475,2035,PORTO PIRATA,RESTAURANTE,INTERNACIONAL,BRITANICA,4314 1233,lunes a domingo de 11 al cierre,ALVEAR MARCELO T. De,401,"ALVEAR, MARCELO T. De 401",Retiro,1
-58.4087799290266,-34.5807233050709,397,PORTO PIZZA,BAR,PIZZERIA,MODERNO,4800 1112,,SALGUERO JERONIMO,2671,"SALGUERO, JERONIMO 2671",Palermo,14
-58.37109230724,-34.6065487682624,2452,PORTO VELBO,CAFE,SANDWICHERIA,CLASICO PORTENO,4342 6150,lunes a viernes de 7 a 19,MITRE BARTOLOME,301,"MITRE, BARTOLOME 301",San Nicolas,1
-58.3863299137734,-34.5880364588846,1893,POSADAS BAR,CAFE,TRADICIONAL,CLASICO PORTENO,4812 0734,lunes a domingo de 8 a 1,POSADAS,1402,POSADAS 1402,Recoleta,2
-58.37166534390779,-34.620246816631,2619,POSEIDON,BAR,MINUTAS,CLASICO PORTENO,4367 7997,,BETHLEM,419,BETHLEM 419,San Telmo,1
-58.43780223518471,-34.5649002375459,396,POSITANO,RESTAURANTE,REGIONAL,ITALIANA,4772 7539,,OLLEROS,1760,OLLEROS AV. 1760,Palermo,14
-58.3911931351565,-34.6256308349882,2088,POSTA GAUCHA,RESTAURANTE,REGIONAL,FOLKLORICO,4884 0045,,ENTRE RIOS,1444,ENTRE RIOS AV. 1444,Constitucion,1
-58.3831640359254,-34.6134454815487,1460,POSTA IV,RESTAURANTE,MINUTAS,CLASICO PORTENO,4384 6467,,SALTA,424,SALTA 424,Monserrat,1
-58.39237858348159,-34.5881396188889,1895,POSTA RECOLETA,CAFE,PARRILLA,RUSTICA,4802 6214,lunes a lunes de 8 a 1,JUNIN,1770,JUNIN 1770,Recoleta,2
-58.39098593130079,-34.63286511402,1586,POZO BAR,RESTAURANTE,MINUTAS,CLASICO PORTENO,4304 4063,,RONDEAU,1878,RONDEAU 1878,Parque Patricios,4
-58.4024132414505,-34.5835494898434,1894,PRAGA,CAFE,MINUTAS,MODERNO,4805 5364,lunes a sabado de 7 a 21,LAS HERAS GRAL.,2912,LAS HERAS GENERAL AV. 2912,Recoleta,2
-58.3861748000845,-34.6135246747087,1463,PRETTY,RESTAURANTE,MINUTAS,MODERNO,4383 7479,,BELGRANO,1402,BELGRANO AV. 1402,Monserrat,1
-58.4040580566087,-34.5952509324295,1896,PRETTY NORT,CAFE,MINUTAS,CLASICO PORTENO,,lunes a sabado de 6 a 21,CHARCAS,2599,CHARCAS 2599,Recoleta,2
-58.38429874056111,-34.6145011607554,1461,PRIMER CORTE,RESTAURANTE,INTERNACIONAL,MODERNO,4381 9158,,VENEZUELA,1290,REPUBLICA BOLIVARIANA DE VENEZUELA 1290,Monserrat,1
-58.39472747420871,-34.5970974308545,1898,PRIMER EURO,CAFE,INTERNACIONAL,CLASICO PORTENO,4815 0727,,RIOBAMBA,1019,RIOBAMBA 1019,Recoleta,2
-58.40561825315621,-34.5870285065505,1900,PRIMI PIATTI,RESTAURANTE,ITALIANA,MODERNO,4809 3439,,FRENCH,3015,FRENCH 3015,Recoleta,2
-58.3724939553246,-34.62067824154339,2618,PRIMO HUMBERTO,RESTAURANTE,PARRILLA,FOLKLORICO,4300 8621,lunes a domingo de 10 al cierre,HUMBERTO 1o,475,HUMBERTO 1o 475,San Telmo,1
-58.4049284417905,-34.5918582151607,1899,PRONTO CAFE- BAR,CAFE,MINUTAS,CLASICO PORTENO,4821 2685,,ARENALES,2799,ARENALES 2799,Recoleta,2
-58.37507125085261,-34.6052420085132,2455,PRONTO PIZZA,RESTAURANTE,PIZZERIA,MODERNO,,lunes a sabado de 11 a 23,FLORIDA,233,FLORIDA 233,San Nicolas,1
-58.3752576861829,-34.60131067577689,2454,PRONTO PIZZA,RESTAURANTE,PIZZERIA,MODERNO,4328 2566,,FLORIDA,577,FLORIDA 577,San Nicolas,1
-58.4028526159725,-34.5956247519794,1901,PROPIZIO,CAFE,MINUTAS,MODERNO,4824 7800,lunes a domingo de 6.30 a 2,PUEYRREDON AV,1306,PUEYRREDON AV. 1306,Recoleta,2
-58.4020046271134,-34.5976602342015,1902,PROVENCE,CAFE,MINUTAS,MODERNO,4966 2100,,LARREA,909,LARREA 909,Recoleta,2
-58.4317990500695,-34.5890735835703,398,PUBLICO,RESTAURANTE,MEDITERRANEA,MODERNO,4834 63229,,GORRITI,5054,GORRITI 5054,Palermo,14
-58.36633751941339,-34.6098695557035,1624,PUERTO CRISTAL,RESTAURANTE,INTERNACIONAL,,4315 6260,lunes a domingo mediodia y noche,MOREAU DE JUSTO ALICIA,1082,"MOREAU DE JUSTO, ALICIA AV. 1082",Puerto Madero,1
-58.3823338978795,-34.6084607068213,2457,PUERTO LEYENDA,RESTAURANTE,INTERNACIONAL,,,,RIVADAVIA AV,1123,RIVADAVIA AV. 1123,San Nicolas,1
-58.3670219552882,-34.6192443249684,2620,PUERTO LUNA,RESTAURANTE,MINUTAS,CLASICO PORTENO,4342 4664,,CALVO CARLOS,99,"CALVO, CARLOS 99",San Telmo,1
-58.3610621603016,-34.6410050416381,1262,PUERTO VIEJO,RESTAURANTE,PARRILLA,COLONIAL,4301 0090,,DON PEDRO DE MENDOZA,2103,DON PEDRO DE MENDOZA AV. 2103,Boca,4
-58.3638658197446,-34.6392980409215,1261,PULPERIA LA ARGENTINA,BAR,MINUTAS,FOLKLORICO,,lunes a domingo de 9.30 a 18,ARAOZ DE LAMADRID G. GRAL.,801,"ARAOZ DE LAMADRID, GREGORIO, GRAL. 801",Boca,4
-58.3710976581395,-34.6235730535142,2838,PulperAa QuilapAn,RESTAURANTE,DE AUTOR,HISTORICA,011 4307-6288,martes a domingo de 8 a 00,Defensa,1344,DEFENSA 1344,San Telmo,1
-58.39027062727221,-34.6138063164904,1462,PUNTA CUORE,RESTAURANTE,MINUTAS,MODERNO,4384 8889,,BELGRANO,1700,BELGRANO AV. 1700,Monserrat,1
-58.3896054767832,-34.5996896808015,2459,PUNTA SERENA,RESTAURANTE,TRADICIONAL,MODERNO,4811 3165,,MONTEVIDEO,783,MONTEVIDEO 783,San Nicolas,1
-58.4160368194508,-34.5888825319584,399,PUNTO SUR,CAFE,MINUTAS,CLASICO PORTENO,4821 0687,,CHARCAS,3615,CHARCAS 3615,Palermo,14
-58.43020069535751,-34.5725490211856,400,PYZZADELICA,CAFE,PIZZERIA,MODERNO,4777 0363,,BAEZ,207,BAEZ 207,Palermo,14
-58.3932800008566,-34.594677366277,1904,QUEBEC,RESTAURANTE,,,4815 1979,,CALLAO,1202,CALLAO AV. 1202,Recoleta,2
-58.4012335703827,-34.5922202273367,1903,QUEBEC,CAFE,,,4825 0795,,PUEYRREDON AV,1637,PUEYRREDON AV. 1637,Recoleta,2
-58.4261883418427,-34.5831026340106,401,QUEBEQ,RESTAURANTE,,,,,PARAGUAY,4683,PARAGUAY 4683,Palermo,14
-58.4320523273274,-34.5715851493784,403,QUENTIN,RESTAURANTE,TRADICIONAL,CLASICO PORTENO,4778 9318,,BAEZ,390,BAEZ 390,Palermo,14
-58.4422393316866,-34.5824716734272,402,QUENTIN,RESTAURANTE,INTERNACIONAL,ANTIGUO,4774 2563,,AREVALO,1502,AREVALO 1502,Palermo,14
-58.39205015938521,-34.606247863065,2460,QUE SE YO,CAFE,MINUTAS,CLASICO PORTENO,4371 9061,,CALLAO,249,CALLAO AV. 249,San Nicolas,1
-58.3919595862184,-34.5953683242688,1905,QUESO Y CRUDO,RESTAURANTE,MEDITERRANEA,CLASICO PORTENO,4811 2635,lunes a domingo de 9 a 3,RODRIGUEZ PEAA,1169,RODRIGUEZ PEAA 1169,Recoleta,2
-58.3945126716031,-34.5950115013881,1906,QUIERO MAS,RESTAURANTE,,,4812 4031,,RIOBAMBA,1177,RIOBAMBA 1177,Recoleta,2
-58.3822347325982,-34.6090314428863,1464,QUIJOTE PIZZA CAFE,RESTAURANTE,PIZZERIA,MODERNO,4383 7583,,DE MAYO,1101,DE MAYO AV. 1101,Monserrat,1
-58.4084022959894,-34.5868279352047,404,QUILATE,RESTAURANTE,,,4827 0578,,DIAZ CNEL.,2189,"DIAZ, CNEL. AV. 2189",Recoleta,2
-58.3794541647546,-34.6043190331108,2462,QUINTA AVENIDA II,CAFE,MINUTAS,CLASICO PORTENO,4326 0295,lunes a viernes de 7 a 19.30,SUIPACHA,348,SUIPACHA 348,San Nicolas,1
-58.37238244842339,-34.6038387771738,2461,RABBIT,RESTAURANTE,FAST FOOD,MODERNO,4325 5505,,RECONQUISTA,349,RECONQUISTA 349,San Nicolas,1
-58.3843691246466,-34.5924962191046,2036,RABELAIS,RESTAURANTE,FRANCESA,FRANCES,4515 0640,,LIBERTAD,1319,LIBERTAD 1319,Retiro,1
-58.3924437661122,-34.5844014142389,2034,RABELAIS,RESTAURANTE,FRANCESA,FRANCES,4515 0640,,DEL LIBERTADOR,1319,DEL LIBERTADOR AV. 1319,Recoleta,2
-58.3872770064266,-34.5911361576933,2037,RAMIRO,RESTAURANTE,ITALIANA,RUSTICA,4511 4444,lunes a domingo de 12 a 00,MONTEVIDEO,1655,MONTEVIDEO 1655,Retiro,1
-58.42460044313211,-34.5956116630185,405,RASTRO,BAR,MINUTAS,COLONIAL,,lunes a viernes de 10 a 19,CABRERA JOSE A.,4199,"CABRERA, JOSE A. 4199",Palermo,14
-58.4317828893475,-34.58908396475,407,RAVE,BAR,INTERNACIONAL,MODERNO,4833 7832,,GORRITI,5052,GORRITI 5052,Palermo,14
-58.43953619315929,-34.5816938022738,406,RAVELLO,RESTAURANTE,INTERNACIONAL,MODERNO,4770 9400,,HONDURAS,5906,HONDURAS 5906,Palermo,14
-58.3877611357326,-34.5881754106129,1907,RECCO. COFFEE & BEER,RESTAURANTE,,,4813 5579,,CALLAO,1953,CALLAO AV. 1953,Recoleta,2
-58.37660121183779,-34.601090946697,2463,RED,RESTAURANTE,INTERNACIONAL,CLASICO PORTENO,4394 2962,lunes a domingo de 6 a 22.30,TUCUMAN,693,TUCUMAN 693,San Nicolas,1
-58.4338913832695,-34.5788816045184,409,REGGIO,RESTAURANTE,MINUTAS,CLASICO PORTENO,4774 5656,,GUATEMALA,5798,GUATEMALA 5798,Palermo,14
-58.423974235792,-34.575744680358,411,REGIO,RESTAURANTE,MINUTAS,CLASICO PORTENO,4775 9293,,SINCLAIR,2934,SINCLAIR 2934,Palermo,14
-58.3816250312431,-34.6175963981252,1465,RELAX,RESTAURANTE,MINUTAS,MODERNO,4383 6505,,INDEPENDENCIA AV,1101,INDEPENDENCIA AV. 1101,Monserrat,1
-58.3651125198526,-34.6226822576465,1625,RENATINO RISTORANTE,RESTAURANTE,ITALIANA,ELEGANTE,4315 2481,,MOREAU DE JUSTO ALICIA,1760,"MOREAU DE JUSTO, ALICIA AV. 1760",Puerto Madero,1
-58.38772366795821,-34.60067040608639,2464,RESTAURANT CASA CHINA,RESTAURANTE,INTERNACIONAL,,4371 1352,,VIAMONTE,1476,VIAMONTE 1476,San Nicolas,1
-58.39407729303571,-34.5916992017791,1908,RESTAURANT DEL CLUB SIRIO,RESTAURANTE,,,4806 5764,,PACHECO DE MELO JOSE ANDRES,1902,"PACHECO DE MELO, JOSE ANDRES 1902",Recoleta,2
-58.3944896021305,-34.5889786097437,1909,RESTAURANT EL RINCON,RESTAURANTE,ESPANOLA,ANTIGUO,4803 8273,,URIBURU,1759,"URIBURU JOSE E., Pres. 1759",Recoleta,2
-58.378180013605,-34.6018322087903,2466,RESTAURANT VICTORIA,RESTAURANTE,INTERNACIONAL,CLASICO PORTENO,4326 6076,lunes a domingo de 12 a 15 y de 20 a 23,ESMERALDA,542,ESMERALDA 542,San Nicolas,1
-58.3897819332606,-34.5980013613353,1910,RESTO,RESTAURANTE,DE AUTOR,,4816 6711,lunes a miercoles de 12 a 15 - jueves a domingo de 20 a 00,MONTEVIDEO,938,MONTEVIDEO 938,Recoleta,2
-58.43573786851971,-34.5845289330792,410,RESTODANTE,RESTAURANTE,INTERNACIONAL,RUSTICA,4899 0930,,HONDURAS,5535,HONDURAS 5535,Palermo,14
-58.413535678858,-34.59081652965,412,RESTOURANT PASO,RESTAURANTE,,,,,CHARCAS,3382,CHARCAS 3382,Palermo,14
-58.3747191054467,-34.61200264420511,1466,REY CASTRO,RESTAURANTE,CUBANA,CUBANA,,,PERU,342,PERU 342,Monserrat,1
-58.3796961286994,-34.6024161525638,2465,REY DEL SABOR,RESTAURANTE,FAST FOOD,MODERNO,,lunes a viernes de 7.30 a 6 - sabado y domingo de 10 a 6,LAVALLE,909,LAVALLE 909,San Nicolas,1
-58.37801993292089,-34.5976070349935,2038,RIALTO,RESTAURANTE,TRADICIONAL,CLASICO PORTENO,4311 2213,,PARAGUAY,789,PARAGUAY 789,Retiro,1
-58.3714969152972,-34.598686093719,2467,RIALTO II,RESTAURANTE,SANDWICHERIA,CLASICO PORTENO,4313 0897,lunes a viernes de 7.30 a 18.30,25 DE MAYO,784,25 DE MAYO 784,San Nicolas,1
-58.373973678845,-34.60072602221781,2468,RIATTO,CAFE,MINUTAS,CLASICO PORTENO,4314 7794,lunes a domingo de 7.30 a 18.30,SAN MARTIN,621,SAN MARTIN 621,San Nicolas,1
-58.3630326371557,-34.6370401907098,1263,RIBERA SUR,BAR,MINUTAS,CLASICO PORTENO,4302 2445,lunes a sabado de 9 a 22.30,SUAREZ,694,SUAREZ 694,Boca,4
-58.4154213471674,-34.5872685161849,413,RICHARD'S,BAR,MINUTAS,CLASICO PORTENO,4821 6188,,ALVAREZ JULIAN,2409,"ALVAREZ, JULIAN 2409",Palermo,14
-58.3753042439956,-34.6026069056673,2469,RICHMOND,CAFE,INTERNACIONAL,CLASICO PORTENO,4322 1653,,FLORIDA,466,FLORIDA 466,San Nicolas,1
-58.3920842471978,-34.5942011742958,1911,RIGOLETTO,RESTAURANTE,ITALIANA,CLASICO PORTENO,4814 4777,lunes a viernes de 7.30 a 3,RODRIGUEZ PEAA,1291,RODRIGUEZ PEAA 1291,Recoleta,2
-58.43571306055259,-34.5801608555702,415,RINCON SALTEAO,BAR,REGIONAL,RUSTICA,4775 9777,lunes a domingo de 12 a 16 y de 20 al cierre,CARRANZA ANGEL JUSTINIANO,1996,"CARRANZA, ANGEL JUSTINIANO 1996",Palermo,14
-58.3831047288983,-34.6144596043395,1468,RIN Y SON SOCIAL CLUB,RESTAURANTE,CUBANA,MODERNO,4382 3427,,SALTA,508,SALTA 508,Monserrat,1
-58.4209801261536,-34.5759181371736,414,RIO ALBA,RESTAURANTE,TRADICIONAL,CLASICO PORTENO,4773 5748,,CERVIAO AV,4499,CERVIAO AV. 4499,Palermo,14
-58.3946207614027,-34.5985564636828,1912,RIOBAMBA,CAFE,,,4813 7451,,RIOBAMBA,902,RIOBAMBA 902,Recoleta,2
-58.3881221862809,-34.6065246266209,2470,RIO PRIMERO,BAR,MINUTAS,CLASICO PORTENO,,lunes a viernes de 7 a 20,PERON JUAN DOMINGO TTE.,1517,"PERON, JUAN DOMINGO, TTE. GENERAL 1517",San Nicolas,1
-58.38832484644239,-34.6344800014833,934,RIQUI,RESTAURANTE,,,,,PERDRIEL,59,PERDRIEL 59,Barracas,4
-58.4098928794517,-34.5890886589561,416,RISTRETTO,RESTAURANTE,SANDWICHERIA,MODERNO,4822 4800,,SANTA FE,3199,SANTA FE AV. 3199,Recoleta,2
-58.38166126081511,-34.6155250999471,1467,RISTRETTO BAR,RESTAURANTE,MINUTAS,CLASICO PORTENO,4393 9123,,LIMA,611,LIMA 611,Monserrat,1
-58.3709456583142,-34.6057896832771,2471,ROBIN,BAR,TRADICIONAL,MODERNO,4342 3484,lunes a viernes de 6 a 20,25 DE MAYO,172,25 DE MAYO 172,San Nicolas,1
-58.3846131075821,-34.6075406450255,2472,ROCA,RESTAURANTE,TRADICIONAL,CLASICO PORTENO,4384 7014,,MITRE BARTOLOME,1286,"MITRE, BARTOLOME 1286",San Nicolas,1
-58.3931991064155,-34.5939883885563,1914,RODIZINHO,CAFE,INTERNACIONAL,CLASICO PORTENO,4814 1776,,CALLAO,1292,CALLAO AV. 1292,Recoleta,2
-58.366527836548,-34.6081468547751,1627,RODIZIO MADERO,RESTAURANTE,PARRILLA,MODERNO,4334 3646,,MOREAU DE JUSTO ALICIA,848,"MOREAU DE JUSTO, ALICIA AV. 848",Puerto Madero,1
-58.4071082519872,-34.5782952808357,1516,ROJO Y NEGRO,CAFE,INTERNACIONAL,MODERNO,,,DEL LIBERTADOR,2661,DEL LIBERTADOR AV. 2661,Palermo,14
-58.37437842524079,-34.6207289167043,2621,ROLI,BAR,MINUTAS,MODERNO,4300 2723,lunes a domingo de 7 a 22,HUMBERTO 1o,601,HUMBERTO 1o 601,San Telmo,1
-58.3792396306164,-34.60248506164839,2474,ROMA,RESTAURANTE,PIZZERIA,CLASICO PORTENO,4322 7608,,LAVALLE,888,LAVALLE 888,San Nicolas,1
-58.3943489176994,-34.5885428510293,1915,ROMARIO,RESTAURANTE,PIZZERIA,CLASICO PORTENO,,lunes a domingo de 12 a 16 y de 19 a 1,LOPEZ VICENTE,2102,"LOPEZ, VICENTE 2102",Recoleta,2
-58.4325154329151,-34.5807609860767,418,ROMARIO,RESTAURANTE,,,,,FITZ ROY,2104,FITZ ROY 2104,Palermo,14
-58.3961411129021,-34.5945413962062,1916,ROMARIO,RESTAURANTE,PIZZERIA,,,,ARENALES,2019,ARENALES 2019,Recoleta,2
-58.4117339331682,-34.5804706989541,417,ROMARIO,RESTAURANTE,PIZZERIA,MODERNO,4511 4444,,CABELLO,3700,CABELLO 3700,Palermo,14
-58.4374961413453,-34.5834159668664,419,RONDIZ DE PALERMO,RESTAURANTE,MEDITERRANEA,MEDITERRANEO,15 5003 5619,,BONPLAND,1694,BONPLAND 1694,Palermo,14
-58.39830285637179,-34.5804918647597,420,ROND POINT,RESTAURANTE,MINUTAS,MODERNO,4802 0790,,FIGUEROA ALCORTA PRES.,3009,"FIGUEROA ALCORTA, PRES. AV. 3009",Palermo,14
-58.41929959192921,-34.5915172580776,421,ROOF,RESTAURANTE,MEDITERRANEA,ANTIGUO,4867 5888,lunes de 8.30 a 1 - martes a sabado de 12.30 al cierre,COSTA RICA,4001,COSTA RICA 4001,Palermo,14
-58.3973734713601,-34.5927786436465,1917,ROSSO,RESTAURANTE,INTERNACIONAL,MODERNO,4822 4606,,URIBURU,1305,"URIBURU JOSE E., Pres. 1305",Recoleta,2
-58.3767218705295,-34.6027019584994,2473,ROXY'S,RESTAURANTE,MINUTAS,MODERNO,4328 2210,,MAIPU,470,MAIPU 470,San Nicolas,1
-58.3857303924956,-34.5934053751172,2040,RUCULA RESTO DECO BAR,RESTAURANTE,INTERNACIONAL,DISENO,4811 2679,,TALCAHUANO,1281,TALCAHUANO 1281,Retiro,1
-58.40896015563271,-34.5824918485503,422,RUISEAOR,BAR,TRADICIONAL,CLASICO PORTENO,,,LAS HERAS GRAL.,3499,LAS HERAS GENERAL AV. 3499,Palermo,14
-58.4309129720071,-34.5811125799189,423,RUM PUAM,BAR,,,,,GUATEMALA,5499,GUATEMALA 5499,Palermo,14
-58.40751249887821,-34.5873831011697,1918,RUTA DEL ALBA,RESTAURANTE,MINUTAS,MODERNO,4822 3615,lunes a viernes de 6 a 1,BILLINGHURST,2099,BILLINGHURST 2099,Recoleta,2
-58.3765814483285,-34.6115601083885,1063,SABIS,CAFE,,,,,MORENO,723,MORENO 723,Monserrat,1
-58.3855525690889,-34.5987359884875,2039,SABORES,RESTAURANTE,,,,,TALCAHUANO,850,TALCAHUANO 850,Retiro,1
-58.383229346185,-34.6108865081852,1469,SABORES,RESTAURANTE,,,4383 1925,,ALSINA ADOLFO,1193,"ALSINA, ADOLFO 1193",Monserrat,1
-58.3764810889623,-34.6060529311112,2475,SABORES CASEROS,RESTAURANTE,MINUTAS,MODERNO,4328 4981,,MAIPU,187,MAIPU 187,San Nicolas,1
-58.3834515368481,-34.6120142631433,1471,SABORES COSAS RICAS,RESTAURANTE,,,4383 1923,,MORENO,1207,MORENO 1207,Monserrat,1
-58.3714687915222,-34.5990433106098,2476,SABOT,RESTAURANTE,INTERNACIONAL,CLASICO PORTENO,4313 6587,,25 DE MAYO,756,25 DE MAYO 756,San Nicolas,1
-58.4366313559929,-34.5791409963043,426,SACHA,RESTAURANTE,INTERNACIONAL,,4773 8988,,NICARAGUA,5901,NICARAGUA 5901,Palermo,14
-58.3764192147925,-34.5922671829824,2041,SAFARI,RESTAURANTE,TRADICIONAL,CLASICO PORTENO,4311 4530,,DEL LIBERTADOR,182,DEL LIBERTADOR AV. 182,Retiro,1
-58.42749603134979,-34.5892205884565,425,SAGRADO,RESTAURANTE,DE AUTOR,,4833 5771,,EL SALVADOR,4714,EL SALVADOR 4714,Palermo,14
-58.3926690190733,-34.5889153542493,1919,SAHARA,RESTAURANTE,INTERNACIONAL,INDIA,4801 7544,,JUNIN,1735,JUNIN 1735,Recoleta,2
-58.4013225747289,-34.5837025924503,427,SAINT MARGARET,RESTAURANTE,SANDWICHERIA,CLASICO PORTENO,4802 2161,,LAS HERAS GRAL.,2801,LAS HERAS GENERAL AV. 2801,Palermo,14
-58.3960896822994,-34.6353356282042,1584,SAN ANTONIO,RESTAURANTE,MINUTAS,CLASICO PORTENO,,,CASEROS,2401,CASEROS AV. 2401,Parque Patricios,4
-58.39148575390291,-34.5883948094289,1920,SAN BABILA,RESTAURANTE,ITALIANA,CLASICO PORTENO,4801 9444,,ORTIZ ROBERTO M. Pres.,1815,"ORTIZ, ROBERTO M., Pres. 1815",Recoleta,2
-58.40825519769771,-34.589264394963,1921,SAN CAYETANO,RESTAURANTE,PARRILLA,CLASICO PORTENO,4822 9239,lunes a domingo de 12 a 15 y de 20 a 00,ARENALES,3102,ARENALES 3102,Recoleta,2
-58.37659525006099,-34.5999101730622,2480,SANDWICHERIA SAXO,RESTAURANTE,INTERNACIONAL,CLASICO PORTENO,4326 0044,,VIAMONTE,681,VIAMONTE 681,San Nicolas,1
-58.38590011009979,-34.6248078014018,1118,SAN JOSE,RESTAURANTE,MINUTAS,CLASICO PORTENO,4306 6916,,CONSTITUCION,1402,CONSTITUCION 1402,Constitucion,1
-58.3793101254,-34.605458855015,2478,SAN JOSE,RESTAURANTE,MINUTAS,CLASICO PORTENO,4328 9657,,SUIPACHA,245,SUIPACHA 245,San Nicolas,1
-58.4196342697096,-34.63957892631181,1493,SAN JOSE,RESTAURANTE,PARRILLA,CLASICO PORTENO,,,CASEROS,3902,CASEROS AV. 3902,Nueva Pompeya,4
-58.4008160890605,-34.5979505487362,1922,SAN MARTIN,BAR,MINUTAS,CLASICO PORTENO,4962 4636,,PARAGUAY,2301,PARAGUAY 2301,Recoleta,2
-58.3767705211332,-34.5997642182807,2477,SAN MATEA,RESTAURANTE,PARRILLA,CLASICO PORTENO,,,MAIPU,701,MAIPU 701,San Nicolas,1
-58.3742842249047,-34.6397572887982,935,SAN MIGUEL,RESTAURANTE,PARRILLA,CLASICO PORTENO,4303 4598,,MONTES DE OCA MANUEL,1002,"MONTES DE OCA, MANUEL 1002",Barracas,4
-58.4097125571197,-34.6299397945449,1587,SAN MIGUEL,RESTAURANTE,MINUTAS,CLASICO PORTENO,4912 8690,,GARAY JUAN DE,3196,"GARAY, JUAN DE AV. 3196",Parque Patricios,4
-58.3881986479383,-34.599164497036,1923,SAN NICOLAS,BAR,MINUTAS,CLASICO PORTENO,4815 0735,,PARANA,816,PARANA 816,Recoleta,2
-58.3819413758871,-34.6100676498909,1472,SAN PEDRO,CAFE,MINUTAS,MODERNO,4382 4077,,LIMA,135,LIMA 135,Monserrat,1
-58.37396922498689,-34.601748830016,2482,SANTA CATALINA,RESTAURANTE,INTERNACIONAL,CLASICO PORTENO,4393 3965,,SAN MARTIN,534,SAN MARTIN 534,San Nicolas,1
-58.3847055491159,-34.6086483643423,2481,SANTA CRUZ,RESTAURANTE,TRADICIONAL,,4383 3833,lunes a viernes de 7 a 21,RIVADAVIA AV,1285,RIVADAVIA AV. 1285,San Nicolas,1
-58.3850513752351,-34.60616862103161,2483,SANTA MARINA,RESTAURANTE,SANDWICHERIA,CLASICO PORTENO,4374 8346,lunes a viernes de 8.30 a 23.30,TALCAHUANO,224,TALCAHUANO 224,San Nicolas,1
-58.3713579341891,-34.6219846838622,2623,SAN TELMO NAIF,BAR,MINUTAS,TANGO,4361 7270,,DEFENSA,1201,DEFENSA 1201,San Telmo,1
-58.37434618025561,-34.6198860325601,2622,SAN TELMO PLAZA,RESTAURANTE,INTERNACIONAL,CLASICO PORTENO,,,PERU,1017,PERU 1017,San Telmo,1
-58.43007950880551,-34.5727396063572,428,SANTINO,RESTAURANTE,ITALIANA,CLASICO PORTENO,4779 9060,,BAEZ,196,BAEZ 196,Palermo,14
-58.3709951694604,-34.6049948937382,2479,SAN VILLANUEVA,RESTAURANTE,MINUTAS,CLASICO PORTENO,4342 2473,,25 DE MAYO,238,25 DE MAYO 238,San Nicolas,1
-58.3742019942677,-34.5988769991565,2484,SAPORI,RESTAURANTE,ITALIANA,BRITANICA,4312 8577,,SAN MARTIN,774,SAN MARTIN 774,San Nicolas,1
-58.42881261329221,-34.5869026224908,430,SAPORO SUSHI,RESTAURANTE,SUSHI,RUSTICA,4833 0700,,COSTA RICA,4875,COSTA RICA 4875,Palermo,14
-58.4375027865288,-34.5831501453591,429,SAQQUARA,RESTAURANTE,,,,,HONDURAS,5717,HONDURAS 5717,Palermo,14
-58.4185873763165,-34.5838525086014,431,SATAY,RESTAURANTE,,,4833 6565,,ARMENIA,2475,ARMENIA 2475,Palermo,14
-58.3909081455107,-34.6067448722645,2486,SAVOY,RESTAURANTE,,,4371 9060,,PERON JUAN DOMINGO TTE.,1702,"PERON, JUAN DOMINGO, TTE. GENERAL 1702",San Nicolas,1
-58.3981551904949,-34.5914086440915,1924,SCETTA,RESTAURANTE,,,4804 8833,,FRENCH,2301,FRENCH 2301,Recoleta,2
-58.3786631174798,-34.5990082771807,2485,SCOBIO,RESTAURANTE,MINUTAS,MODERNO,4326 4652,lunes a sabado de 7 a 00,CORDOBA,802,CORDOBA AV. 802,San Nicolas,1
-58.4104828370222,-34.5807484736105,432,SCUZI,RESTAURANTE,TRADICIONAL,MODERNO,4804 2900,,CABELLO,3601,CABELLO 3601,Palermo,14
-58.3780496272276,-34.598976338844,2487,SCUZZI,RESTAURANTE,INTERNACIONAL,MODERNO,4322 9546,lunes a domingo de 7 a 1,CORDOBA,784,CORDOBA AV. 784,San Nicolas,1
-58.3751174040861,-34.6066235089159,2489,SEGAFREDO ESPRESSO,RESTAURANTE,INTERNACIONAL,MODERNO,4327 0002,,FLORIDA,102,FLORIDA 102,San Nicolas,1
-58.43760229145489,-34.5832102974038,433,SEMETRIO,RESTAURANTE,MEDITERRANEA,PSICODELICO,4772 0368,,HONDURAS,5714,HONDURAS 5714,Palermo,14
-58.4107334263224,-34.5909885578809,1925,SENDAS,RESTAURANTE,MINUTAS,MODERNO,4825 3046,lunes a sabado de 12 a 16 y de 19 a 00,BILLINGHURST,1690,BILLINGHURST 1690,Recoleta,2
-58.3757878632417,-34.652691757287,937,SEAOR TANGO,RESTAURANTE,INTERNACIONAL,TANGO,4303 0231,,VIEYTES,1655,VIEYTES 1655,Barracas,4
-58.3753621086916,-34.5988587131616,2488,SENSU,RESTAURANTE,JAPONESA,MODERNO,5555 5103,lunes a domingo de 10 a 22.30,FLORIDA,787,FLORIDA 787,San Nicolas,1
-58.3874733995473,-34.58608874878369,1928,SETTO VOCE,RESTAURANTE,INTERNACIONAL,MODERNO,,,DEL LIBERTADOR,1098,DEL LIBERTADOR AV. 1098,Recoleta,2
-58.3780052620625,-34.6070358158765,2490,SEU CAFE,RESTAURANTE,MINUTAS,MODERNO,4328 8011,lunes a viernes de 6.30 a 20,MITRE BARTOLOME,801,"MITRE, BARTOLOME 801",San Nicolas,1
-58.4394317610567,-34.583305135953,436,SEVEN,RESTAURANTE,INTERNACIONAL,BOHEMIO,4770 9698,,GORRITI,5802,GORRITI 5802,Palermo,14
-58.43067818406011,-34.5910233648067,424,S. F UN LUGAR,RESTAURANTE,MEDITERRANEA,CLASICO PORTENO,4831 1441,,CABRERA JOSE A.,4849,"CABRERA, JOSE A. 4849",Palermo,14
-58.4002339710893,-34.5841391359215,435,SHI YUAN,RESTAURANTE,CHINA,CHINA,4804 0607,,TAGLE,2531,TAGLE 2531,Recoleta,2
-58.4101280135463,-34.5585054126049,437,SIGA LA VACA,RESTAURANTE,,,4781 4704,,OBLIGADO RAFAEL Av. Costanera,3640,"OBLIGADO RAFAEL, Av.Costanera 3640",Palermo,14
-58.36557208334911,-34.6190061122025,1626,SIGA LA VACA,RESTAURANTE,TENEDOR LIBRE,MODERNO,4315 6801,,MOREAU DE JUSTO ALICIA,1714,"MOREAU DE JUSTO, ALICIA AV. 1714",Puerto Madero,1
-58.4142989135499,-34.5880255795676,438,SIGI,RESTAURANTE,INTERNACIONAL,CLASICO PORTENO,4824 4366,,SALGUERO JERONIMO,1905,"SALGUERO, JERONIMO 1905",Palermo,14
-58.387119516793,-34.5967536012101,1926,SIMPSON,CAFE,MINUTAS,CLASICO PORTENO,4813 4910,,URUGUAY,1026,URUGUAY 1026,Recoleta,2
-58.42303331598951,-34.5740619906375,441,SINCLAIR,RESTAURANTE,ESPANOLA,ART- DECO,4899 0283,,SINCLAIR,3096,SINCLAIR 3096,Palermo,14
-58.4338913832695,-34.5788816045184,439,SIRELIS,CAFE,SANDWICHERIA,MODERNO,4775 8022,,GUATEMALA,5800,GUATEMALA 5800,Palermo,14
-58.4319296896331,-34.5876434434732,440,SOCIAL PARAISO,CAFE,INTERNACIONAL,AMERICANO,4831 4556,martes a sabado de 12 a 16 y de 20 al cierre,HONDURAS,5182,HONDURAS 5182,Palermo,14
-58.40265378408421,-34.5921825144402,1927,SOCIETA DI CAFFE,CAFE,MINUTAS,MODERNO,4828 0656,lunes a domingo de 8 a 21.30,BERUTI,2600,BERUTI 2600,Recoleta,2
-58.36981743468679,-34.6005226056033,2492,SO. CO. GRILL & BAR,RESTAURANTE,AMERICANA,MODERNO,4315 8989,lunes a viernes de 11 a 19,TUCUMAN,133,TUCUMAN 133,San Nicolas,1
-58.3903150900863,-34.6121243413623,1470,SOKERESA,RESTAURANTE,CUBANA,CLASICO PORTENO,4381 2690,,SOLIS,242,SOLIS 242,Monserrat,1
-58.37679671719729,-34.6047005324928,2491,SOLERA,RESTAURANTE,PIZZERIA,MODERNO,4393 1595,lunes a viernes de 7 a 00,SARMIENTO,720,SARMIENTO 720,San Nicolas,1
-58.43668929880529,-34.5845547094939,442,SONOMAN,RESTAURANTE,GOURMET,MODERNO,4771 5435,,FITZ ROY,1655,FITZ ROY 1655,Palermo,14
-58.3905902869101,-34.606727009955,2493,SOPRANO,BAR,MINUTAS,MODERNO,4374 2281,lunes a viernes de 7.30 a 19.30,PERON JUAN DOMINGO TTE.,1700,"PERON, JUAN DOMINGO, TTE. GENERAL 1700",San Nicolas,1
-58.3760363051403,-34.6034487099795,2494,SORRENTO,BAR,MEDITERRANEA,CLASICO PORTENO,4325 3787,lunes a jueves de 12 a 21 - viernes y sabado de 19 a 1,CORRIENTES,668,CORRIENTES AV. 668,San Nicolas,1
-58.3820122810995,-34.5899300526703,2853,Sorrento Recova,RESTAURANTE,MEDITERRANEA,CLASICO PORTENO,4326-0532,lunes a lunes de 20 a 1,Posadas,1053,POSADAS 1053,Retiro,1
-58.4205927480858,-34.5751005802185,443,SOSTIENE PEREIRA,RESTAURANTE,MEDITERRANEA,ROMANTICO,4773 9392,,FRAY JUSTO SANTAMARIA DE ORO,2899,FRAY JUSTO SANTAMARIA DE ORO 2899,Palermo,14
-58.3727007330762,-34.5990403695972,2495,SOSTIENE PEREYRA,RESTAURANTE,TRADICIONAL,MODERNO,4311 5967,lunes a viernes de 8 a 00 - sabado y domingo de 19 a 00,RECONQUISTA,757,RECONQUISTA 757,San Nicolas,1
-58.43054741405989,-34.5724659696062,445,SOUL CAFE,RESTAURANTE,DE AUTOR,PSICODELICO,4778 3115,,BAEZ,246,BAEZ 246,Palermo,14
-58.3738763425597,-34.6418404513229,936,SPEED WEB,CAFE,SANDWICHERIA,MODERNO,5941 9699,,MONTES DE OCA MANUEL,1186,"MONTES DE OCA, MANUEL 1186",Barracas,4
-58.36673438978001,-34.6063161625921,1628,SPELL CAFE,RESTAURANTE,INTERNACIONAL,MODERNO,4334 0512,,MOREAU DE JUSTO ALICIA,740,"MOREAU DE JUSTO, ALICIA AV. 740",Puerto Madero,1
-58.391556640038,-34.61579429526211,1473,SPIGA,RESTAURANTE,ITALIANA,MODERNO,4383 9971,,ENTRE RIOS,602,ENTRE RIOS AV. 602,Monserrat,1
-58.43071678251471,-34.5890055623387,444,SPIRIT,RESTAURANTE,TAPAS,DISENO,4833 4360,lunes a domingo de 10 al cierre,SERRANO,1550,SERRANO 1550,Palermo,14
-58.4319756888509,-34.5888324574453,446,SPLENDID,RESTAURANTE,TRADICIONAL,CLASICO PORTENO,4833 4477,,GORRITI,5099,GORRITI 5099,Palermo,14
-58.3740944013784,-34.6001508672475,2497,SR. WILL,RESTAURANTE,,,4312 5605,,SAN MARTIN,678,SAN MARTIN 678,San Nicolas,1
-58.3847458062216,-34.5957024360581,2042,STA FE 1234,RESTAURANTE,INTERNACIONAL,MODERNO,4814 3676,,SANTA FE,1234,SANTA FE AV. 1234,Retiro,1
-58.4022748553968,-34.59404808710261,1929,STAR CAFE,CAFE,MINUTAS,CLASICO PORTENO,4826 2642,lunes a sabado de 6 a 22,PUEYRREDON AV,1430,PUEYRREDON AV. 1430,Recoleta,2
-58.3903900409146,-34.6091006085199,2499,START CAFE,RESTAURANTE,INTERNACIONAL,MODERNO,4381 2680,lunes a domingo de 8 a 00,RIVADAVIA AV,1699,RIVADAVIA AV. 1699,San Nicolas,1
-58.4222156760402,-34.5895452634935,448,STEFANO,RESTAURANTE,MINUTAS,MODERNO,4833 5833,lunes a domingo de 8 a 20,GASCON,1791,GASCON 1791,Palermo,14
-58.37624831772899,-34.5999218079417,2496,ST. GEORGE,CAFE,MINUTAS,CLASICO PORTENO,4322 1546,lunes a viernes de 6 a 20,VIAMONTE,662,VIAMONTE 662,San Nicolas,1
-58.3948173819822,-34.5970249741281,1930,ST. GEORGE & THE DRAGON,RESTAURANTE,INTERNACIONAL,CLASICO PORTENO,4813 9547,,RIOBAMBA,1020,RIOBAMBA 1020,Recoleta,2
-58.37965626620539,-34.6071512931362,2498,ST. MICHAEL,CAFE,INTERNACIONAL,CLASICO PORTENO,4394 5840,lunes a viernes de 8 a 20,MITRE BARTOLOME,901,"MITRE, BARTOLOME 901",San Nicolas,1
-58.43689625759639,-34.5852086483124,447,STONE BAR- PHILOSOPHY,RESTAURANTE,,,4773 6005,,GORRITI,5578,GORRITI 5578,Palermo,14
-58.3899699043374,-34.6156516697399,1474,SUA,RESTAURANTE,,MODERNO,4381 8995,,MEXICO,1670,MEXICO 1670,Monserrat,1
-58.3842527084363,-34.5891370804724,2043,SUBITO,RESTAURANTE,ITALIANA,MODERNO,4815 1725,,POSADAS,1245,POSADAS 1245,Retiro,1
-58.3842527084363,-34.5891370804724,1931,SUBITO PARRILLA,CAFE,PARRILLA,RUSTICA,4815 1725,,POSADAS,1245,POSADAS 1245,Retiro,1
-58.4321187870206,-34.5802939619966,449,SUDESTADA,RESTAURANTE,ORIENTAL,MODERNO,4776 3777,lunes a sabado de 12 a 15.30 - lunes a miercoles de 20.30 a 2,GUATEMALA,5602,GUATEMALA 5602,Palermo,14
-58.38097616056439,-34.602656652665,2501,SUEVE,RESTAURANTE,INTERNACIONAL,CLASICO PORTENO,4326 2603,,PELLEGRINI CARLOS,491,"PELLEGRINI, CARLOS 491",San Nicolas,1
-58.3797509794277,-34.5993853483028,2500,SUIPACHA 772,RESTAURANTE,VEGETARIANA,CLASICO PORTENO,4322 5792,lunes a viernes de 7.30 a 19,SUIPACHA,772,SUIPACHA 772,San Nicolas,1
-58.3797886858001,-34.6013202003953,2502,SUITU,RESTAURANTE,MINUTAS,CLASICO PORTENO,4326 0530,lunes a sabado de 7 a 22.30,TUCUMAN,902,TUCUMAN 902,San Nicolas,1
-58.3872770064266,-34.5911361576933,2044,SUKHOTHA,RESTAURANTE,CHINA,CHINA,4815 4948,,MONTEVIDEO,1671,MONTEVIDEO 1671,Retiro,1
-58.4291185273648,-34.58796652245569,450,SULIVAN'S,RESTAURANTE,INTERNACIONAL,IRLANDES,4832 6442,,BORGES JORGE LUIS,1702,"BORGES, JORGE LUIS 1702",Palermo,14
-58.4238840371152,-34.5772577765321,451,SUPER PIZZA,RESTAURANTE,INTERNACIONAL,MODERNO,4777 6461,,GODOY CRUZ,2851,GODOY CRUZ 2851,Palermo,14
-58.43081711724179,-34.572371174775,2840,SushiClub Las CaAitas,RESTAURANTE,SUSHI,VANGUARDISTA,4799-1402,domingo a miercoles de 12 a 1 - jueves de 12 a 1.30 - viernes y sabado de 12 a 2 - Delivery 12 a 00,Baez,268,BAEZ 268,Palermo,14
-58.361607175267,-34.61490564532861,2844,SushiClub Madero Este,RESTAURANTE,SUSHI,VANGUARDISTA,4314-5553,domingo a miercoles de 12 a 1 - jueves de 12 a 1.30 - viernes y sabado de 12 a 2 - Delivery 12 a 00,Petrona Eyle,471,"EYLE, PETRONA 471",Puerto Madero,1
-58.43752020613271,-34.5845307747483,2841,SushiClub Palermo Hollywood,RESTAURANTE,SUSHI,VANGUARDISTA,4777-6045,domingo a miercoles de 12 a 1 - jueves de 12 a 1.30 - viernes y sabado de 12 a 2,Gorriti,5641,GORRITI 5641,Palermo,14
-58.3672117016514,-34.6014438739013,2843,SushiClub Puerto Madero,RESTAURANTE,SUSHI,VANGUARDISTA,4312-6248,domingo a miercoles de 12 a 1 - jueves de 12 a 1.30 - viernes y sabado de 12 a 2 - Delivery 12 a 00,Alicia Moreau de Justo,286,"MOREAU DE JUSTO, ALICIA AV. 286",Puerto Madero,1
-58.3821311760991,-34.5902442008176,2845,SushiClub Recova de Posadas,RESTAURANTE,SUSHI,VANGUARDISTA,4394-4888,domingo a miercoles de 12 a 1 - jueves de 12 a 1.30 - viernes y sabado de 12 a 2 - Delivery 12 a 00,9 de julio,0,9 DE JULIO AV. y POSADAS,Retiro,1
-58.4229401093729,-34.5737883379649,2842,SushiClub Sinclair,RESTAURANTE,SUSHI,VANGUARDISTA,4774-4232,domingo a miercoles de 12 a 1 - jueves de 12 a 1.30 - viernes y sabado de 12 a 2 - Delivery de 12 a 00,Sinclair,3102,SINCLAIR 3102,Palermo,14
-58.3920061953164,-34.5995057334789,1932,SWEET CAFE,CAFE,TRADICIONAL,CLASICO PORTENO,4815 9963,,CORDOBA,1735,CORDOBA AV. 1735,Recoleta,2
-58.4044124930369,-34.5910267399691,1933,SWEETLY PAN Y CAFE,CAFE,MINUTAS,MODERNO,4826 2572,lunes a domingo de 7 a 1,BERUTI,2802,BERUTI 2802,Recoleta,2
-58.3746140414831,-34.6022044851779,2503,SWING,BAR,MINUTAS,CLASICO PORTENO,4322 5987,lunes a viernes de 7 a 21,LAVALLE,558,LAVALLE 558,San Nicolas,1
-58.3854613234184,-34.59864941328451,2045,TABARE,BAR,SANDWICHERIA,CLASICO PORTENO,4816 3681,,TALCAHUANO,857,TALCAHUANO 857,Retiro,1
-58.413659183927,-34.5906549515847,455,TABARE,RESTAURANTE,INTERNACIONAL,TANGO,4821 7598,,CHARCAS,3387,CHARCAS 3387,Palermo,14
-58.379788078965,-34.6164327865042,2624,TABERNA BASKA,RESTAURANTE,MEDITERRANEA,,4334 0903,martes a sabado de 12 al cierre,CHILE,980,CHILE 980,Monserrat,1
-58.4098625506874,-34.5800357266418,454,TA! CHIVITO,RESTAURANTE,URUGUAYA,CLASICO PORTENO,4807 6630,,SCALABRINI ORTIZ RAUL,3193,"SCALABRINI ORTIZ, RAUL 3193",Palermo,14
-58.3998080075253,-34.583558937752,456,TAGLE,RESTAURANTE,INTERNACIONAL,,4802 9570,lunes a viernes de 12 a 16,TAGLE,2621,TAGLE 2621,Recoleta,2
-58.3739117399251,-34.6015612137157,2504,TAKI'S,BAR,,,4394 6777,,SAN MARTIN,565,SAN MARTIN 565,San Nicolas,1
-58.3855430691424,-34.5973063127482,2046,TALCAHUANO 999,BAR,MINUTAS,MODERNO,4816 1973,,TALCAHUANO,999,TALCAHUANO 999,Retiro,1
-58.3999748265343,-34.5950144495941,1934,TAMARACO,RESTAURANTE,,,,,SANTA FE,2301,SANTA FE AV. 2301,Recoleta,2
-58.386260481675,-34.6133645448366,1475,TAMIRIS,RESTAURANTE,MINUTAS,CLASICO PORTENO,4383 4114,,BELGRANO,1401,BELGRANO AV. 1401,Monserrat,1
-58.3761411952559,-34.597509860347,2047,TANCAT,RESTAURANTE,INTERNACIONAL,MODERNO,4312 6106,lunes a sabado de 12 a 1,PARAGUAY,645,PARAGUAY 645,Retiro,1
-58.43642988139361,-34.5855587597783,457,TATANA,RESTAURANTE,,,4779 9267,,GORRITI,5516,GORRITI 5516,Palermo,14
-58.3725759527734,-34.6004623760367,2505,TATI,RESTAURANTE,TRADICIONAL,CLASICO PORTENO,4313 6538,,RECONQUISTA,627,RECONQUISTA 627,San Nicolas,1
-58.3945119945467,-34.5944835882173,1935,TEATRIZ,RESTAURANTE,INTERNACIONAL,,,,RIOBAMBA,1220,RIOBAMBA 1220,Recoleta,2
-58.3767201233479,-34.6008731548915,2506,TELE LUNCH,RESTAURANTE,MINUTAS,CLASICO PORTENO,4326 1567,lunes a sabado de 8 a 1.30,MAIPU,619,MAIPU 619,San Nicolas,1
-58.3727548902969,-34.6196339661316,2625,TELMO BAR,RESTAURANTE,TRADICIONAL,CLASICO PORTENO,4362 6436,lunes a domingo de 9 a 16,CALVO CARLOS,492,"CALVO, CARLOS 492",San Telmo,1
-58.4198622301169,-34.5881006865043,458,TE MATARE RAMIREZ,RESTAURANTE,MEDITERRANEA,ROMANTICO,4831 9156,lunes a domingo de 12 a 15 y de 21 a 1,PARAGUAY,4062,PARAGUAY 4062,Palermo,14
-58.371068243079,-34.6040466656593,2507,TEMPLAR,RESTAURANTE,TRADICIONAL,CLASICO PORTENO,4325 0020,lunes a viernes de 7.30 a 19.30,25 DE MAYO,314,25 DE MAYO 314,San Nicolas,1
-58.3923865754169,-34.5884321311666,1936,TENORIO,RESTAURANTE,INTERNACIONAL,MODERNO,4802 6214,,JUNIN,1789,JUNIN 1789,Recoleta,2
-58.37177996804171,-34.5881975337193,2048,TERMINAL DE OMNIBUS RETIRO CONFITER,RESTAURANTE,MINUTAS,MODERNO,4310 0700,,RAMOS MEJIA JOSE MARIA DR.,1690,"RAMOS MEJIA, JOSE MARIA, DR. AV. 1690",Retiro,1
-58.37177996804171,-34.5881975337193,2049,TERRAZA VISTA RETIRO,RESTAURANTE,,,,,RAMOS MEJIA JOSE MARIA DR.,1690,"RAMOS MEJIA, JOSE MARIA, DR. AV. 1690",Retiro,1
-58.3729082443642,-34.6185393130644,2627,TERRITORIO,RESTAURANTE,MINUTAS,CLASICO PORTENO,4307 0896,,ESTADOS UNIDOS,500,ESTADOS UNIDOS 500,San Telmo,1
-58.4366525089665,-34.58604283042001,460,TERTULIANO,RESTAURANTE,,,,,HUMBOLDT,1549,HUMBOLDT 1549,Palermo,14
-58.3880236821399,-34.6011446001285,2508,TESEO RESTAURANTE,RESTAURANTE,INTERNACIONAL,MODERNO,4371 9944,,PARANA,645,PARANA 645,San Nicolas,1
-58.3663540334235,-34.6097201099079,1630,T.G.I FRIDAY'S,RESTAURANTE,AMERICANA,AMERICANO,4342 5611,,MOREAU DE JUSTO ALICIA,1010,"MOREAU DE JUSTO, ALICIA AV. 1010",Puerto Madero,1
-58.410212348493,-34.5890936671522,452,T.G.I. FRIDAY'S,RESTAURANTE,AMERICANA,AMERICANO,1557778284,,DIAZ CNEL.,1900,"DIAZ, CNEL. AV. 1900",Palermo,14
-58.37811700516659,-34.6032069180924,2511,THEBLOW,CAFE,INTERNACIONAL,MODERNO,4322 8918,lunes a domingo de 7 a 00,ESMERALDA,428,ESMERALDA 428,San Nicolas,1
-58.3750100851719,-34.6022308127767,2510,THE COFFEE STORE,RESTAURANTE,TRADICIONAL,MODERNO,4328 6499,,LAVALLE,576,LAVALLE 576,San Nicolas,1
-58.3864985480278,-34.6005209323853,2509,THE COFFEE STORE,RESTAURANTE,TRADICIONAL,MODERNO,4371 1908,,VIAMONTE,1393,VIAMONTE 1393,San Nicolas,1
-58.3975663428534,-34.587480586015,1938,THE COFFEE STORE,RESTAURANTE,MINUTAS,MODERNO,4803 4963,,PUEYRREDON AV,2180,PUEYRREDON AV. 2180,Recoleta,2
-58.3655352145806,-34.6190185945287,1632,THE COFFE STORE,RESTAURANTE,MINUTAS,MODERNO,4315 1385,,MOREAU DE JUSTO ALICIA,1788,"MOREAU DE JUSTO, ALICIA AV. 1788",Puerto Madero,1
-58.3918018391197,-34.6345187590588,1588,THE FAMILY,RESTAURANTE,MINUTAS,MODERNO,,,CASEROS,2100,CASEROS AV. 2100,Parque Patricios,4
-58.38850465141561,-34.6342233733962,938,THE FOX,CAFE,MINUTAS,BRITANICA,4306 0055,,PERDRIEL,27,PERDRIEL 27,Barracas,4
-58.3617273960623,-34.6136030177529,2829,THE LIBRARY LOUNGE,RESTAURANTE,INTERNACIONAL,ELEGANTE,4010 9200,,Salotti,445,SALOTTI MARTHA 445,Puerto Madero,1
-58.36932205398911,-34.6018715257627,2512,TICARO,RESTAURANTE,MINUTAS,MODERNO,4375 0125,lunes a viernes de 8 a 21.30,LAVALLE,102,LAVALLE 102,San Nicolas,1
-58.39144958083821,-34.6067060121659,2513,TIEMPO CAFE,RESTAURANTE,MINUTAS,CLASICO PORTENO,4371 5293,lunes a viernes de 7.30 a 19.30,PERON JUAN DOMINGO TTE.,1755,"PERON, JUAN DOMINGO, TTE. GENERAL 1755",San Nicolas,1
-58.4351196554334,-34.5835332437252,463,TIEMPO DE GITANOS,RESTAURANTE,ESPANOLA,GITANA,4776 6143,,EL SALVADOR,5575,EL SALVADOR 5575,Palermo,14
-58.3879523460183,-34.6065754991595,2516,TIEMPO LIBRE,RESTAURANTE,MINUTAS,MODERNO,,,PERON JUAN DOMINGO TTE.,1502,"PERON, JUAN DOMINGO, TTE. GENERAL 1502",San Nicolas,1
-58.386338061221,-34.6078613768751,2515,TIEMPO LIBRE,RESTAURANTE,MINUTAS,MODERNO,4384 9300,,URUGUAY,96,URUGUAY 96,San Nicolas,1
-58.37821078547871,-34.5993763850229,2517,TIEMPO LIBRE,RESTAURANTE,MINUTAS,MODERNO,,,ESMERALDA,761,ESMERALDA 761,San Nicolas,1
-58.3852338663287,-34.60516613673619,2514,TIEMPO LIBRE,RESTAURANTE,MINUTAS,MODERNO,4371 2532,,SARMIENTO,1305,SARMIENTO 1305,San Nicolas,1
-58.4372971495233,-34.5834451401506,464,TIERRA COFFEE,RESTAURANTE,,,4776 6579,,HONDURAS,5700,HONDURAS 5700,Palermo,14
-58.36374547874311,-34.6080542022769,1633,TIERRA DE PARRILLEROS,RESTAURANTE,PARRILLA,CLASICO PORTENO,4312 3434,,"COSSETTINI, OLGA",901,"COSSETTINI, OLGA 901",Puerto Madero,1
-58.3750252402059,-34.6061256894968,2518,TILEI,RESTAURANTE,TRADICIONAL,MODERNO,4342 4405,,FLORIDA,171,FLORIDA 171,San Nicolas,1
-58.40060736694549,-34.5966135060309,1937,TILL,BAR,,,,,ALVEAR MARCELO T. De,2321,"ALVEAR, MARCELO T. De 2321",Recoleta,2
-58.3724459698369,-34.6008735030402,2519,TIMOTHI O' TODE,RESTAURANTE,MINUTAS,,4313 2828,,TUCUMAN,400,TUCUMAN 400,San Nicolas,1
-58.3703524574025,-34.6164088574635,2839,TAo Felipe,RESTAURANTE,PIZZERIA,CLASICO PORTENO,011 4300-9819,lunes a sabado de 8 a 2 - domingo de 20 a 2,Balcarce,739,BALCARCE 739,San Telmo,1
-58.413375682915,-34.593256615483,1939,TISSIANO,BAR,SANDWICHERIA,MODERNO,4964 5768,lunes a domingo de 7 a 1,PARAGUAY,3400,PARAGUAY 3400,Recoleta,2
-58.40399062196821,-34.5982097283232,1940,TOBAS,RESTAURANTE,MINUTAS,MODERNO,4962 7512,lunes a viernes de 7 a 1,CORDOBA,2601,CORDOBA AV. 2601,Recoleta,2
-58.366341435978,-34.6098341225159,1634,TOCORORO,RESTAURANTE,CUBANA,CUBANA,4342 6032,,MOREAU DE JUSTO ALICIA,1050,"MOREAU DE JUSTO, ALICIA AV. 1050",Puerto Madero,1
-58.3791165176341,-34.6012906551028,2520,TODO CASERO,BAR,PORTENA,CLASICO PORTENO,4328 9448,,TUCUMAN,864,TUCUMAN 864,San Nicolas,1
-58.3721180495489,-34.6205988604848,2626,TODO MUNDO,BAR,MINUTAS,CLASICO PORTENO,4362 2354,lunes a domingo de 9 a 4,DON ANSELMO AIETA,1095,DON ANSELMO AIETA 1095,San Telmo,1
-58.3866488791335,-34.600328402469,2522,TOKYO PLAZA,BAR,INTERNACIONAL,,4374 3112,,URUGUAY,715,URUGUAY AV. 715,San Nicolas,1
-58.40997063111651,-34.5892541574693,1942,TOLON,RESTAURANTE,MINUTAS,MODERNO,4822 9245,lunes a domingo las 00,SANTA FE,3200,SANTA FE AV. 3200,Recoleta,2
-58.4317263877129,-34.5703733962642,467,TONNO,RESTAURANTE,TRADICIONAL,MODERNO,4776 0360,,ARCE,401,ARCE 401,Palermo,14
-58.4353136276291,-34.5850005676968,465,TON & SON,RESTAURANTE,,,,,HONDURAS,5500,HONDURAS 5500,Palermo,14
-58.38714243624229,-34.5954803626663,2051,TOO,RESTAURANTE,INTERNACIONAL,MODERNO,4813 2884,,URUGUAY,1129,URUGUAY 1129,Retiro,1
-58.3843749829354,-34.5968732628495,2050,TORRE PONS,RESTAURANTE,INTERNACIONAL,ANTIGUO,4816 0317,,ALVEAR MARCELO T. De,1201,"ALVEAR, MARCELO T. De 1201",Retiro,1
-58.38146671166371,-34.6280606007035,1121,TREN MIXTO,RESTAURANTE,MINUTAS,CLASICO PORTENO,4305 6853,,LIMA,1713,LIMA 1713,Constitucion,1
-58.3864789264641,-34.6087750467314,2525,TRES SABORES,RESTAURANTE,TRADICIONAL,MODERNO,4384 1110,lunes a viernes de 8 a 18.30,RIVADAVIA AV,1411,RIVADAVIA AV. 1411,San Nicolas,1
-58.38956383377629,-34.6004147457914,2521,TRIBON,RESTAURANTE,MINUTAS,ANTIGUO,4812 3320,,MONTEVIDEO,723,MONTEVIDEO 723,San Nicolas,1
-58.38940108055279,-34.60326121349581,2523,TRIBUNA,RESTAURANTE,MINUTAS,,4375 3063,,MONTEVIDEO,483,MONTEVIDEO 483,San Nicolas,1
-58.4101743874847,-34.5980083643265,1944,TRIDENTE,RESTAURANTE,MINUTAS,CLASICO PORTENO,4961 4821,lunes a sabado de 7 a 2,CORDOBA,3099,CORDOBA AV. 3099,Recoleta,2
-58.4161993585988,-34.6532583189464,1495,TROPICAL,RESTAURANTE,PIZZERIA,MODERNO,4911 2131,,SAENZ AV,1100,SAENZ AV. 1100,Nueva Pompeya,4
-58.4078490423271,-34.5798053330658,468,TUCSON STEAK HOUSE & BAR,RESTAURANTE,REGIONAL,AMERICANO,4576 2060,,SALGUERO JERONIMO,2741,"SALGUERO, JERONIMO 2741",Palermo,14
-58.4256738652612,-34.5856533943792,469,TZOLKIN,RESTAURANTE,PORTENA,MODERNO,4779 1088,,BORGES JORGE LUIS,2088,"BORGES, JORGE LUIS 2088",Palermo,14
-58.3680721208158,-34.612316702131,1476,UCRANIA,BAR,MINUTAS,CLASICO PORTENO,4331 3681,lunes a sabado de 6 a 21 - domingo de 6 a 17,BELGRANO,102,BELGRANO AV. 102,Monserrat,1
-58.3808745782427,-34.6044816594942,2527,UGI'S,RESTAURANTE,PIZZERIA,,,,PELLEGRINI CARLOS,329,"PELLEGRINI, CARLOS 329",San Nicolas,1
-58.3849065135603,-34.6027943640464,2528,ULPIANO,BAR,MINUTAS,MODERNO,4384 8931,lunes a viernes de 7 a 19,LAVALLE,1284,LAVALLE 1284,San Nicolas,1
-58.4305312401833,-34.5898866540178,470,UMMO,RESTAURANTE,FUSION,,4833 5676,lunes a domingo de 12 al cierre,GORRITI,4918,GORRITI 4918,Palermo,14
-58.3804245390716,-34.6048737413082,2529,UN CAFE,BAR,MINUTAS,MODERNO,4394 0133,lunes a viernes de 6 a 19,SARMIENTO,951,SARMIENTO 951,San Nicolas,1
-58.3857819852043,-34.6154606908852,1477,UNDICI,BAR,MODERNO,,4381 8477,,MEXICO,1399,MEXICO 1399,Monserrat,1
-58.3771261568036,-34.6197527092724,2628,UNIVERSO,BAR,TRADICIONAL,CLASICO PORTENO,4307 7315,lunes a sabado de 6 a 22.30,CALVO CARLOS,796,"CALVO, CARLOS 796",San Telmo,1
-58.3721697794138,-34.5985528606036,2530,USHUAIA,CAFE,SANDWICHERIA,CLASICO PORTENO,4312 4811,lunes a domingo de 7 a 1,CORDOBA,350,CORDOBA AV. 350,San Nicolas,1
-58.3862687838763,-34.6015748146307,2531,USIA,CAFE,INTERNACIONAL,,4374 9073,,TUCUMAN,1375,TUCUMAN 1375,San Nicolas,1
-58.4304706341477,-34.5887358290556,471,UTOPIA,RESTAURANTE,MINUTAS,MUSICAL,4831 8572,,SERRANO,1590,SERRANO 1590,Palermo,14
-58.43230078026671,-34.5734328318035,472,VALDERRAMA,RESTAURANTE,PIZZERIA,,4899 1234,lunes a domingo mediodia y noche,AREVALO,2725,AREVALO 2725,Palermo,14
-58.4351139357669,-34.5777612441466,473,VALDES,RESTAURANTE,MINUTAS,MODERNO,4774 8111,,GUATEMALA,5905,GUATEMALA 5905,Palermo,14
-58.38956161847729,-34.6020429775823,2532,VALENTINA,RESTAURANTE,MINUTAS,,4375 0343,lunes a viernes de 8 a 20,MONTEVIDEO,582,MONTEVIDEO 582,San Nicolas,1
-58.3806139137716,-34.6093851805928,1478,VALENTINO,BAR,MINUTAS,CLASICO PORTENO,4334 4848,lunes a viernes de 7.30 a 23 - sabado de 7.30 a 00,BERNARDO DE IRIGOYEN,82,"IRIGOYEN, BERNARDO de 82",Monserrat,1
-58.3781003832077,-34.6023788622766,2534,VALERIO,RESTAURANTE,INTERNACIONAL,CLASICO PORTENO,,,LAVALLE,799,LAVALLE 799,San Nicolas,1
-58.36315067058271,-34.6340373367962,1265,VALLE DE PALOS,BAR,SANDWICHERIA,CLASICO PORTENO,1540634348,lunes a domingo de 6.30 a 13.30 y de 17 a 21,VALLE ARISTOBULO DEL,600,"VALLE, ARISTOBULO DEL 600",Boca,4
-58.4314453057846,-34.5718220838446,474,VAN KONING,RESTAURANTE,INTERNACIONAL,,4772 9909,lunes a domingo noche,BAEZ,325,BAEZ 325,Palermo,14
-58.3610271364028,-34.6390736858402,1264,VAPOR DE LA CARRERA,RESTAURANTE,INTERNACIONAL,MARINA,4303 8955,lunes a viernes de 10 a 20 - sabado y domingo de 10 a 00,DON PEDRO DE MENDOZA,1851,DON PEDRO DE MENDOZA AV. 1851,Boca,4
-58.42010576506851,-34.587641704926,475,VARELA VARELI,RESTAURANTE,MINUTAS,CLASICO PORTENO,,,SCALABRINI ORTIZ RAUL,2102,"SCALABRINI ORTIZ, RAUL AV. 2102",Palermo,14
-58.38556604830879,-34.6122552312881,1480,VASCO FERMIN,BAR,ESPANOLA,ESPANOL,4383 5021,,MORENO,1356,MORENO 1356,Monserrat,1
-58.4154850517967,-34.5890074866011,476,VELUET,RESTAURANTE,INTERNACIONAL,MODERNO,4823 7770,,SALGUERO JERONIMO,1807,"SALGUERO, JERONIMO 1807",Palermo,14
-58.432684033909,-34.5867637057686,477,VERA CRUZ,RESTAURANTE,MEXICANA,MEXICANO,4833 6958,,GODOY CRUZ,1819,GODOY CRUZ 1819,Palermo,14
-58.3782831575331,-34.5994457393653,2533,VERDI,RESTAURANTE,TRADICIONAL,MODERNO,4322 5869,lunes a viernes de 8 a 20,ESMERALDA,758,ESMERALDA 758,San Nicolas,1
-58.3794499749733,-34.6033250988629,2535,VERMONT,RESTAURANTE,INTERNACIONAL,CLASICO PORTENO,4328 8686,lunes a viernes de 8 a 00 - sabado de 11 a 00,SUIPACHA,425,SUIPACHA 425,San Nicolas,1
-58.3763974083768,-34.5975244145198,2052,VIA CANDOTTI,RESTAURANTE,INTERNACIONAL,CLASICO PORTENO,4313 7574,,PARAGUAY,665,PARAGUAY 665,Retiro,1
-58.372389014461,-34.5984032621758,2053,VIA CORDOBA,RESTAURANTE,TRADICIONAL,CLASICO PORTENO,4315 2545,lunes a domingo de 7 a 00,CORDOBA,357,CORDOBA AV. 357,Retiro,1
-58.4252110369967,-34.5789674629598,478,VIA PACIFICO,RESTAURANTE,PIZZERIA,CLASICO PORTENO,4771 0266,,SANTA FE,4600,SANTA FE AV. 4600,Palermo,14
-58.3710806789956,-34.6027550937921,2536,VIA SOL,RESTAURANTE,,,4311 2883,,25 DE MAYO,437,25 DE MAYO 437,San Nicolas,1
-58.3706990660683,-34.6159724468162,2629,VIA VIA BUENOS AIRES,RESTAURANTE,INTERNACIONAL,CLASICO PORTENO,4300 7259,lunes a domingo de 8 a 2,CHILE,324,CHILE AV. 324,San Telmo,1
-58.4004892276902,-34.5918261726465,1946,VICENZA,RESTAURANTE,,MODERNO,4821 7919,,JUNCAL,2354,JUNCAL 2354,Recoleta,2
-58.3780315002654,-34.6049589717321,2538,VICKINGO,RESTAURANTE,TRADICIONAL,MODERNO,4328 8615,lunes a viernes de 9 a 18,ESMERALDA,282,ESMERALDA 282,San Nicolas,1
-58.3738922141814,-34.5908244984304,2055,VICRIN,RESTAURANTE,MINUTAS,MODERNO,4516 0092,,RAMOS MEJIA JOSE MARIA DR.,1430,"RAMOS MEJIA, JOSE MARIA, DR. AV. 1430",Retiro,1
-58.3762499416349,-34.605777563167,2537,VICTORIA CITY,RESTAURANTE,MINUTAS,MODERNO,4326 7426,lunes a viernes de 7 a 21,PERON JUAN DOMINGO TTE.,691,"PERON, JUAN DOMINGO, TTE. GENERAL 691",San Nicolas,1
-58.3990828654405,-34.5859046947887,1945,VICTORIA LAS HERAS,RESTAURANTE,MINUTAS,CLASICO PORTENO,4807 4124,lunes a domingo de 7 a 1.30,LAS HERAS GRAL.,2500,LAS HERAS GENERAL AV. 2500,Recoleta,2
-58.3781746804196,-34.6059640880918,2539,VIEJA ESTACION,RESTAURANTE,PORTENA,MODERNO,4326 4398,lunes a viernes de 7 a 17,PERON JUAN DOMINGO TTE.,828,"PERON, JUAN DOMINGO, TTE. GENERAL 828",San Nicolas,1
-58.4305634770759,-34.5915402121631,479,VIEJO AGUMP,RESTAURANTE,ARMENIA,ANTIGUO,4773 5081,lunes a viernes de 8 al cierre sabado de 12 al cierre,ARMENIA,1382,ARMENIA 1382,Palermo,14
-58.4369948181342,-34.5819724392091,480,VIEJO AMIGO,RESTAURANTE,MINUTAS,,4778 1513,,EL SALVADOR,5763,EL SALVADOR 5763,Palermo,14
-58.427800573355,-34.5859106249698,482,VIEJO INDECENTE,RESTAURANTE,DE AUTOR,RUSTICA,4775 2666,lunes a domingo de 9 al cierre,THAMES,1907,THAMES 1907,Palermo,14
-58.3720031436435,-34.611684378913,1481,VIEJOS TIEMPOS,RESTAURANTE,INTERNACIONAL,CLASICO PORTENO,4345 0180,lunes a viernes de 7 a 16,DEFENSA,333,DEFENSA 333,Monserrat,1
-58.41271742493521,-34.5922617211295,1947,VIRAGO CAFE,RESTAURANTE,MINUTAS,CLASICO PORTENO,4822 4635,,DIAZ CNEL.,1601,"DIAZ, CNEL. AV. 1601",Recoleta,2
-58.4207186826354,-34.5889022530613,481,VIRASORO,RESTAURANTE,MINUTAS,DISENO,4831 8918,,GUATEMALA,4328,GUATEMALA 4328,Palermo,14
-58.3906477397428,-34.60548829658219,2542,WHAM,RESTAURANTE,TRADICIONAL,MODERNO,4382 4265,lunes a domingo de 7 a 00,SARMIENTO,1699,SARMIENTO 1699,San Nicolas,1
-58.37982133499829,-34.6012584726203,2540,WILL RANCH,RESTAURANTE,INTERNACIONAL,,4322 4017,,TUCUMAN,907,TUCUMAN 907,San Nicolas,1
-58.3926214267189,-34.588833930564,1948,WORLD SPORT CAFE,RESTAURANTE,INTERNACIONAL,FUTBOL,4807 3800,,JUNIN,1745,JUNIN 1745,Recoleta,2
-58.4281697842486,-34.5887715937627,483,XALAPA,RESTAURANTE,MEXICANA,MEXICANO,4833 6102,domingo a jueves de 20.30 a 00 - viernes y sabado de 20.30 al cierre,EL SALVADOR,4800,EL SALVADOR 4800,Palermo,14
-58.43005330685221,-34.5914713151165,484,XANA,RESTAURANTE,MINUTAS,CLASICO PORTENO,4832 4927,,CABRERA JOSE A.,4799,"CABRERA, JOSE A. 4799",Palermo,14
-58.36747212525621,-34.599966649833,1635,XCARET,RESTAURANTE,INTERNACIONAL,,4315 6260,lunes a domingo mediodia y noche,MOREAU DE JUSTO ALICIA,164,"MOREAU DE JUSTO, ALICIA AV. 164",Puerto Madero,1
-58.43261019468289,-34.570172426328,485,YOKO'S,RESTAURANTE,CHINA,CHINA,4776 0018,,ORTEGA Y GASSET,1813,ORTEGA Y GASSET 1813,Palermo,14
-58.433584703781,-34.5885213129258,486,ZADVARIE DOC,RESTAURANTE,PERUANA,MINIMALISTA,4831 2719,lunes a sabado 12 a 00 - domingo de 12 a 16.30,URIARTE,1423,URIARTE 1423,Palermo,14
-58.3805832655524,-34.6013006947295,2544,ZAKATE,BAR,MINUTAS,CLASICO PORTENO,4326 3853,lunes a viernes de 7 a 19,TUCUMAN,975,TUCUMAN 975,San Nicolas,1
-58.403119984973,-34.5964063524912,1949,ZAPI,RESTAURANTE,MINUTAS,MODERNO,4962 0814,lunes a domingo de 11 a 00,PUEYRREDON AV,1202,PUEYRREDON AV. 1202,Recoleta,2
-58.3829244090628,-34.626268638755,1092,ZAPI,RESTAURANTE,PIZZERIA,MODERNO,4300 5461,,SALTA,1531,SALTA 1531,Constitucion,1
-58.37350136080271,-34.64372236037639,940,ZAPI,RESTAURANTE,PIZZERIA,CLASICO PORTENO,4432 0678,,MONTES DE OCA MANUEL,1402,"MONTES DE OCA, MANUEL 1402",Barracas,4
-58.3739019920402,-34.6016883811501,2545,ZEPELLIN,BAR,MINUTAS,MODERNO,4393 7939,,SAN MARTIN,545,SAN MARTIN 545,San Nicolas,1
-58.3863719205677,-34.6071776114411,2546,ZOMBI,RESTAURANTE,MINUTAS,MODERNO,4371 6964,lunes a viernes de 8 a 00,URUGUAY,142,URUGUAY 142,San Nicolas,1
